# Blender v3.0.1 OBJ File: ''
# www.blender.org
mtllib general_ha4_mirror.mtl
o Ha4.002
v 0.283070 -26.061663 6.066725
v 0.000000 -25.979292 6.228037
v 0.255983 -26.093826 6.011842
v 6.287028 -14.583200 -1.570121
v 6.420152 -14.547281 -1.227257
v 6.455482 -15.978434 -0.870113
v 6.575066 -15.931831 -0.511650
v 0.305024 -26.028671 6.123255
v 0.335405 -25.970341 6.225805
v 0.331475 -25.982908 6.203984
v 3.175654 -25.245621 5.804244
v 2.583056 -25.525505 5.920347
v 2.545547 -25.628448 5.728835
v 4.254861 -24.603500 5.379802
v 4.261126 -24.520840 5.537374
v 4.003393 -24.721443 5.607931
v 6.181545 -22.425871 3.272592
v 6.121209 -22.524511 2.949027
v 6.256191 -22.208727 2.803018
v 5.169958 -23.881334 4.596746
v 5.189862 -23.785332 4.826407
v 4.967828 -24.029442 4.924422
v 5.970417 -22.828979 3.095187
v 4.708774 -23.949051 5.636154
v 4.727558 -23.993557 5.556731
v 5.155931 -23.505302 5.418179
v 5.130016 -23.458967 5.505832
v 5.055275 -23.462400 5.600498
v 4.648963 -23.938457 5.719193
v 5.891330 -22.159246 5.275584
v 5.793027 -22.342258 5.321215
v 5.842783 -22.388004 5.222685
v 6.679334 -20.927994 3.432238
v 6.686209 -20.844879 3.756796
v 6.610826 -21.177883 3.870178
v 6.650145 -19.954504 4.584228
v 6.593179 -19.923109 4.718051
v 6.500296 -20.440254 4.846990
v 6.639041 -19.648111 4.649486
v 0.000000 -26.208401 0.515289
v 0.000000 -25.934158 -0.170713
v 0.321881 -25.962723 -0.090096
v 0.272342 -26.375265 1.075557
v 0.289501 -26.258108 0.680493
v 0.576161 -26.250120 0.709329
v 0.165579 -26.147728 5.914241
v 0.130830 -26.157246 5.896247
v 0.194644 -26.136284 5.935797
v 0.847421 -26.603664 3.239202
v 0.998014 -26.583260 3.302287
v 0.760152 -26.569599 4.064158
v 0.337062 -25.785482 -0.463426
v 0.351545 -25.589205 -0.827313
v 0.700845 -25.579950 -0.791277
v 0.238976 -26.109032 5.985277
v 0.218737 -26.123297 5.959721
v 0.810590 -26.501335 4.538223
v 0.966840 -26.529135 4.180301
v 1.142410 -26.480055 4.319179
v 7.074036 -16.367384 3.589674
v 7.055453 -16.415096 3.718812
v 7.038807 -16.716766 3.750191
v 2.840079 -9.219507 -5.421132
v 3.189445 -9.281222 -5.314238
v 3.160087 -10.372495 -5.208872
v 4.612857 -9.669592 -4.641563
v 4.822494 -9.759942 -4.485071
v 4.775359 -10.323845 -4.434135
v 6.532687 -11.425764 -1.599782
v 6.628828 -11.643258 -1.223073
v 6.516046 -11.647520 -1.582479
v 6.612687 -13.051177 -0.871901
v 7.127079 -15.559981 3.005479
v 7.125066 -15.610992 3.012172
v 7.127429 -15.465991 2.887115
v 7.119708 -15.749749 3.044289
v 7.114511 -15.883350 3.096177
v 7.103052 -16.134390 3.064897
v 7.112732 -15.927033 3.118181
v 7.162403 -14.595177 2.959392
v 7.157516 -14.766644 2.989734
v 7.143460 -14.794020 2.709599
v 7.151490 -14.941840 3.000000
v 7.131322 -15.455444 3.000000
v 7.166729 -14.133964 2.763857
v 7.167328 -14.285336 2.848703
v 7.165546 -14.446857 2.915977
v 7.141522 -13.707475 2.352257
v 7.147978 -13.762509 2.426919
v 7.149035 -14.118570 2.532151
v 7.157526 -13.877300 2.556766
v 7.163801 -14.007101 2.673142
v 6.714100 -11.867777 -0.834195
v 6.790019 -12.099430 -0.432959
v 6.799899 -12.984022 -0.126458
v 6.857769 -12.338270 -0.019275
v 6.389978 -11.669645 -1.925210
v 6.250276 -11.690480 -2.255782
v 6.423919 -11.215151 -1.964576
v 6.301016 -11.011378 -2.317520
v 6.164727 -10.817327 -2.653628
v 6.096269 -11.710268 -2.573534
v 6.036263 -10.658133 -2.929359
v 4.190969 -10.344430 -4.787057
v 4.183312 -9.520837 -4.899214
v 4.413110 -9.594808 -4.771092
v 3.862281 -9.432465 -5.052278
v 3.869535 -10.354163 -4.937763
v 4.254796 -11.843457 -4.554307
v 1.426664 -9.066963 -5.685345
v 1.864269 -9.099459 -5.629062
v 1.921497 -10.390781 -5.502064
v 7.099016 -16.183807 3.314809
v 7.090590 -16.273495 3.424855
v 7.057250 -16.744036 3.583119
v 7.078989 -16.346746 3.546592
v 7.107293 -16.047518 3.194115
v 7.100971 -16.156563 3.286955
v 7.070630 -16.799093 3.242843
v 5.207879 -9.963903 -4.131799
v 5.384205 -10.077106 -3.935726
v 5.285804 -10.301260 -3.998491
v 5.514142 -10.289423 -3.752452
v 5.540682 -11.764896 -3.442315
v 4.492572 -10.334433 -4.621503
v 4.827391 -11.814121 -4.166456
v 4.551218 -11.829214 -4.370708
v 4.864019 -13.307684 -3.902846
v 4.638147 -14.832930 -3.876399
v 3.529025 -9.351989 -5.191668
v 3.526425 -10.363679 -5.079286
v 3.936383 -11.857182 -4.723034
v 4.343422 -14.858837 -4.094367
v 1.034569 -16.546888 -5.054057
v 0.525781 -14.993456 -5.225670
v 1.038682 -14.990604 -5.193478
v 0.515616 -11.916109 -5.494420
v 1.017051 -11.915278 -5.468253
v 3.593685 -11.870420 -4.881323
v 4.024107 -14.883520 -4.297211
v 4.363402 -16.376751 -3.862226
v 2.680943 -9.194868 -5.463809
v 2.770043 -10.380180 -5.323997
v 3.225264 -11.882627 -5.026170
v 3.677439 -14.906944 -4.487178
v 4.040668 -16.408401 -4.081903
v 4.345380 -17.901644 -3.627692
v 5.638904 -16.193251 -2.522818
v 5.828948 -17.619749 -1.887416
v 5.631262 -17.670845 -2.209906
v 5.811203 -18.352877 -1.723582
v 5.612489 -18.409723 -2.052680
v 5.782811 -19.084913 -1.553624
v 5.583123 -19.147863 -1.889012
v 5.741580 -19.809858 -1.341964
v 5.541193 -19.878946 -1.680936
v 5.685763 -20.523373 -1.083478
v 5.485044 -20.598238 -1.422931
v 5.115396 -13.285966 -3.664013
v 5.394423 -14.746893 -3.115862
v 5.162751 -14.776761 -3.385643
v 5.424634 -16.232834 -2.820315
v 5.190836 -16.271210 -3.104594
v 5.414948 -17.720583 -2.521347
v 5.179015 -17.768827 -2.820573
v 5.395137 -18.465092 -2.371244
v 5.158211 -18.518814 -2.678051
v 5.364836 -19.209219 -2.214364
v 5.127076 -19.268770 -2.528396
v 5.322307 -19.946331 -2.010413
v 5.084112 -20.011759 -2.329059
v 5.265996 -20.671305 -1.753481
v 5.027880 -20.742277 -2.073748
v 4.910958 -14.805505 -3.639657
v 4.936611 -16.308155 -3.374095
v 4.661090 -16.343416 -3.627184
v 4.922641 -17.815294 -3.105891
v 4.645029 -17.859669 -3.375522
v 4.900939 -18.570570 -2.971334
v 4.622576 -18.620012 -3.249244
v 4.869133 -19.326155 -2.829270
v 4.590322 -19.380995 -3.115067
v 4.825965 -20.074833 -2.634979
v 4.547245 -20.135130 -2.926196
v 4.770117 -20.810722 -2.381800
v 4.492153 -20.876181 -2.675619
v 2.281108 -9.141945 -5.555473
v 2.356879 -10.386368 -5.422367
v 2.830810 -11.893324 -5.154824
v 3.302383 -14.928448 -4.660876
v 3.690109 -16.438286 -4.287500
v 4.020728 -17.941404 -3.864180
v 4.322377 -18.666796 -3.509933
v 2.411128 -11.902087 -5.264784
v 2.899086 -14.947434 -4.815191
v 3.310981 -16.465685 -4.475472
v 3.668356 -17.978802 -4.085394
v 3.997372 -18.711069 -3.754752
v 4.289957 -19.432903 -3.383863
v 1.512541 -18.105991 -4.845491
v 1.532015 -16.538929 -4.992058
v 1.535608 -14.984892 -5.136867
v 1.501812 -11.912936 -5.421803
v 0.522766 -16.551117 -5.089531
v 1.019596 -18.116625 -4.913137
v 0.514206 -18.122505 -4.952109
v 1.008244 -18.906803 -4.842119
v 0.507962 -18.913622 -4.882902
v 0.994482 -19.699640 -4.760752
v 0.500508 -19.707468 -4.803315
v 0.496373 -20.102610 -4.738525
v 0.000000 -20.256813 -4.722444
v 0.000000 -20.973692 -4.538316
v 0.491961 -20.495012 -4.654132
v 0.986771 -20.094261 -4.695214
v 1.478129 -19.685869 -4.687391
v 1.497124 -18.894657 -4.771579
v 1.967364 -11.908601 -5.353952
v 2.468868 -14.963377 -4.947277
v 2.013407 -14.975859 -5.054731
v 2.469958 -16.510479 -4.785748
v 2.011650 -16.526819 -4.902518
v 2.446264 -18.069372 -4.622011
v 1.989349 -18.090246 -4.748298
v 2.425475 -18.853458 -4.539424
v 1.970818 -18.876871 -4.670502
v 2.398941 -19.639763 -4.446868
v 1.947590 -19.665894 -4.582555
v 1.934287 -20.058556 -4.514304
v 1.467371 -20.079657 -4.620682
v 1.455743 -20.470711 -4.534678
v 0.978489 -20.486145 -4.610189
v 0.969619 -20.874367 -4.505569
v 0.487261 -20.883741 -4.550030
v 0.482261 -21.267742 -4.426170
v 2.903726 -16.489943 -4.642553
v 2.879830 -18.043467 -4.467572
v 2.857543 -18.824554 -4.379364
v 2.828552 -19.607656 -4.281428
v 2.383569 -20.031036 -4.376740
v 1.919814 -20.448490 -4.427023
v 1.443215 -20.858122 -4.429273
v 0.960130 -21.257875 -4.381311
v 0.476944 -21.645937 -4.282606
v 0.000000 -15.021031 -5.233530
v 0.000000 -16.555531 -5.100548
v 0.000000 -17.844688 -4.988813
v 0.000000 -18.880020 -4.899095
v 0.000000 -19.660332 -4.823716
v 0.000000 -13.249681 -5.387049
v 0.000000 -11.249503 -5.560398
v 5.032537 -23.768524 1.108926
v 4.869321 -23.852404 0.811035
v 5.010932 -23.561079 0.588998
v 4.691423 -23.933708 0.517617
v 4.628759 -23.722256 -0.008879
v 4.388700 -24.636580 1.508671
v 4.055807 -24.790123 0.986293
v 4.390871 -24.469730 0.996892
v 3.341433 -22.844196 -2.558347
v 3.729664 -22.433634 -2.527974
v 3.677494 -22.784176 -2.316949
v 4.045374 -22.368498 -2.267867
v 3.989546 -22.719860 -2.058810
v 4.338791 -22.299465 -1.992372
v 4.279689 -22.651583 -1.785528
v 4.612582 -22.226597 -1.701816
v 4.550552 -22.579393 -1.497551
v 4.867171 -22.150398 -1.398247
v 4.802547 -22.503769 -1.196920
v 5.102987 -22.071377 -1.083710
v 5.036082 -22.425188 -0.885677
v 5.320478 -21.990019 -0.760167
v 5.251592 -22.344109 -0.565779
v 5.520243 -21.906670 -0.429037
v 5.449658 -22.260860 -0.238648
v 2.930595 -23.237043 -2.549807
v 3.284601 -23.183073 -2.331213
v 3.615403 -23.123926 -2.092448
v 3.922647 -23.060450 -1.837147
v 4.208393 -22.992964 -1.566985
v 4.475233 -22.921494 -1.282518
v 4.723571 -22.846498 -0.985774
v 4.953809 -22.768425 -0.678779
v 5.166371 -22.687712 -0.363481
v 5.361825 -22.604658 -0.041294
v 3.027499 -25.731831 1.661022
v 2.662023 -25.843271 1.282607
v 3.010293 -25.618526 1.154339
v 1.702989 -26.400522 3.849955
v 1.505146 -26.471146 3.643278
v 1.271590 -26.532660 3.457611
v 1.139658 -26.559490 3.375493
v 2.503931 -23.610256 -2.498055
v 2.872559 -23.563047 -2.305791
v 3.219772 -23.509905 -2.090323
v 3.544266 -23.451591 -1.854998
v 3.845677 -23.388929 -1.603392
v 4.126027 -23.322216 -1.337247
v 4.387876 -23.251463 -1.057209
v 4.631623 -23.177105 -0.765285
v 4.857666 -23.099567 -0.463480
v 5.066427 -23.019266 -0.153721
v 5.258470 -22.936480 0.162591
v 2.068610 -23.962414 -2.399647
v 2.447746 -23.922529 -2.236622
v 2.808138 -23.876074 -2.047769
v 3.147597 -23.823730 -1.836148
v 3.464840 -23.766235 -1.605044
v 3.759501 -23.704378 -1.357965
v 4.033565 -23.638437 -1.096704
v 4.289557 -23.568417 -0.821987
v 4.527881 -23.494724 -0.535789
v 4.748936 -23.417774 -0.240086
v 4.953145 -23.337955 0.063225
v 5.141067 -23.255531 0.372762
v 4.413394 -23.798544 -0.297600
v 4.181229 -23.871510 -0.577198
v 3.931858 -23.940762 -0.845736
v 3.664874 -24.005907 -1.101275
v 3.377786 -24.066950 -1.343022
v 3.068643 -24.123629 -1.569150
v 2.737807 -24.175177 -1.776227
v 2.386533 -24.220892 -1.961042
v 2.016954 -24.260113 -2.120601
v 1.631484 -24.292274 -2.252264
v 1.199744 -24.599085 -2.055858
v 1.586716 -24.574636 -1.955895
v 1.961443 -24.543018 -1.827510
v 2.320657 -24.504452 -1.671942
v 2.662017 -24.459475 -1.491764
v 2.983449 -24.408720 -1.289896
v 3.283734 -24.352873 -1.069467
v 3.562520 -24.292671 -0.833817
v 3.821723 -24.228363 -0.584801
v 4.063798 -24.159939 -0.323265
v 4.289161 -24.087774 -0.051102
v 4.498225 -24.012245 0.229797
v 3.287818 -18.013062 -4.287658
v 3.644909 -18.752649 -3.983707
v 3.264683 -18.790726 -4.193063
v 3.613157 -19.528027 -3.872925
v 3.233986 -19.570175 -4.089034
v 3.215769 -19.957951 -4.014289
v 2.811556 -19.997295 -4.209128
v 2.792809 -20.384226 -4.118549
v 2.366731 -20.419590 -4.287923
v 2.348370 -20.804571 -4.180320
v 1.904128 -20.834814 -4.320611
v 1.887168 -21.216494 -4.195034
v 1.429742 -21.240847 -4.304426
v 1.415284 -21.617844 -4.160192
v 0.949995 -21.635607 -4.237467
v 0.939175 -22.006592 -4.074318
v 0.471294 -22.017340 -4.119621
v 0.465305 -22.380945 -3.937558
v 3.945450 -19.865417 -3.556228
v 3.923317 -20.246193 -3.459161
v 3.572727 -20.296751 -3.700764
v 3.549013 -20.676365 -3.588693
v 3.173190 -20.724642 -3.811295
v 3.148641 -21.101789 -3.682942
v 2.749760 -21.146498 -3.882249
v 2.725293 -21.519880 -3.736555
v 2.306790 -21.559755 -3.908713
v 2.283396 -21.928125 -3.745028
v 1.849182 -21.961952 -3.886807
v 1.828096 -22.323652 -3.704789
v 1.383235 -22.350725 -3.814737
v 1.365243 -22.705278 -3.614166
v 0.915255 -22.724586 -3.691453
v 3.965093 -19.481989 -3.636608
v 3.594075 -19.913725 -3.795481
v 3.195531 -20.343031 -3.921738
v 2.772239 -20.767630 -4.009597
v 2.328412 -21.184958 -4.053899
v 1.868881 -21.592501 -4.050342
v 1.399779 -21.988169 -3.996844
v 0.927667 -22.369791 -3.892210
v 0.458898 -22.735893 -3.736735
v 0.901073 -23.070217 -3.472496
v 0.443542 -23.415859 -3.280745
v 0.451676 -23.081272 -3.517587
v 0.000000 -23.582525 -3.170182
v 0.000000 -22.979147 -3.602031
v 0.000000 -22.339832 -3.975967
v 0.000000 -22.020824 -4.134355
v 0.000000 -21.671164 -4.288292
v 3.871111 -20.996765 -3.214741
v 3.840796 -21.364792 -3.067433
v 3.494036 -21.421579 -3.312510
v 3.462482 -21.785673 -3.148690
v 3.092492 -21.839243 -3.372907
v 3.060832 -22.197313 -3.191862
v 2.670058 -22.246437 -3.391284
v 2.638119 -22.599842 -3.192311
v 2.230495 -22.642645 -3.363513
v 2.197450 -22.989891 -3.146474
v 1.777835 -23.024479 -3.286633
v 1.746628 -23.360250 -3.051879
v 1.320612 -23.386549 -3.159812
v 1.294071 -23.709932 -2.907369
v 0.867131 -23.728065 -2.982604
v 0.847622 -24.038260 -2.712813
v 0.424771 -24.048641 -2.756273
v 0.414232 -24.344816 -2.469800
v 4.358382 -24.287439 0.475547
v 4.156148 -24.362059 0.203254
v 3.938145 -24.433294 -0.060696
v 3.703950 -24.500786 -0.314464
v 3.453141 -24.564171 -0.556210
v 3.183299 -24.623461 -0.785045
v 2.892542 -24.678417 -0.999104
v 2.581212 -24.728331 -1.195143
v 2.250484 -24.772537 -1.370123
v 1.902364 -24.810432 -1.521211
v 1.539117 -24.841488 -1.645907
v 1.163903 -24.865499 -1.743005
v 0.780105 -24.882357 -1.811660
v 0.391046 -24.892189 -1.852019
v 0.402976 -24.626259 -2.168074
v 0.804018 -24.616247 -2.126533
v 0.826554 -24.334625 -2.427221
v 1.233485 -24.317156 -2.354765
v 1.264977 -24.020468 -2.638832
v 1.673203 -23.995138 -2.534146
v 1.711660 -23.684135 -2.800867
v 2.116123 -23.650826 -2.663996
v 2.159189 -23.326323 -2.913116
v 2.554701 -23.285038 -2.744830
v 2.599603 -22.947851 -2.976433
v 2.981695 -22.899031 -2.779323
v 3.025228 -22.550198 -2.993793
v 3.389513 -22.494507 -2.771189
v 3.428293 -22.142221 -2.968194
v 3.807419 -21.727144 -2.903646
v 0.378476 -25.141829 -1.522580
v 0.754900 -25.132151 -1.483542
v 1.126116 -25.115574 -1.417135
v 1.488917 -25.091967 -1.323218
v 1.840041 -25.061440 -1.202607
v 2.176440 -25.024191 -1.056470
v 2.495930 -24.980726 -0.887224
v 2.796581 -24.931637 -0.697611
v 3.077259 -24.877563 -0.490570
v 3.337642 -24.819193 -0.269239
v 3.579573 -24.756758 -0.035481
v 3.805427 -24.690245 0.209784
v 4.015636 -24.620007 0.464776
v 4.210634 -24.546391 0.727714
v 3.898582 -20.623625 -3.345333
v 4.247330 -20.192232 -3.200732
v 4.193431 -20.938192 -2.953187
v 0.365319 -25.374420 -1.180695
v 0.728512 -25.364923 -1.143096
v 3.522816 -21.051600 -3.459259
v 3.121796 -21.473560 -3.536728
v 2.698702 -21.886992 -3.572776
v 2.258273 -22.288786 -3.563210
v 1.804974 -22.677895 -3.504564
v 1.344407 -23.051317 -3.395601
v 0.884988 -23.405048 -3.236022
v 0.434555 -23.738653 -3.026781
v 0.000000 -24.144800 -2.683763
v 0.000000 -24.657965 -2.149315
v 0.000000 -24.748009 -2.044655
v 0.000000 -25.200596 -1.456806
v 0.965226 -9.044436 -5.724362
v 0.468895 -9.031525 -5.746727
v 0.000000 -9.027941 -5.752933
v 0.637892 -26.536657 4.441897
v 0.513680 -26.482653 4.816127
v 0.688758 -26.620440 3.187293
v 0.525515 -26.599419 3.978277
v 0.441393 -26.562738 4.370724
v 0.355778 -26.504814 4.759704
v 0.268803 -26.422163 5.143527
v 2.809580 -25.674549 0.958734
v 2.457695 -25.893574 1.107410
v 2.593035 -25.726835 0.773376
v 2.236629 -25.940083 0.943545
v 2.358969 -25.775187 0.600002
v 1.999004 -25.982237 0.793508
v 2.107595 -25.819023 0.441248
v 1.745651 -26.019520 0.659632
v 1.839809 -25.857796 0.299581
v 1.478036 -26.051453 0.544093
v 1.557179 -25.891008 0.177301
v 1.197834 -26.077623 0.448805
v 1.261488 -25.918222 0.076431
v 0.907412 -26.097872 0.374671
v 0.955252 -25.939276 -0.002066
v 0.609309 -26.112106 0.322312
v 0.641167 -25.954073 -0.057526
v 0.254563 -26.471514 1.475650
v 0.506173 -26.464264 1.500525
v 0.469410 -26.540005 1.902407
v 0.752846 -26.451895 1.542971
v 0.697861 -26.528349 1.941396
v 0.992563 -26.434326 1.603150
v 0.919680 -26.511808 1.996703
v 1.223269 -26.411648 1.680580
v 1.132977 -26.490465 2.067894
v 1.443052 -26.384001 1.774544
v 1.335993 -26.464457 2.154315
v 1.650576 -26.351740 1.883480
v 1.527508 -26.434120 2.254526
v 1.844678 -26.315273 2.005608
v 1.706458 -26.399836 2.366888
v 2.024725 -26.275043 2.139018
v 2.024893 -26.321123 2.620884
v 0.306020 -26.120430 0.291577
v 2.495441 -26.109806 3.785577
v 2.095215 -26.276455 3.784681
v 2.314525 -26.212309 3.496552
v 1.904513 -26.363182 3.535179
v 2.102436 -26.306549 3.219518
v 1.681902 -26.440851 3.302728
v 1.855240 -26.390871 2.961581
v 1.419719 -26.508446 3.093990
v 1.564744 -26.464197 2.730045
v 1.271880 -26.537910 3.001662
v 1.401223 -26.496147 2.627626
v 1.113333 -26.564003 2.919341
v 1.226043 -26.524429 2.536295
v 0.944938 -26.586391 2.848382
v 1.040164 -26.548683 2.457551
v 0.767689 -26.604784 2.789970
v 0.844695 -26.568602 2.392706
v 0.583029 -26.619057 2.744632
v 0.641236 -26.584044 2.342351
v 0.392515 -26.629128 2.712711
v 0.431511 -26.594934 2.306875
v 0.000000 -26.635918 2.669631
v 0.000000 -26.559624 1.940176
v 0.269405 -26.617315 3.927167
v 0.352468 -26.642666 3.118690
v 0.523312 -26.633465 3.147023
v 0.092885 -26.318220 5.503205
v 0.138190 -26.433031 5.118839
v 0.182729 -26.518208 4.726237
v 0.226488 -26.578444 4.328431
v 0.000000 -26.650000 3.147047
v 0.000000 -26.623127 3.910886
v 0.000000 -26.617090 3.987980
v 0.000000 -26.536613 4.636127
v 0.000000 -26.170162 5.872829
v 0.000000 -26.254770 5.675987
v 0.000000 -26.320847 5.498151
v 0.000000 -26.414717 5.193966
v 6.581307 -20.622393 4.619144
v 6.462115 -20.903292 4.833117
v 6.506508 -20.940428 4.706292
v 6.368929 -21.212824 4.914178
v 6.412607 -21.252653 4.791955
v 6.363693 -21.006384 4.988142
v 6.310867 -21.174250 5.029996
v 6.133770 -21.813471 5.071666
v 6.159592 -21.582201 5.131711
v 6.079071 -21.770439 5.178643
v 6.777628 -20.281416 3.195267
v 6.749920 -20.368345 2.828341
v 6.825054 -19.715967 2.590898
v 6.174673 -21.857512 4.958402
v 6.301439 -21.558441 4.876007
v 5.550579 -22.751274 5.423194
v 5.505386 -22.935917 5.367251
v 5.454027 -22.900862 5.460491
v 5.537086 -22.983160 5.271186
v 5.879516 -22.434572 5.118114
v 5.927048 -22.528439 4.897909
v 6.228972 -21.946760 4.720512
v 6.257476 -22.037083 4.469522
v 6.358308 -21.644173 4.629208
v 6.388825 -21.731350 4.369342
v 6.471357 -21.334110 4.536181
v 6.503356 -21.417446 4.267488
v 6.566353 -21.016893 4.441468
v 6.599228 -21.095734 4.163989
v 6.641335 -20.693335 4.345216
v 6.674376 -20.767183 4.059015
v 6.777310 -20.126688 3.851550
v 6.786379 -20.201370 3.534319
v 6.866357 -19.555315 3.319927
v 5.185956 -23.598318 5.233226
v 5.576472 -23.078121 5.068583
v 5.593469 -23.173307 4.853745
v 5.950295 -22.622824 4.664851
v 5.954312 -22.718607 4.415623
v 6.265532 -22.129393 4.201965
v 6.255488 -22.225187 3.912070
v 6.398468 -21.820898 4.092874
v 6.361608 -22.013073 3.467098
v 6.514197 -21.503593 3.982269
v 6.478957 -21.690376 3.338647
v 6.576774 -21.358227 3.209397
v 6.652820 -21.017971 3.079588
v 5.195819 -23.691408 5.036961
v 5.592797 -23.269543 4.623518
v 5.941309 -22.817221 4.144751
v 6.226680 -22.325846 3.594712
v 5.345941 -23.729889 4.220930
v 5.498138 -23.571463 3.816512
v 5.544098 -23.470434 4.096939
v 5.865066 -23.021692 3.545291
v 5.135653 -23.980564 4.343832
v 5.576508 -23.368174 4.372743
v 5.910714 -22.919977 3.847429
v 5.805436 -23.121662 3.241484
v 4.673312 -24.447464 4.584735
v 4.909884 -24.220472 4.464401
v 4.127094 -21.664579 -2.641545
v 4.423771 -21.598312 -2.363670
v 4.700213 -21.528385 -2.070086
v 4.956906 -21.455288 -1.762834
v 5.194340 -21.379511 -1.443955
v 5.413027 -21.301519 -1.115403
v 5.613635 -21.221647 -0.778583
v 5.796892 -21.140167 -0.434683
v 5.702942 -21.821630 -0.091523
v 5.869233 -21.735197 0.251170
v 5.796014 -22.088940 0.432484
v 4.848958 -24.223524 1.830242
v 4.669728 -24.472496 2.045879
v 4.709410 -24.308115 1.549207
v 4.556922 -24.390245 1.271074
v 0.671698 -25.776518 -0.429086
v 1.045002 -25.564110 -0.729959
v 1.001152 -25.761177 -0.370635
v 1.381066 -25.541569 -0.643221
v 1.322624 -25.739349 -0.287931
v 1.706040 -25.512424 -0.531813
v 1.633264 -25.711130 -0.181681
v 2.017123 -25.476870 -0.396807
v 1.930413 -25.676697 -0.052903
v 2.312313 -25.435371 -0.240439
v 2.212177 -25.636503 0.096271
v 2.589846 -25.388481 -0.065244
v 2.476887 -25.591074 0.263421
v 2.848692 -25.336792 0.126061
v 2.723581 -25.540976 0.445953
v 3.088575 -25.280945 0.330572
v 2.952014 -25.486826 0.641094
v 3.311257 -25.221155 0.546468
v 3.163914 -25.428825 0.847062
v 3.519018 -25.157419 0.772794
v 3.361514 -25.366972 1.062902
v 3.891590 -25.019398 1.250164
v 3.715693 -25.232939 1.517941
v 4.210104 -24.869322 1.750253
v 4.018498 -25.087061 1.994383
v 4.479311 -24.708790 2.264250
v 4.274776 -24.930868 2.483888
v 1.086547 -25.348665 -1.079132
v 1.436339 -25.325520 -0.988664
v 1.774756 -25.295599 -0.872478
v 2.098866 -25.259090 -0.731696
v 2.406573 -25.216488 -0.568649
v 2.696024 -25.168362 -0.385978
v 2.966137 -25.115330 -0.186516
v 3.216605 -25.058060 0.026712
v 3.449233 -24.996773 0.251859
v 3.666349 -24.931461 0.487981
v 5.703918 -22.432549 0.618925
v 5.594868 -22.764399 0.810096
v 5.470513 -23.083746 1.005804
v 5.332319 -23.389923 1.205890
v 5.181686 -23.682261 1.410165
v 5.019965 -23.960659 1.618451
v 4.571171 -24.631563 4.118454
v 4.806873 -24.409983 3.972893
v 5.032359 -24.174553 3.828002
v 5.242145 -23.927462 3.681385
v 5.439625 -23.670605 3.534405
v 5.627846 -23.402681 3.387981
v 4.172454 -24.858650 4.823326
v 4.490757 -24.480864 5.116990
v 4.237340 -24.686687 5.210866
v 4.746936 -24.171900 5.211761
v 4.252653 -24.438080 5.686142
v 3.735776 -24.835554 5.805266
v 3.736255 -24.909388 5.676041
v 4.219066 -24.355959 5.823288
v 4.240167 -24.396782 5.756785
v 4.171309 -24.397934 5.833755
v 3.728608 -24.798746 5.866717
v 3.714082 -24.762377 5.924621
v 3.644784 -24.812195 5.937042
v 3.462903 -25.015638 5.860675
v 3.180994 -25.182613 5.913103
v 2.890501 -25.335859 5.962354
v 3.138636 -25.372496 5.566287
v 2.489191 -25.736364 5.501745
v 2.124701 -25.923870 5.395217
v 3.082624 -25.170275 6.026321
v 2.587092 -25.424520 6.089713
v 2.591890 -25.474634 6.008193
v 2.485089 -25.470282 6.101122
v 1.972559 -25.705593 6.088662
v 1.972437 -25.668207 6.150472
v 1.873217 -25.700520 6.158528
v 3.446326 -24.947695 5.970826
v 0.649777 -25.946766 6.219926
v 0.324047 -25.996820 6.180153
v 0.662614 -25.969873 6.175919
v 1.255907 -25.858868 6.198010
v 3.974828 -24.878981 5.302886
v 3.703876 -25.057581 5.392939
v 3.638418 -25.211432 5.056960
v 3.075997 -25.504704 5.283968
v 2.993659 -25.636221 4.983766
v 2.418873 -25.844227 5.260765
v 2.337645 -25.948545 5.019669
v 3.299996 -25.650568 3.979227
v 3.551027 -25.507856 3.777640
v 3.948352 -25.192108 3.993677
v 3.197350 -25.558760 1.359246
v 3.532444 -25.429184 1.791034
v 3.343025 -25.607067 2.068724
v 3.818919 -25.288042 2.242892
v 3.612733 -25.471104 2.495148
v 4.061692 -25.136795 2.706964
v 3.841575 -25.325338 2.932935
v 0.541768 -26.367632 1.102435
v 0.857682 -26.236467 0.758474
v 0.806137 -26.354597 1.148271
v 1.131727 -26.217056 0.828086
v 1.063270 -26.336075 1.213225
v 1.395914 -26.191977 0.917589
v 1.310948 -26.312153 1.296767
v 1.648025 -26.161381 1.026141
v 1.547104 -26.282980 1.398116
v 1.886499 -26.125662 1.151941
v 1.770290 -26.248926 1.515592
v 2.109970 -26.085278 1.292943
v 1.979240 -26.210426 1.647278
v 2.317673 -26.040718 1.446950
v 2.173258 -26.167952 1.791119
v 2.509461 -25.992512 1.611611
v 2.352224 -26.122000 1.944914
v 2.852090 -25.885710 1.967138
v 2.671534 -26.020193 2.276860
v 3.147579 -25.766125 2.349940
v 2.946596 -25.906219 2.634047
v 3.400102 -25.635790 2.750113
v 3.181586 -25.782021 3.007257
v 3.614606 -25.496048 3.160810
v 3.381411 -25.648893 3.390157
v 2.190625 -26.231527 2.281662
v 2.486221 -26.135132 2.589426
v 2.296434 -26.230556 2.903952
v 2.740540 -26.027252 2.920388
v 2.529746 -26.129261 3.208166
v 2.957719 -25.909746 3.266023
v 2.728886 -26.018991 3.525708
v 3.142581 -25.783854 3.620521
v 2.898548 -25.900944 3.851295
v 0.000000 -26.417652 1.222214
v 4.745965 -24.082771 5.389294
v 4.734392 -24.261648 5.021349
v 4.427386 -24.660326 4.704585
v 4.074193 -25.028908 4.409910
v 3.546755 -25.363989 4.699075
v 3.433746 -25.510475 4.339389
v 2.895564 -25.762884 4.682683
v 2.781871 -25.884346 4.381575
v 2.245353 -26.048960 4.778919
v 2.139329 -26.145042 4.539431
v 1.971444 -26.105841 4.974152
v 0.850059 -26.157810 5.721435
v 1.221726 -26.061207 5.778018
v 0.916642 -26.069317 5.897537
v 1.293977 -25.946543 6.011628
v 0.971991 -25.980787 6.071876
v 1.319839 -25.893785 6.107933
v 0.992451 -25.940678 6.144029
v 1.184358 -26.355331 4.918672
v 1.523581 -26.293684 4.811459
v 1.273045 -26.296736 5.061417
v 1.615105 -26.221825 4.987919
v 1.348808 -26.234648 5.207576
v 1.694378 -26.146469 5.166480
v 1.414578 -26.169750 5.355515
v 1.826712 -25.987244 5.526472
v 1.525414 -26.033466 5.654206
v 1.928959 -25.821693 5.878051
v 1.613327 -25.893215 5.946946
v 1.962669 -25.743780 6.022274
v 1.643613 -25.827871 6.067281
v 0.579340 -26.351044 5.309546
v 0.867043 -26.375196 5.085638
v 0.652488 -26.317884 5.384776
v 0.950126 -26.329443 5.194390
v 0.714342 -26.281267 5.465231
v 1.020496 -26.280205 5.307537
v 0.766615 -26.241982 5.548910
v 1.080588 -26.228199 5.423389
v 1.132854 -26.174057 5.540704
v 0.648361 -25.997107 6.127961
v 0.610858 -26.058281 6.012688
v 0.566659 -26.120514 5.897087
v 0.511697 -26.180439 5.784272
v 0.477233 -26.208590 5.729599
v 0.436345 -26.234913 5.677016
v 0.387840 -26.258820 5.627821
v 0.329551 -26.279844 5.583519
v 2.016294 -26.236248 4.302714
v 2.257770 -26.182217 4.044852
v 2.649704 -26.000177 4.081837
v 0.000000 -25.597799 -0.829307
v 7.062940 -13.291518 1.631799
v 7.111658 -14.160112 2.168626
v 7.106163 -15.514283 2.531782
v 7.065497 -16.854414 2.897264
v 7.028523 -16.444250 3.850673
v 7.006942 -16.690403 3.912046
v 6.981041 -17.372978 3.917513
v 6.943101 -17.345306 4.075332
v 6.913869 -18.025139 4.084147
v 6.695911 -19.285366 4.559044
v 6.749291 -19.316132 4.417550
v 6.787806 -18.642952 4.398872
v 6.836751 -18.672916 4.250817
v 6.845455 -18.198435 4.288041
v 6.870128 -17.996208 4.237620
v 7.005123 -17.401667 3.754217
v 6.943379 -18.055214 3.924934
v 6.871181 -18.704155 4.096792
v 6.787970 -19.348305 4.269901
v 6.986944 -18.179161 3.264125
v 7.028390 -17.459909 3.420583
v 6.976234 -18.116602 3.598513
v 6.930669 -18.834127 3.453707
v 6.912790 -18.768293 3.779866
v 6.861345 -19.483372 3.649602
v 6.837201 -19.414726 3.964940
v 6.747922 -20.055704 4.153527
v 6.692327 -19.987421 4.444111
v 6.536741 -20.588228 4.750642
v 6.403129 -20.867554 4.953528
v 6.888070 -12.456944 0.186272
v 6.973754 -12.843813 0.856350
v 6.943257 -12.907584 0.654034
v 7.023478 -14.246667 1.420661
v 6.970939 -14.295780 1.021420
v 7.038983 -15.615800 1.793153
v 7.047757 -16.911312 2.542284
v 7.076015 -15.563516 2.169556
v 7.069218 -14.202102 1.800488
v 6.981502 -18.244099 2.917686
v 6.962281 -18.313337 2.552087
v 7.019615 -16.971834 2.170607
v 6.978681 -17.037863 1.774941
v 6.992132 -15.673088 1.394989
v 6.932745 -15.728855 0.999765
v 6.907154 -14.343059 0.626174
v 6.832025 -14.387886 0.238469
v 6.883593 -19.055883 2.368149
v 6.930814 -18.902800 3.114282
v 6.927426 -18.388647 2.160465
v 6.923763 -17.102829 1.380745
v 6.861027 -15.782425 0.611088
v 6.745792 -14.430497 -0.141204
v 6.380454 -13.111073 -1.577431
v 6.097108 -13.165543 -2.238767
v 5.927227 -11.729199 -2.877750
v 5.896030 -10.505207 -3.194235
v 6.877047 -18.463514 1.768498
v 6.855354 -17.165997 0.991676
v 6.777358 -15.833989 0.229359
v 6.648682 -14.471125 -0.512357
v 6.682097 -15.883735 -0.145023
v 6.540414 -14.509988 -0.874522
v 6.771652 -19.214302 1.595073
v 6.732672 -18.609571 0.995027
v 6.811903 -18.537142 1.379882
v 6.773980 -17.227493 0.608112
v 5.743330 -10.358751 -3.447902
v 5.742313 -11.747376 -3.167617
v 5.934088 -13.191253 -2.551447
v 6.140175 -14.617939 -1.902671
v 6.322532 -16.023685 -1.220002
v 6.454245 -17.403133 -0.505650
v 6.680146 -17.287447 0.230428
v 5.020732 -9.858118 -4.315024
v 5.039660 -10.312757 -4.226087
v 5.321487 -11.781856 -3.701023
v 5.560189 -13.240108 -3.137019
v 5.755472 -13.216084 -2.851133
v 5.801245 -14.684338 -2.534296
v 5.978623 -14.651636 -2.224329
v 6.013160 -16.110693 -1.892240
v 6.175400 -16.067743 -1.560902
v 6.172657 -17.513779 -1.213110
v 6.320772 -17.459044 -0.863176
v 6.156723 -18.235203 -1.037822
v 6.439435 -18.112825 -0.321598
v 6.130145 -18.954832 -0.857015
v 6.414067 -18.820057 -0.132625
v 6.090341 -19.667347 -0.640010
v 6.375275 -19.520226 0.086967
v 6.035418 -20.369190 -0.382489
v 6.321083 -20.210527 0.340693
v 6.114246 -20.973478 0.269646
v 6.249557 -20.888714 0.628109
v 6.154947 -21.559212 0.947749
v 5.083939 -11.798296 -3.942808
v 5.347167 -13.263397 -3.408297
v 5.606893 -14.716078 -2.831748
v 5.834703 -16.152533 -2.213169
v 6.009062 -17.567368 -1.554832
v 5.992280 -18.294668 -1.384960
v 5.964839 -19.020517 -1.209270
v 5.924339 -19.739262 -0.994616
v 5.868954 -20.446945 -0.736278
v 5.963526 -21.057356 -0.084889
v 6.019755 -21.647655 0.597872
v 6.079988 -21.911503 1.118521
v 6.665301 -17.985674 0.420257
v 6.640006 -18.680851 0.614345
v 6.601251 -19.369114 0.833431
v 6.547064 -20.048363 1.080255
v 6.475472 -20.717031 1.354379
v 6.380600 -21.380236 1.654511
v 6.304655 -21.729904 1.813222
v 5.984824 -22.254004 1.292702
v 6.207540 -22.070219 1.973791
v 5.871542 -22.585081 1.469930
v 6.091454 -22.399599 2.135894
v 5.741930 -22.904055 1.650066
v 5.958291 -22.717421 2.299438
v 5.597579 -23.210320 1.833002
v 5.809719 -23.023140 2.464359
v 5.440001 -23.503263 2.018620
v 5.647329 -23.316219 2.630599
v 5.270659 -23.782879 2.206838
v 5.472664 -23.596722 2.798158
v 5.091489 -24.047560 2.397228
v 5.287719 -23.863092 2.966686
v 4.903660 -24.299173 2.590267
v 5.093771 -24.117336 3.136759
v 4.704032 -24.539061 2.784879
v 4.887641 -24.360828 3.307365
v 4.489438 -24.765553 2.979596
v 4.666001 -24.591780 3.477067
v 4.265743 -24.976583 3.176819
v 4.434711 -24.808035 3.648350
v 4.034559 -25.170864 3.376088
v 4.195414 -25.008287 3.820837
v 3.796095 -25.347956 3.576473
v 6.373662 -21.882101 2.657188
v 6.471672 -21.545187 2.511597
v 6.547966 -21.199480 2.366526
v 6.643544 -20.543306 2.089152
v 6.716186 -19.883354 1.831634
v 5.577412 -10.218998 -3.689964
v 0.046818 -26.168711 5.875258
v 0.000000 -26.062899 6.084989
v 1.872190 -26.321745 4.071652
v 1.416451 -26.361313 4.639141
v 1.290381 -26.423836 4.473650
v 1.079838 -26.409632 4.781523
v 0.956886 -26.458555 4.653431
v 0.769064 -26.416519 4.984007
v 0.652125 -26.452717 4.892563
v 0.491750 -26.380148 5.241829
v 0.387733 -26.404261 5.185245
v 0.260107 -26.297295 5.546516
v 0.180502 -26.310293 5.519277
v 0.090885 -26.164354 5.883028
v -5.992280 -18.294668 -1.384960
v -6.009062 -17.567368 -1.554832
v -5.828948 -17.619749 -1.887416
v -6.156723 -18.235203 -1.037822
v -6.172657 -17.513779 -1.213110
v -7.005123 -17.401667 3.754217
v -7.057250 -16.744036 3.583119
v -7.070630 -16.799093 3.242843
v -7.103052 -16.134390 3.064897
v -7.127429 -15.465991 2.887115
v -7.106163 -15.514283 2.531782
v -7.143460 -14.794020 2.709599
v -7.149035 -14.118570 2.532151
v -7.111658 -14.160112 2.168626
v -1.971444 -26.105841 4.974152
v -2.245353 -26.048960 4.778919
v -2.139329 -26.145042 4.539431
v -0.331475 -25.982908 6.203984
v -0.335405 -25.970341 6.225805
v -0.324047 -25.996820 6.180153
v -2.485070 -25.470291 6.101125
v -2.587092 -25.424520 6.089713
v -2.591890 -25.474634 6.008193
v -3.974828 -24.878981 5.302886
v -4.237340 -24.686687 5.210866
v -4.172454 -24.858650 4.823326
v -2.890501 -25.335859 5.962354
v -3.180994 -25.182613 5.913103
v -3.175654 -25.245621 5.804244
v -3.462903 -25.015638 5.860675
v -3.735776 -24.835554 5.805266
v -3.736255 -24.909388 5.676041
v -3.082605 -25.170284 6.026324
v -4.171294 -24.397947 5.833757
v -4.219066 -24.355959 5.823288
v -4.240167 -24.396782 5.756785
v -4.648949 -23.938471 5.719197
v -4.708774 -23.949051 5.636154
v -5.055262 -23.462416 5.600502
v -6.361608 -22.013073 3.467098
v -6.478957 -21.690376 3.338647
v -6.373662 -21.882101 2.657188
v -6.679334 -20.927994 3.432238
v -6.686209 -20.844879 3.756796
v -6.786379 -20.201370 3.534319
v -6.599228 -21.095734 4.163989
v -6.674376 -20.767183 4.059015
v -0.352468 -26.642666 3.118690
v -0.046818 -26.168711 5.875258
v -0.090885 -26.164354 5.883028
v -0.269405 -26.617315 3.927167
v -0.272342 -26.375265 1.075557
v -0.254563 -26.471514 1.475650
v -0.506173 -26.464264 1.500525
v -0.944938 -26.586391 2.848382
v -0.847421 -26.603664 3.239202
v -0.998014 -26.583260 3.302287
v -0.443542 -23.415859 -3.280745
v -1.080588 -26.228199 5.423389
v -1.020496 -26.280205 5.307537
v -0.766615 -26.241982 5.548910
v -0.950126 -26.329443 5.194390
v -2.728886 -26.018991 3.525708
v -2.957719 -25.909746 3.266023
v -2.740540 -26.027252 2.920388
v -3.612733 -25.471104 2.495148
v -3.818919 -25.288042 2.242892
v -3.532444 -25.429184 1.791034
v -3.715693 -25.232939 1.517941
v -3.891590 -25.019398 1.250164
v -3.519018 -25.157419 0.772794
v -1.497124 -18.894657 -4.771579
v -1.008244 -18.906803 -4.842119
v -0.994482 -19.699640 -4.760752
v -5.583123 -19.147863 -1.889012
v -5.364836 -19.209219 -2.214364
v -5.322307 -19.946331 -2.010413
v -6.902403 -12.515985 0.288535
v -6.943257 -12.907584 0.654034
v -6.995713 -12.955894 1.050480
v -6.704669 -11.841249 -0.880142
v -6.628974 -11.643616 -1.222453
v -6.612687 -13.051177 -0.871901
v -5.558639 -10.204292 -3.715435
v -5.514142 -10.289423 -3.752452
v -5.653272 -10.280633 -3.583208
v -1.501812 -11.912936 -5.421803
v -1.173403 -9.053208 -5.709171
v -1.017051 -11.915278 -5.468253
v -0.789669 -9.038660 -5.734370
v -0.398616 -9.030501 -5.748500
v -1.550026 -9.074965 -5.671486
v -1.921497 -10.390781 -5.502064
v -1.919701 -9.104424 -5.620463
v -2.356879 -10.386368 -5.422367
v -2.282686 -9.142130 -5.555153
v -2.770043 -10.380180 -5.323997
v -2.639348 -9.188771 -5.474368
v -3.160087 -10.372495 -5.208872
v -2.989592 -9.244604 -5.377662
v -3.526425 -10.363679 -5.079286
v -3.369373 -9.317339 -5.251682
v -3.642658 -9.378176 -5.146310
v -3.869535 -10.354163 -4.937763
v -3.902466 -9.442931 -5.034150
v -4.190969 -10.344430 -4.787057
v -4.149184 -9.510864 -4.916487
v -4.492572 -10.334433 -4.621503
v -4.380052 -9.583405 -4.790842
v -4.601860 -9.665199 -4.649170
v -4.775359 -10.323845 -4.434135
v -4.751760 -9.728002 -4.540394
v -5.039660 -10.312757 -4.226087
v -4.971784 -9.832628 -4.359176
v -5.285804 -10.301260 -3.998491
v -5.179189 -9.946782 -4.161455
v -5.374653 -10.070601 -3.946993
v -5.913785 -10.523515 -3.162524
v -5.750684 -10.365386 -3.436412
v -5.742313 -11.747376 -3.167617
v -5.731474 -10.348143 -3.466278
v -5.540682 -11.764896 -3.442315
v -5.927227 -11.729199 -2.877750
v -6.096269 -11.710268 -2.573534
v -6.081684 -10.712120 -2.835850
v -6.250276 -11.690480 -2.255782
v -6.234862 -10.913535 -2.486989
v -6.389978 -11.669645 -1.925210
v -6.373883 -11.128368 -2.114887
v -6.806799 -12.155474 -0.335890
v -6.799899 -12.984022 -0.126458
v -7.165212 -14.054685 2.709527
v -7.160873 -13.936394 2.613138
v -7.152893 -13.814756 2.489789
v -7.141522 -13.707475 2.352257
v -7.093330 -13.443381 1.894832
v -7.151490 -14.941840 3.000000
v -7.154986 -14.843505 2.996773
v -7.160398 -14.670500 2.975254
v -7.164552 -14.500281 2.933536
v -7.166786 -14.357524 2.881512
v -7.167325 -14.201609 2.804629
v -7.098897 -16.185379 3.316483
v -7.105576 -16.080507 3.219426
v -7.107697 -16.039368 3.188191
v -7.113100 -15.918141 3.113483
v -7.118291 -15.786667 3.056448
v -7.120177 -15.737534 3.040612
v -7.125561 -15.598379 3.010268
v -7.131322 -15.455444 3.000000
v -7.090448 -16.274677 3.426539
v -7.086617 -16.303596 3.470250
v -7.073631 -16.368872 3.592999
v -7.055077 -16.415739 3.721017
v -7.028533 -16.444130 3.850643
v -7.044605 -16.430431 3.777740
v -7.038807 -16.716766 3.750191
v -4.827391 -11.814121 -4.166456
v -5.083939 -11.798296 -3.942808
v -5.321487 -11.781856 -3.701023
v -4.551218 -11.829214 -4.370708
v -4.254796 -11.843457 -4.554307
v -3.936383 -11.857182 -4.723034
v -3.593685 -11.870420 -4.881323
v -3.225264 -11.882627 -5.026170
v -2.830810 -11.893324 -5.154824
v -2.411128 -11.902087 -5.264784
v -1.967364 -11.908601 -5.353952
v -5.395137 -18.465092 -2.371244
v -5.612489 -18.409723 -2.052680
v -5.811203 -18.352877 -1.723582
v -5.027880 -20.742277 -2.073748
v -5.084112 -20.011759 -2.329059
v -5.127076 -19.268770 -2.528396
v -5.158211 -18.518814 -2.678051
v -3.233986 -19.570175 -4.089034
v -3.594075 -19.913725 -3.795481
v -3.613157 -19.528027 -3.872925
v -3.945450 -19.865417 -3.556228
v -3.965093 -19.481989 -3.636608
v -4.289957 -19.432903 -3.383863
v -4.247330 -20.192232 -3.200732
v -3.923317 -20.246193 -3.459161
v -4.956906 -21.455288 -1.762834
v -4.770117 -20.810722 -2.381800
v -4.825965 -20.074833 -2.634979
v -4.869133 -19.326155 -2.829270
v -4.900939 -18.570570 -2.971334
v -4.322377 -18.666796 -3.509933
v -3.997372 -18.711069 -3.754752
v -3.644909 -18.752649 -3.983707
v -3.264683 -18.790726 -4.193063
v -2.857543 -18.824554 -4.379364
v -2.425475 -18.853458 -4.539424
v -2.398941 -19.639763 -4.446868
v -4.193431 -20.938192 -2.953187
v -3.898582 -20.623625 -3.345333
v -3.572727 -20.296751 -3.700764
v -3.215769 -19.957951 -4.014289
v -2.828552 -19.607656 -4.281428
v -0.496373 -20.102610 -4.738525
v -0.491961 -20.495012 -4.654132
v -0.978489 -20.486145 -4.610189
v -1.443215 -20.858122 -4.429273
v -0.969619 -20.874367 -4.505569
v -0.487261 -20.883741 -4.550030
v -0.525781 -14.993456 -5.225670
v -0.522766 -16.551117 -5.089531
v -0.514206 -18.122505 -4.952109
v -0.507962 -18.913622 -4.882902
v -0.500508 -19.707468 -4.803315
v -0.986771 -20.094261 -4.695214
v -1.455743 -20.470711 -4.534678
v -1.904128 -20.834814 -4.320611
v -2.811556 -19.997295 -4.209128
v -3.195531 -20.343031 -3.921738
v -3.549013 -20.676365 -3.588693
v -3.871111 -20.996765 -3.214741
v -0.515616 -11.916109 -5.494420
v -5.964839 -19.020517 -1.209270
v -5.782811 -19.084913 -1.553624
v -5.541193 -19.878946 -1.680936
v -5.265996 -20.671305 -1.753481
v -5.194340 -21.379511 -1.443955
v -5.102987 -22.071377 -1.083710
v -5.036082 -22.425188 -0.885677
v -4.867171 -22.150398 -1.398247
v -4.700213 -21.528385 -2.070086
v -4.492153 -20.876181 -2.675619
v -4.547245 -20.135130 -2.926196
v -4.590322 -19.380995 -3.115067
v -4.622576 -18.620012 -3.249244
v -4.055807 -24.790123 0.986293
v -3.666349 -24.931461 0.487981
v -4.953809 -22.768425 -0.678779
v -4.802547 -22.503769 -1.196920
v -4.612582 -22.226597 -1.701816
v -4.423771 -21.598312 -2.363670
v -4.857666 -23.099567 -0.463480
v -4.723571 -22.846498 -0.985774
v -4.550552 -22.579393 -1.497551
v -4.338791 -22.299465 -1.992372
v -4.127094 -21.664579 -2.641545
v -3.840796 -21.364792 -3.067433
v -3.522816 -21.051600 -3.459259
v -3.173190 -20.724642 -3.811295
v -2.792809 -20.384226 -4.118549
v -2.383569 -20.031036 -4.376740
v -1.947590 -19.665894 -4.582555
v -1.970818 -18.876871 -4.670502
v -4.748936 -23.417774 -0.240086
v -4.631623 -23.177105 -0.765285
v -4.475233 -22.921494 -1.282518
v -4.279689 -22.651583 -1.785528
v -4.045374 -22.368498 -2.267867
v -3.807419 -21.727144 -2.903646
v -3.494036 -21.421579 -3.312510
v -3.148641 -21.101789 -3.682942
v -2.772239 -20.767630 -4.009597
v -2.366731 -20.419590 -4.287923
v -1.934287 -20.058556 -4.514304
v -1.478129 -19.685869 -4.687391
v -3.400102 -25.635790 2.750113
v -3.343025 -25.607067 2.068724
v -3.197350 -25.558760 1.359246
v -3.027499 -25.731831 1.661022
v -3.010293 -25.618526 1.154339
v -2.662023 -25.843271 1.282607
v -2.529746 -26.129261 3.208166
v -2.486221 -26.135132 2.589426
v -2.296434 -26.230556 2.903952
v -2.190625 -26.231527 2.281662
v -2.024893 -26.321123 2.620884
v -2.024725 -26.275043 2.139018
v -1.706458 -26.399836 2.366888
v -1.467371 -20.079657 -4.620682
v -1.919814 -20.448490 -4.427023
v -2.348370 -20.804571 -4.180320
v -2.749760 -21.146498 -3.882249
v -3.121796 -21.473560 -3.536728
v -3.462482 -21.785673 -3.148690
v -2.725293 -21.519880 -3.736555
v -2.328412 -21.184958 -4.053899
v -2.306790 -21.559755 -3.908713
v -1.887168 -21.216494 -4.195034
v -1.868881 -21.592501 -4.050342
v -1.429742 -21.240847 -4.304426
v -1.415284 -21.617844 -4.160192
v -0.960130 -21.257875 -4.381311
v -0.949995 -21.635607 -4.237467
v -0.482261 -21.267742 -4.426170
v -0.476944 -21.645937 -4.282606
v -3.428293 -22.142221 -2.968194
v -3.092492 -21.839243 -3.372907
v -3.060832 -22.197313 -3.191862
v -2.698702 -21.886992 -3.572776
v -2.670058 -22.246437 -3.391284
v -2.283396 -21.928125 -3.745028
v -2.258273 -22.288786 -3.563210
v -1.849182 -21.961952 -3.886807
v -1.828096 -22.323652 -3.704789
v -1.399779 -21.988169 -3.996844
v -1.383235 -22.350725 -3.814737
v -0.939175 -22.006592 -4.074318
v -0.927667 -22.369791 -3.892210
v -0.471294 -22.017340 -4.119621
v -0.465305 -22.380945 -3.937558
v -3.729664 -22.433634 -2.527974
v -3.389513 -22.494507 -2.771189
v -3.025228 -22.550198 -2.993793
v -2.638119 -22.599842 -3.192311
v -2.230495 -22.642645 -3.363513
v -1.804974 -22.677895 -3.504564
v -1.365243 -22.705278 -3.614166
v -0.915255 -22.724586 -3.691453
v -0.458898 -22.735893 -3.736735
v -3.989546 -22.719860 -2.058810
v -3.677494 -22.784176 -2.316949
v -3.341433 -22.844196 -2.558347
v -2.981695 -22.899031 -2.779323
v -2.599603 -22.947851 -2.976433
v -2.197450 -22.989891 -3.146474
v -1.777835 -23.024479 -3.286633
v -1.344407 -23.051317 -3.395601
v -0.901073 -23.070217 -3.472496
v -0.451676 -23.081272 -3.517587
v -4.208393 -22.992964 -1.566985
v -3.922647 -23.060450 -1.837147
v -3.615403 -23.123926 -2.092448
v -3.284601 -23.183073 -2.331213
v -2.930595 -23.237043 -2.549807
v -2.554701 -23.285038 -2.744830
v -2.159189 -23.326323 -2.913116
v -1.746628 -23.360250 -3.051879
v -1.320612 -23.386549 -3.159812
v -0.884988 -23.405048 -3.236022
v -4.527881 -23.494724 -0.535789
v -4.387876 -23.251463 -1.057209
v -4.289557 -23.568417 -0.821987
v -4.126027 -23.322216 -1.337247
v -4.033565 -23.638437 -1.096704
v -3.845677 -23.388929 -1.603392
v -3.759501 -23.704378 -1.357965
v -3.544266 -23.451591 -1.854998
v -3.464840 -23.766235 -1.605044
v -3.219772 -23.509905 -2.090323
v -3.147597 -23.823730 -1.836148
v -2.872559 -23.563047 -2.305791
v -2.808138 -23.876074 -2.047769
v -2.503931 -23.610256 -2.498055
v -2.447746 -23.922529 -2.236622
v -2.116123 -23.650826 -2.663996
v -2.068610 -23.962414 -2.399647
v -1.711660 -23.684135 -2.800867
v -1.673203 -23.995138 -2.534146
v -1.294071 -23.709932 -2.907369
v -1.264977 -24.020468 -2.638832
v -0.867131 -23.728065 -2.982604
v -0.847622 -24.038260 -2.712813
v -0.434555 -23.738653 -3.026781
v -0.424771 -24.048641 -2.756273
v -0.804018 -24.616247 -2.126533
v -1.163903 -24.865499 -1.743005
v -1.199744 -24.599085 -2.055858
v -1.539117 -24.841488 -1.645907
v -1.586716 -24.574636 -1.955895
v -1.902364 -24.810432 -1.521211
v -1.961443 -24.543018 -1.827510
v -2.250484 -24.772537 -1.370123
v -2.320657 -24.504452 -1.671942
v -2.581212 -24.728331 -1.195143
v -2.662017 -24.459475 -1.491764
v -2.892542 -24.678417 -0.999104
v -2.983449 -24.408720 -1.289896
v -3.183299 -24.623461 -0.785045
v -3.283734 -24.352873 -1.069467
v -3.453141 -24.564171 -0.556210
v -3.562520 -24.292671 -0.833817
v -3.703950 -24.500786 -0.314464
v -3.821723 -24.228363 -0.584801
v -3.938145 -24.433294 -0.060696
v -4.063798 -24.159939 -0.323265
v -4.156148 -24.362059 0.203254
v -4.289161 -24.087774 -0.051102
v -4.358382 -24.287439 0.475547
v -4.498225 -24.012245 0.229797
v -4.691423 -23.933708 0.517617
v -5.010932 -23.561079 0.588998
v -4.628759 -23.722256 -0.008879
v -4.413394 -23.798544 -0.297600
v -4.181229 -23.871510 -0.577198
v -3.931858 -23.940762 -0.845736
v -3.664874 -24.005907 -1.101275
v -3.377786 -24.066950 -1.343022
v -3.068643 -24.123629 -1.569150
v -2.737807 -24.175177 -1.776227
v -2.386533 -24.220892 -1.961042
v -2.016954 -24.260113 -2.120601
v -1.631484 -24.292274 -2.252264
v -1.233485 -24.317156 -2.354765
v -0.826554 -24.334625 -2.427221
v -0.414232 -24.344816 -2.469800
v -0.402976 -24.626259 -2.168074
v -0.391046 -24.892189 -1.852019
v -0.780105 -24.882357 -1.811660
v -5.141067 -23.255531 0.372762
v -3.361514 -25.366972 1.062902
v -3.311257 -25.221155 0.546468
v -3.163914 -25.428825 0.847062
v -3.088575 -25.280945 0.330572
v -2.952014 -25.486826 0.641094
v -2.848692 -25.336792 0.126061
v -2.723581 -25.540976 0.445953
v -2.589846 -25.388481 -0.065244
v -2.476887 -25.591074 0.263421
v -2.312313 -25.435371 -0.240439
v -2.212177 -25.636503 0.096271
v -2.017123 -25.476870 -0.396807
v -1.930413 -25.676697 -0.052903
v -1.706040 -25.512424 -0.531813
v -1.633264 -25.711130 -0.181681
v -1.381066 -25.541569 -0.643221
v -1.322624 -25.739349 -0.287931
v -1.045002 -25.564110 -0.729959
v -1.001152 -25.761177 -0.370635
v -0.700845 -25.579950 -0.791277
v -0.671698 -25.776518 -0.429086
v -0.351545 -25.589205 -0.827313
v -0.337062 -25.785482 -0.463426
v -3.449233 -24.996773 0.251859
v -3.216605 -25.058060 0.026712
v -2.966137 -25.115330 -0.186516
v -2.696024 -25.168362 -0.385978
v -2.406573 -25.216488 -0.568649
v -2.098866 -25.259090 -0.731696
v -1.774756 -25.295599 -0.872478
v -1.436339 -25.325520 -0.988664
v -1.086547 -25.348665 -1.079132
v -0.728512 -25.364923 -1.143096
v -0.365319 -25.374420 -1.180695
v -0.378476 -25.141829 -1.522580
v -0.754900 -25.132151 -1.483542
v -1.126116 -25.115574 -1.417135
v -1.488917 -25.091967 -1.323218
v -1.840041 -25.061440 -1.202607
v -2.176440 -25.024191 -1.056470
v -2.495930 -24.980726 -0.887224
v -2.796581 -24.931637 -0.697611
v -3.077259 -24.877563 -0.490570
v -3.337642 -24.819193 -0.269239
v -3.579573 -24.756758 -0.035481
v -3.805427 -24.690245 0.209784
v -0.752846 -26.451895 1.542971
v -0.919680 -26.511808 1.996703
v -0.992563 -26.434326 1.603150
v -1.132977 -26.490465 2.067894
v -1.223269 -26.411648 1.680580
v -1.335993 -26.464457 2.154315
v -1.443052 -26.384001 1.774544
v -1.527508 -26.434120 2.254526
v -1.650576 -26.351740 1.883480
v -1.844678 -26.315273 2.005608
v -1.040164 -26.548683 2.457551
v -1.226043 -26.524429 2.536295
v -1.401223 -26.496147 2.627626
v -1.564744 -26.464197 2.730045
v -1.855240 -26.390871 2.961581
v -2.102436 -26.306549 3.219518
v -2.314525 -26.212309 3.496552
v -2.495441 -26.109806 3.785577
v -0.255983 -26.093826 6.011842
v -0.238976 -26.109032 5.985277
v -0.477233 -26.208590 5.729599
v -0.436345 -26.234913 5.677016
v -0.652488 -26.317884 5.384776
v -0.579340 -26.351044 5.309546
v -0.769064 -26.416519 4.984007
v -0.652125 -26.452717 4.892563
v -0.810590 -26.501335 4.538223
v -0.637892 -26.536657 4.441897
v -0.760152 -26.569599 4.064158
v -0.525515 -26.599419 3.978277
v -0.226488 -26.578444 4.328431
v -0.182729 -26.518208 4.726237
v -0.355778 -26.504814 4.759704
v -0.268803 -26.422163 5.143527
v -0.387733 -26.404261 5.185245
v -0.260107 -26.297295 5.546516
v -0.329551 -26.279844 5.583519
v -0.165579 -26.147728 5.914241
v -0.194644 -26.136284 5.935797
v -0.289501 -26.258108 0.680493
v -0.541768 -26.367632 1.102435
v -0.576161 -26.250120 0.709329
v -0.806137 -26.354597 1.148271
v -0.857682 -26.236467 0.758474
v -1.063270 -26.336075 1.213225
v -1.131727 -26.217056 0.828086
v -1.310948 -26.312153 1.296767
v -1.395914 -26.191977 0.917589
v -1.547104 -26.282980 1.398116
v -1.648025 -26.161381 1.026141
v -1.770290 -26.248926 1.515592
v -1.886499 -26.125662 1.151941
v -1.979240 -26.210426 1.647278
v -2.109970 -26.085278 1.292943
v -2.173258 -26.167952 1.791119
v -2.317673 -26.040718 1.446950
v -2.352224 -26.122000 1.944914
v -2.509461 -25.992512 1.611611
v -2.671534 -26.020193 2.276860
v -2.852090 -25.885710 1.967138
v -2.946596 -25.906219 2.634047
v -3.147579 -25.766125 2.349940
v -3.181586 -25.782021 3.007257
v -0.767689 -26.604784 2.789970
v -0.844695 -26.568602 2.392706
v -0.641236 -26.584044 2.342351
v -0.697861 -26.528349 1.941396
v -0.469410 -26.540005 1.902407
v -0.431511 -26.594934 2.306875
v -0.583029 -26.619057 2.744632
v -0.688758 -26.620440 3.187293
v -2.809580 -25.674549 0.958734
v -2.593035 -25.726835 0.773376
v -2.457695 -25.893574 1.107410
v -2.358969 -25.775187 0.600002
v -2.236629 -25.940083 0.943545
v -2.107595 -25.819023 0.441248
v -1.999004 -25.982237 0.793508
v -1.839809 -25.857796 0.299581
v -1.745651 -26.019520 0.659632
v -1.557179 -25.891008 0.177301
v -1.478036 -26.051453 0.544093
v -1.261488 -25.918222 0.076431
v -1.197834 -26.077623 0.448805
v -0.955252 -25.939276 -0.002066
v -0.907412 -26.097872 0.374671
v -0.641167 -25.954073 -0.057526
v -0.609309 -26.112106 0.322312
v -0.321881 -25.962723 -0.090096
v -0.306020 -26.120430 0.291577
v -0.392515 -26.629128 2.712711
v -0.523312 -26.633465 3.147023
v -0.092885 -26.318220 5.503205
v -0.441393 -26.562738 4.370724
v -0.513680 -26.482653 4.816127
v -0.491750 -26.380148 5.241829
v -0.387840 -26.258820 5.627821
v -0.218737 -26.123297 5.959721
v -0.138190 -26.433031 5.118839
v -0.180502 -26.310293 5.519277
v -0.130830 -26.157246 5.896247
v -6.695911 -19.285366 4.559044
v -6.749291 -19.316132 4.417550
v -6.639056 -19.648022 4.649464
v -6.650145 -19.954504 4.584228
v -6.593179 -19.923109 4.718051
v -6.536741 -20.588228 4.750642
v -6.500311 -20.440176 4.846971
v -6.462115 -20.903292 4.833117
v -6.403129 -20.867554 4.953528
v -5.891367 -22.159174 5.275566
v -6.079071 -21.770439 5.178643
v -6.133770 -21.813471 5.071666
v -6.159620 -21.582132 5.131693
v -6.368929 -21.212824 4.914178
v -6.310867 -21.174250 5.029996
v -6.363715 -21.006308 4.988124
v -6.777310 -20.126688 3.851550
v -6.747922 -20.055704 4.153527
v -6.576774 -21.358227 3.209397
v -6.610826 -21.177883 3.870178
v -6.503356 -21.417446 4.267488
v -6.514197 -21.503593 3.982269
v -6.388825 -21.731350 4.369342
v -6.398468 -21.820898 4.092874
v -6.257476 -22.037083 4.469522
v -5.550625 -22.751202 5.423176
v -5.793027 -22.342258 5.321215
v -5.842783 -22.388004 5.222685
v -4.254861 -24.603500 5.379802
v -4.261126 -24.520840 5.537374
v -4.745965 -24.082771 5.389294
v -4.727558 -23.993557 5.556731
v -5.155931 -23.505302 5.418179
v -5.130016 -23.458967 5.505832
v -5.505386 -22.935917 5.367251
v -5.454014 -22.900883 5.460495
v -5.169958 -23.881334 4.596746
v -5.189862 -23.785332 4.826407
v -5.592797 -23.269543 4.623518
v -5.593469 -23.173307 4.853745
v -5.950295 -22.622824 4.664851
v -5.927048 -22.528439 4.897909
v -6.228972 -21.946760 4.720512
v -6.174673 -21.857512 4.958402
v -6.358308 -21.644173 4.629208
v -6.301439 -21.558441 4.876007
v -6.471357 -21.334110 4.536181
v -6.412607 -21.252653 4.791955
v -6.566353 -21.016893 4.441468
v -6.506508 -20.940428 4.706292
v -6.641335 -20.693335 4.345216
v -6.581307 -20.622393 4.619144
v -6.692327 -19.987421 4.444111
v -6.226680 -22.325846 3.594712
v -6.181545 -22.425871 3.272592
v -5.865066 -23.021692 3.545291
v -5.242145 -23.927462 3.681385
v -5.345941 -23.729889 4.220930
v -5.544098 -23.470434 4.096939
v -5.576508 -23.368174 4.372743
v -5.941309 -22.817221 4.144751
v -5.954312 -22.718607 4.415623
v -6.265532 -22.129393 4.201965
v -6.255488 -22.225187 3.912070
v -5.910714 -22.919977 3.847429
v -5.498138 -23.571463 3.816512
v -5.879516 -22.434572 5.118114
v -5.576472 -23.078121 5.068583
v -5.195819 -23.691408 5.036961
v -4.967828 -24.029442 4.924422
v -4.909884 -24.220472 4.464401
v -6.154947 -21.559212 0.947749
v -6.304655 -21.729904 1.813222
v -6.380600 -21.380236 1.654511
v -6.471672 -21.545187 2.511597
v -6.547966 -21.199480 2.366526
v -6.652820 -21.017971 3.079588
v -6.777628 -20.281416 3.195267
v -6.019755 -21.647655 0.597872
v -6.249557 -20.888714 0.628109
v -6.475472 -20.717031 1.354379
v -6.643544 -20.543306 2.089152
v -6.749920 -20.368345 2.828341
v -6.866357 -19.555315 3.319927
v -6.861345 -19.483372 3.649602
v -6.837201 -19.414726 3.964940
v -6.787970 -19.348305 4.269901
v -5.869233 -21.735197 0.251170
v -6.114246 -20.973478 0.269646
v -5.963526 -21.057356 -0.084889
v -6.321083 -20.210527 0.340693
v -6.035418 -20.369190 -0.382489
v -5.449658 -22.260860 -0.238648
v -5.702942 -21.821630 -0.091523
v -5.796892 -21.140167 -0.434683
v -5.868954 -20.446945 -0.736278
v -5.520243 -21.906670 -0.429037
v -5.613635 -21.221647 -0.778583
v -5.685763 -20.523373 -1.083478
v -5.647329 -23.316219 2.630599
v -5.805436 -23.121662 3.241484
v -5.809719 -23.023140 2.464359
v -5.970417 -22.828979 3.095187
v -5.958291 -22.717421 2.299438
v -6.121209 -22.524511 2.949027
v -6.091454 -22.399599 2.135894
v -6.256191 -22.208727 2.803018
v -6.207540 -22.070219 1.973791
v -5.440001 -23.503263 2.018620
v -5.597579 -23.210320 1.833002
v -5.741930 -22.904055 1.650066
v -5.871542 -22.585081 1.469930
v -5.984824 -22.254004 1.292702
v -6.079988 -21.911503 1.118521
v -5.181686 -23.682261 1.410165
v -5.332319 -23.389923 1.205890
v -5.470513 -23.083746 1.005804
v -5.594868 -22.764399 0.810096
v -5.703918 -22.432549 0.618925
v -5.796014 -22.088940 0.432484
v -5.032537 -23.768524 1.108926
v -4.869321 -23.852404 0.811035
v -4.556922 -24.390245 1.271074
v -4.390871 -24.469730 0.996892
v -4.210634 -24.546391 0.727714
v -4.015636 -24.620007 0.464776
v -5.439625 -23.670605 3.534405
v -5.287719 -23.863092 2.966686
v -5.093771 -24.117336 3.136759
v -5.091489 -24.047560 2.397228
v -4.903660 -24.299173 2.590267
v -4.848958 -24.223524 1.830242
v -4.669728 -24.472496 2.045879
v -4.388700 -24.636580 1.508671
v -5.627846 -23.402681 3.387981
v -5.472664 -23.596722 2.798158
v -5.270659 -23.782879 2.206838
v -5.019965 -23.960659 1.618451
v -4.709410 -24.308115 1.549207
v -5.135653 -23.980564 4.343832
v -5.032359 -24.174553 3.828002
v -4.806873 -24.409983 3.972893
v -4.887641 -24.360828 3.307365
v -4.666001 -24.591780 3.477067
v -4.704032 -24.539061 2.784879
v -4.489438 -24.765553 2.979596
v -4.479311 -24.708790 2.264250
v -4.274776 -24.930868 2.483888
v -4.210104 -24.869322 1.750253
v -4.018498 -25.087061 1.994383
v -6.825054 -19.715967 2.590898
v -6.716186 -19.883354 1.831634
v -6.547064 -20.048363 1.080255
v -5.361825 -22.604658 -0.041294
v -5.258470 -22.936480 0.162591
v -3.728608 -24.798746 5.866717
v -4.003393 -24.721443 5.607931
v -4.252653 -24.438080 5.686142
v -3.714082 -24.762377 5.924621
v -3.644767 -24.812208 5.937045
v -3.446326 -24.947695 5.970826
v -4.571171 -24.631563 4.118454
v -4.427386 -24.660326 4.704585
v -4.673312 -24.447464 4.584735
v -4.490757 -24.480864 5.116990
v -4.734392 -24.261648 5.021349
v -4.746936 -24.171900 5.211761
v -1.873197 -25.700525 6.158530
v -1.972437 -25.668207 6.150472
v -1.643613 -25.827871 6.067281
v -1.972559 -25.705593 6.088662
v -0.610858 -26.058281 6.012688
v -0.648361 -25.997107 6.127961
v -0.662614 -25.969873 6.175919
v -0.649757 -25.946768 6.219927
v -4.434711 -24.808035 3.648350
v -4.195414 -25.008287 3.820837
v -5.537086 -22.983160 5.271186
v -5.185956 -23.598318 5.233226
v -4.074193 -25.028908 4.409910
v -3.948352 -25.192108 3.993677
v -4.265743 -24.976583 3.176819
v -4.034559 -25.170864 3.376088
v -3.796095 -25.347956 3.576473
v -3.551027 -25.507856 3.777640
v -3.703876 -25.057581 5.392939
v -3.638418 -25.211432 5.056960
v -3.546755 -25.363989 4.699075
v -3.433746 -25.510475 4.339389
v -3.299996 -25.650568 3.979227
v -4.061692 -25.136795 2.706964
v -3.841575 -25.325338 2.932935
v -3.614606 -25.496048 3.160810
v -3.381411 -25.648893 3.390157
v -3.142581 -25.783854 3.620521
v -2.898548 -25.900944 3.851295
v -3.138636 -25.372496 5.566287
v -3.075997 -25.504704 5.283968
v -2.993659 -25.636221 4.983766
v -2.895564 -25.762884 4.682683
v -2.781871 -25.884346 4.381575
v -2.649704 -26.000177 4.081837
v -2.545547 -25.628448 5.728835
v -2.489191 -25.736364 5.501745
v -2.124701 -25.923870 5.395217
v -2.418873 -25.844227 5.260765
v -2.337645 -25.948545 5.019669
v -0.305024 -26.028671 6.123255
v -0.283070 -26.061663 6.066725
v -0.566659 -26.120514 5.897087
v -0.511697 -26.180439 5.784272
v -0.714342 -26.281267 5.465231
v -0.867043 -26.375196 5.085638
v -0.850059 -26.157810 5.721435
v -0.916642 -26.069317 5.897537
v -0.971991 -25.980787 6.071876
v -0.992451 -25.940678 6.144029
v -1.255888 -25.858871 6.198011
v -0.966840 -26.529135 4.180301
v -0.956886 -26.458555 4.653431
v -1.142410 -26.480055 4.319179
v -1.079838 -26.409632 4.781523
v -1.290381 -26.423836 4.473650
v -1.184358 -26.355331 4.918672
v -1.416451 -26.361313 4.639141
v -1.273045 -26.296736 5.061417
v -1.523581 -26.293684 4.811459
v -1.348808 -26.234648 5.207576
v -1.615105 -26.221825 4.987919
v -1.414578 -26.169750 5.355515
v -1.694378 -26.146469 5.166480
v -1.525414 -26.033466 5.654206
v -1.826712 -25.987244 5.526472
v -1.613327 -25.893215 5.946946
v -1.928959 -25.821693 5.878051
v -1.962669 -25.743780 6.022274
v -1.139658 -26.559490 3.375493
v -1.271590 -26.532660 3.457611
v -1.505146 -26.471146 3.643278
v -1.702989 -26.400522 3.849955
v -1.872190 -26.321745 4.071652
v -2.016294 -26.236248 4.302714
v -2.583056 -25.525505 5.920347
v -1.319839 -25.893785 6.107933
v -1.293977 -25.946543 6.011628
v -1.221726 -26.061207 5.778018
v -1.132854 -26.174057 5.540704
v -1.113333 -26.564003 2.919341
v -1.271880 -26.537910 3.001662
v -1.419719 -26.508446 3.093990
v -1.681902 -26.440851 3.302728
v -1.904513 -26.363182 3.535179
v -2.095215 -26.276455 3.784681
v -2.257770 -26.182217 4.044852
v -6.981041 -17.372978 3.917513
v -6.913869 -18.025139 4.084147
v -6.787806 -18.642952 4.398872
v -6.845469 -18.198318 4.288012
v -6.870128 -17.996208 4.237620
v -6.943101 -17.345306 4.075332
v -7.006942 -16.690403 3.912046
v -6.836751 -18.672916 4.250817
v -6.943379 -18.055214 3.924934
v -7.028390 -17.459909 3.420583
v -7.065497 -16.854414 2.897264
v -6.871181 -18.704155 4.096792
v -6.976234 -18.116602 3.598513
v -6.912790 -18.768293 3.779866
v -6.986944 -18.179161 3.264125
v -6.930669 -18.834127 3.453707
v -6.981502 -18.244099 2.917686
v -6.930814 -18.902800 3.114282
v -6.962281 -18.313337 2.552087
v -6.883593 -19.055883 2.368149
v -6.745792 -14.430497 -0.141204
v -6.832025 -14.387886 0.238469
v -6.907154 -14.343059 0.626174
v -6.970939 -14.295780 1.021420
v -7.023478 -14.246667 1.420661
v -7.069218 -14.202102 1.800488
v -6.648682 -14.471125 -0.512357
v -6.499342 -11.357637 -1.717782
v -6.516046 -11.647520 -1.582479
v -6.380454 -13.111073 -1.577431
v -6.097108 -13.165543 -2.238767
v -5.934088 -13.191253 -2.551447
v -5.755472 -13.216084 -2.851133
v -5.560189 -13.240108 -3.137019
v -5.347167 -13.263397 -3.408297
v -5.115396 -13.285966 -3.664013
v -4.864019 -13.307684 -3.902846
v -6.682097 -15.883735 -0.145023
v -6.777358 -15.833989 0.229359
v -6.861027 -15.782425 0.611088
v -6.932745 -15.728855 0.999765
v -6.992132 -15.673088 1.394989
v -7.038983 -15.615800 1.793153
v -7.076015 -15.563516 2.169556
v -6.927426 -18.388647 2.160465
v -6.877047 -18.463514 1.768498
v -6.771652 -19.214302 1.595073
v -6.811903 -18.537142 1.379882
v -6.732672 -18.609571 0.995027
v -7.047757 -16.911312 2.542284
v -7.019615 -16.971834 2.170607
v -6.978681 -17.037863 1.774941
v -6.923763 -17.102829 1.380745
v -6.855354 -17.165997 0.991676
v -6.773980 -17.227493 0.608112
v -6.680146 -17.287447 0.230428
v -6.575066 -15.931831 -0.511650
v -6.540414 -14.509988 -0.874522
v -6.595747 -11.564589 -1.359333
v -6.420152 -14.547281 -1.227257
v -6.455482 -15.978434 -0.870113
v -6.454245 -17.403133 -0.505650
v -6.665301 -17.985674 0.420257
v -1.038682 -14.990604 -5.193478
v -1.034569 -16.546888 -5.054057
v -1.535608 -14.984892 -5.136867
v -1.532015 -16.538929 -4.992058
v -2.013407 -14.975859 -5.054731
v -2.011650 -16.526819 -4.902518
v -2.468868 -14.963377 -4.947277
v -2.469958 -16.510479 -4.785748
v -2.899086 -14.947434 -4.815191
v -2.903726 -16.489943 -4.642553
v -3.302383 -14.928448 -4.660876
v -3.310981 -16.465685 -4.475472
v -3.677439 -14.906944 -4.487178
v -3.690109 -16.438286 -4.287500
v -4.024107 -14.883520 -4.297211
v -4.040668 -16.408401 -4.081903
v -4.343422 -14.858837 -4.094367
v -4.363402 -16.376751 -3.862226
v -4.638147 -14.832930 -3.876399
v -4.661090 -16.343416 -3.627184
v -4.910958 -14.805505 -3.639657
v -4.936611 -16.308155 -3.374095
v -5.162751 -14.776761 -3.385643
v -5.190836 -16.271210 -3.104594
v -5.394423 -14.746893 -3.115862
v -5.424634 -16.232834 -2.820315
v -5.606893 -14.716078 -2.831748
v -5.638904 -16.193251 -2.522818
v -5.801245 -14.684338 -2.534296
v -5.834703 -16.152533 -2.213169
v -5.978623 -14.651636 -2.224329
v -6.013160 -16.110693 -1.892240
v -6.140175 -14.617939 -1.902671
v -6.175400 -16.067743 -1.560902
v -6.287028 -14.583200 -1.570121
v -6.322532 -16.023685 -1.220002
v -6.601251 -19.369114 0.833431
v -6.640006 -18.680851 0.614345
v -6.414067 -18.820057 -0.132625
v -6.439435 -18.112825 -0.321598
v -6.320772 -17.459044 -0.863176
v -6.130145 -18.954832 -0.857015
v -6.375275 -19.520226 0.086967
v -4.953145 -23.337955 0.063225
v -5.066427 -23.019266 -0.153721
v -5.166371 -22.687712 -0.363481
v -5.251592 -22.344109 -0.565779
v -5.320478 -21.990019 -0.760167
v -5.413027 -21.301519 -1.115403
v -5.485044 -20.598238 -1.422931
v -5.741580 -19.809858 -1.341964
v -5.924339 -19.739262 -0.994616
v -6.090341 -19.667347 -0.640010
v -1.019596 -18.116625 -4.913137
v -1.512541 -18.105991 -4.845491
v -1.989349 -18.090246 -4.748298
v -2.446264 -18.069372 -4.622011
v -2.879830 -18.043467 -4.467572
v -3.287818 -18.013062 -4.287658
v -3.668356 -17.978802 -4.085394
v -4.020728 -17.941404 -3.864180
v -4.345380 -17.901644 -3.627692
v -4.645029 -17.859669 -3.375522
v -4.922641 -17.815294 -3.105891
v -5.179015 -17.768827 -2.820573
v -5.414948 -17.720583 -2.521347
v -5.631262 -17.670845 -2.209906
vt 0.014983 0.485530
vt 0.004909 0.499015
vt 0.018277 0.486951
vt 0.664058 0.193965
vt 0.659256 0.179027
vt 0.591784 0.189202
vt 0.586454 0.174194
vt 0.011548 0.484329
vt 0.005232 0.482575
vt 0.006598 0.482826
vt 0.048692 0.341688
vt 0.035155 0.371978
vt 0.045363 0.377455
vt 0.090700 0.290081
vt 0.083418 0.284652
vt 0.074158 0.298385
vt 0.246928 0.218518
vt 0.256117 0.230018
vt 0.270365 0.222206
vt 0.150586 0.255800
vt 0.141978 0.247780
vt 0.130691 0.259438
vt 0.242282 0.238115
vt 0.091778 0.249657
vt 0.095852 0.252383
vt 0.117224 0.226534
vt 0.112885 0.223426
vt 0.106290 0.223092
vt 0.086099 0.249133
vt 0.163433 0.162329
vt 0.154791 0.169982
vt 0.159810 0.173914
vt 0.287636 0.161248
vt 0.278224 0.148783
vt 0.262598 0.157211
vt 0.276815 0.089841
vt 0.271907 0.083663
vt 0.245678 0.099000
vt 0.286277 0.076304
vt 0.248641 0.498645
vt 0.273064 0.498549
vt 0.270304 0.489090
vt 0.228779 0.490294
vt 0.242862 0.489853
vt 0.242167 0.481105
vt 0.023934 0.491384
vt 0.024938 0.493028
vt 0.022714 0.489991
vt 0.148933 0.468678
vt 0.146835 0.463052
vt 0.114781 0.469952
vt 0.283714 0.488753
vt 0.296957 0.488390
vt 0.296218 0.478346
vt 0.019848 0.487813
vt 0.021339 0.488817
vt 0.094089 0.466659
vt 0.110308 0.461587
vt 0.104815 0.454118
vt 0.468850 0.021149
vt 0.462916 0.016920
vt 0.448013 0.023276
vt 0.970894 0.367771
vt 0.965983 0.351807
vt 0.912470 0.356709
vt 0.936353 0.284475
vt 0.929685 0.273753
vt 0.902320 0.278586
vt 0.808078 0.145683
vt 0.791450 0.132120
vt 0.797275 0.148332
vt 0.719208 0.139114
vt 0.521764 0.026263
vt 0.519279 0.027167
vt 0.529022 0.028923
vt 0.512158 0.029068
vt 0.504713 0.030053
vt 0.493993 0.037250
vt 0.502138 0.030168
vt 0.567790 0.007374
vt 0.559080 0.009712
vt 0.564390 0.022061
vt 0.550634 0.012994
vt 0.526700 0.024068
vt 0.593770 0.005856
vt 0.584769 0.005490
vt 0.575701 0.006072
vt 0.623069 0.014582
vt 0.618811 0.012527
vt 0.599783 0.015274
vt 0.610502 0.009344
vt 0.601778 0.007060
vt 0.774089 0.118440
vt 0.755795 0.104632
vt 0.708374 0.105959
vt 0.736798 0.090420
vt 0.801795 0.164240
vt 0.806058 0.179730
vt 0.823914 0.159261
vt 0.838931 0.172776
vt 0.853099 0.185907
vt 0.810044 0.194934
vt 0.864659 0.197018
vt 0.906817 0.308279
vt 0.947511 0.305433
vt 0.941927 0.294363
vt 0.954283 0.320597
vt 0.908814 0.323706
vt 0.834097 0.311487
vt 0.983512 0.431655
vt 0.980667 0.411942
vt 0.916934 0.412040
vt 0.485061 0.028040
vt 0.477838 0.025691
vt 0.451620 0.030859
vt 0.471020 0.022431
vt 0.494609 0.029829
vt 0.487066 0.028530
vt 0.458746 0.045954
vt 0.914817 0.252739
vt 0.906603 0.242390
vt 0.896961 0.249419
vt 0.893935 0.234850
vt 0.820741 0.239004
vt 0.904670 0.293329
vt 0.829387 0.282284
vt 0.831851 0.296819
vt 0.758351 0.287845
vt 0.692781 0.307534
vt 0.960487 0.336143
vt 0.910700 0.339832
vt 0.836189 0.326627
vt 0.695374 0.321927
vt 0.645629 0.460046
vt 0.710396 0.476906
vt 0.709703 0.457359
vt 0.847680 0.474250
vt 0.846955 0.453246
vt 0.838166 0.342462
vt 0.697779 0.336704
vt 0.630570 0.330126
vt 0.972855 0.374965
vt 0.914094 0.374381
vt 0.840021 0.359041
vt 0.700033 0.352069
vt 0.633137 0.344526
vt 0.569392 0.340466
vt 0.614433 0.260587
vt 0.547521 0.258592
vt 0.551858 0.272311
vt 0.517453 0.265611
vt 0.522006 0.279208
vt 0.488278 0.273263
vt 0.493071 0.286685
vt 0.459528 0.280564
vt 0.464576 0.293765
vt 0.431110 0.287445
vt 0.436407 0.300401
vt 0.755566 0.273504
vt 0.683851 0.265584
vt 0.687052 0.279573
vt 0.618154 0.274457
vt 0.621620 0.288301
vt 0.555914 0.285955
vt 0.559690 0.299561
vt 0.526256 0.292713
vt 0.530209 0.306161
vt 0.497542 0.300008
vt 0.501694 0.313257
vt 0.469287 0.306861
vt 0.473662 0.319876
vt 0.441362 0.313236
vt 0.445977 0.325981
vt 0.690012 0.293559
vt 0.624838 0.302158
vt 0.627817 0.316075
vt 0.563190 0.313157
vt 0.566422 0.326776
vt 0.533867 0.319575
vt 0.537236 0.332984
vt 0.505530 0.326448
vt 0.509055 0.339601
vt 0.477703 0.332822
vt 0.481412 0.345717
vt 0.450246 0.338650
vt 0.454168 0.351259
vt 0.977155 0.393110
vt 0.915599 0.392820
vt 0.841744 0.376387
vt 0.702134 0.368056
vt 0.635539 0.359446
vt 0.572141 0.354412
vt 0.540323 0.346430
vt 0.843314 0.394489
vt 0.704070 0.384684
vt 0.637769 0.374906
vt 0.574691 0.368763
vt 0.543166 0.360089
vt 0.512278 0.352744
vt 0.583978 0.446650
vt 0.644587 0.442061
vt 0.708678 0.438320
vt 0.845944 0.432857
vt 0.646331 0.478421
vt 0.584997 0.463333
vt 0.585666 0.480318
vt 0.556110 0.465078
vt 0.556750 0.481208
vt 0.528235 0.466903
vt 0.528852 0.482211
vt 0.515251 0.482655
vt 0.510356 0.497754
vt 0.485957 0.497819
vt 0.501862 0.483103
vt 0.514646 0.467743
vt 0.527278 0.451775
vt 0.555118 0.449165
vt 0.844707 0.413338
vt 0.705823 0.401946
vt 0.707372 0.419835
vt 0.641642 0.407454
vt 0.643246 0.424514
vt 0.581025 0.414312
vt 0.582644 0.430298
vt 0.552198 0.418158
vt 0.553806 0.433512
vt 0.524407 0.422170
vt 0.525996 0.436853
vt 0.512423 0.438394
vt 0.513699 0.452978
vt 0.500319 0.454110
vt 0.501263 0.468536
vt 0.488052 0.469280
vt 0.488644 0.483496
vt 0.475588 0.483884
vt 0.639809 0.390914
vt 0.579148 0.398720
vt 0.550316 0.403128
vt 0.522523 0.407745
vt 0.510829 0.424021
vt 0.499040 0.439842
vt 0.487109 0.455173
vt 0.474994 0.469981
vt 0.462659 0.484237
vt 0.709637 0.496944
vt 0.646514 0.497117
vt 0.596408 0.497417
vt 0.558309 0.497572
vt 0.530833 0.497676
vt 0.786879 0.496157
vt 0.879402 0.495700
vt 0.283851 0.318637
vt 0.290630 0.328784
vt 0.304093 0.323698
vt 0.297119 0.338888
vt 0.316727 0.344705
vt 0.251097 0.344661
vt 0.263883 0.362586
vt 0.270714 0.348644
vt 0.398368 0.399164
vt 0.408192 0.385015
vt 0.394823 0.387286
vt 0.404462 0.373053
vt 0.390930 0.375561
vt 0.400391 0.361164
vt 0.386688 0.363913
vt 0.395957 0.349244
vt 0.382079 0.352243
vt 0.391164 0.337280
vt 0.377110 0.340538
vt 0.386018 0.325269
vt 0.371790 0.328794
vt 0.380529 0.313214
vt 0.366133 0.317011
vt 0.374702 0.301117
vt 0.360154 0.305171
vt 0.388525 0.413053
vt 0.385233 0.401282
vt 0.381552 0.389660
vt 0.377514 0.378194
vt 0.373120 0.366810
vt 0.368355 0.355411
vt 0.363229 0.343985
vt 0.357753 0.332529
vt 0.351942 0.321039
vt 0.345801 0.309505
vt 0.222972 0.397701
vt 0.232889 0.412729
vt 0.241351 0.401124
vt 0.127452 0.434194
vt 0.135005 0.442918
vt 0.141527 0.452477
vt 0.144350 0.457651
vt 0.378548 0.426607
vt 0.375572 0.414968
vt 0.372172 0.403469
vt 0.368374 0.392121
vt 0.364208 0.380930
vt 0.359681 0.369827
vt 0.354782 0.358718
vt 0.349520 0.347591
vt 0.343909 0.336440
vt 0.337966 0.325267
vt 0.331694 0.314060
vt 0.368317 0.439766
vt 0.365718 0.428288
vt 0.362661 0.416930
vt 0.359169 0.405714
vt 0.355269 0.394655
vt 0.350994 0.383756
vt 0.346355 0.372950
vt 0.341341 0.362148
vt 0.335965 0.351335
vt 0.330241 0.340507
vt 0.324189 0.329669
vt 0.317806 0.318813
vt 0.322546 0.355203
vt 0.328014 0.365684
vt 0.333121 0.376165
vt 0.337853 0.386658
vt 0.342217 0.397251
vt 0.346201 0.408010
vt 0.349771 0.418930
vt 0.352896 0.429998
vt 0.355553 0.441190
vt 0.357722 0.452491
vt 0.346680 0.464746
vt 0.344971 0.453647
vt 0.342765 0.442634
vt 0.340062 0.431734
vt 0.336882 0.420966
vt 0.333252 0.410351
vt 0.329201 0.399903
vt 0.324765 0.389627
vt 0.319961 0.379459
vt 0.314784 0.369316
vt 0.309249 0.359186
vt 0.303367 0.349069
vt 0.577031 0.383531
vt 0.545787 0.374086
vt 0.548175 0.388433
vt 0.517920 0.379705
vt 0.520357 0.393586
vt 0.506733 0.395974
vt 0.508929 0.409879
vt 0.495507 0.411886
vt 0.497433 0.425761
vt 0.484191 0.427398
vt 0.485820 0.441204
vt 0.472740 0.442485
vt 0.474045 0.456174
vt 0.461104 0.457115
vt 0.462064 0.470639
vt 0.449237 0.471261
vt 0.449837 0.484575
vt 0.437100 0.484901
vt 0.501486 0.368915
vt 0.487900 0.371594
vt 0.490733 0.384790
vt 0.477348 0.387119
vt 0.479944 0.400343
vt 0.466732 0.402342
vt 0.469077 0.415554
vt 0.456030 0.417234
vt 0.458085 0.430390
vt 0.445175 0.431763
vt 0.446908 0.444829
vt 0.434119 0.445906
vt 0.435503 0.458844
vt 0.422784 0.459652
vt 0.423804 0.472412
vt 0.515224 0.366098
vt 0.504249 0.382320
vt 0.493270 0.398223
vt 0.482230 0.413775
vt 0.471083 0.428938
vt 0.459777 0.443690
vt 0.448262 0.458004
vt 0.436495 0.471849
vt 0.424428 0.485199
vt 0.411143 0.472980
vt 0.399181 0.485820
vt 0.411792 0.485515
vt 0.393132 0.498110
vt 0.415954 0.498038
vt 0.438918 0.497953
vt 0.450075 0.497919
vt 0.462146 0.497876
vt 0.461062 0.376474
vt 0.447809 0.378754
vt 0.450874 0.391401
vt 0.437746 0.393385
vt 0.440584 0.406027
vt 0.427626 0.407728
vt 0.430173 0.420330
vt 0.417268 0.421805
vt 0.419516 0.434324
vt 0.406660 0.435636
vt 0.408583 0.448015
vt 0.395851 0.449108
vt 0.397403 0.461307
vt 0.384746 0.462154
vt 0.385887 0.474134
vt 0.373256 0.474718
vt 0.373964 0.486448
vt 0.361320 0.486763
vt 0.290173 0.353546
vt 0.296054 0.363267
vt 0.301626 0.373032
vt 0.306851 0.382828
vt 0.311708 0.392660
vt 0.316196 0.402609
vt 0.320298 0.412736
vt 0.323975 0.423036
vt 0.327195 0.433498
vt 0.329933 0.444097
vt 0.332166 0.454817
vt 0.333896 0.465628
vt 0.335121 0.476499
vt 0.335859 0.487400
vt 0.348623 0.487083
vt 0.347893 0.475900
vt 0.360598 0.475306
vt 0.359404 0.463874
vt 0.372086 0.463010
vt 0.370440 0.451349
vt 0.383143 0.450221
vt 0.381077 0.438363
vt 0.393852 0.436985
vt 0.391404 0.424962
vt 0.404307 0.423358
vt 0.401537 0.411194
vt 0.414621 0.409403
vt 0.411590 0.397127
vt 0.424724 0.395284
vt 0.434543 0.380880
vt 0.323008 0.487728
vt 0.322266 0.477105
vt 0.321033 0.466520
vt 0.319292 0.456000
vt 0.317043 0.445579
vt 0.314283 0.435284
vt 0.311037 0.425135
vt 0.307332 0.415154
vt 0.303199 0.405354
vt 0.298677 0.395739
vt 0.293787 0.386249
vt 0.288531 0.376804
vt 0.282923 0.367393
vt 0.276964 0.357990
vt 0.474465 0.374115
vt 0.484792 0.358590
vt 0.457739 0.363836
vt 0.310047 0.488053
vt 0.309305 0.477718
vt 0.464058 0.389316
vt 0.453622 0.404232
vt 0.443063 0.418825
vt 0.432342 0.433060
vt 0.421355 0.446947
vt 0.410077 0.460473
vt 0.398509 0.473554
vt 0.386578 0.486136
vt 0.370336 0.498183
vt 0.347570 0.498266
vt 0.343309 0.498283
vt 0.320268 0.498362
vt 0.985495 0.452129
vt 0.986776 0.474166
vt 0.987215 0.495161
vt 0.098025 0.473858
vt 0.080749 0.478059
vt 0.150650 0.474494
vt 0.118002 0.479135
vt 0.100858 0.481809
vt 0.083158 0.484651
vt 0.064794 0.487800
vt 0.246195 0.409093
vt 0.237320 0.420472
vt 0.250682 0.417231
vt 0.241375 0.428442
vt 0.254787 0.425590
vt 0.245013 0.436639
vt 0.258468 0.434167
vt 0.248198 0.445050
vt 0.261691 0.442950
vt 0.250901 0.453653
vt 0.264428 0.451916
vt 0.253099 0.462430
vt 0.266655 0.461046
vt 0.254793 0.471348
vt 0.268371 0.470309
vt 0.255985 0.480376
vt 0.269581 0.479669
vt 0.214393 0.490701
vt 0.213761 0.482693
vt 0.199110 0.483565
vt 0.212655 0.474775
vt 0.198039 0.476053
vt 0.211077 0.466984
vt 0.196513 0.468674
vt 0.209023 0.459353
vt 0.194528 0.461460
vt 0.206494 0.451915
vt 0.192083 0.454443
vt 0.203511 0.444692
vt 0.189201 0.447643
vt 0.200103 0.437706
vt 0.185913 0.441082
vt 0.196303 0.430970
vt 0.178231 0.428717
vt 0.256692 0.489488
vt 0.135693 0.402854
vt 0.132629 0.419109
vt 0.146052 0.412482
vt 0.141613 0.428224
vt 0.155566 0.422561
vt 0.149677 0.437916
vt 0.164080 0.433193
vt 0.156653 0.448446
vt 0.171433 0.444655
vt 0.159655 0.454097
vt 0.174591 0.450770
vt 0.162287 0.459988
vt 0.177358 0.457126
vt 0.164521 0.466099
vt 0.179706 0.463701
vt 0.166336 0.472410
vt 0.181611 0.470476
vt 0.167730 0.478889
vt 0.183075 0.477419
vt 0.168710 0.485503
vt 0.184101 0.484496
vt 0.170186 0.499029
vt 0.197445 0.498872
vt 0.119881 0.488946
vt 0.152890 0.486610
vt 0.151956 0.480485
vt 0.046462 0.495110
vt 0.065910 0.493399
vt 0.084558 0.491745
vt 0.102495 0.490363
vt 0.151654 0.499083
vt 0.120485 0.499202
vt 0.117217 0.499210
vt 0.088639 0.499211
vt 0.026207 0.499159
vt 0.037240 0.499227
vt 0.046700 0.499238
vt 0.062185 0.499273
vt 0.250044 0.113959
vt 0.229530 0.118222
vt 0.234578 0.123710
vt 0.214325 0.128801
vt 0.219518 0.134007
vt 0.217213 0.117617
vt 0.208920 0.123777
vt 0.186210 0.150872
vt 0.190058 0.139198
vt 0.181029 0.146417
vt 0.318355 0.147236
vt 0.327858 0.161434
vt 0.358687 0.149391
vt 0.191160 0.155446
vt 0.205345 0.144792
vt 0.136712 0.188445
vt 0.135234 0.198133
vt 0.129964 0.195357
vt 0.139865 0.201721
vt 0.164610 0.178015
vt 0.173725 0.186523
vt 0.200551 0.164898
vt 0.209583 0.174600
vt 0.214700 0.154555
vt 0.223781 0.164667
vt 0.229160 0.144443
vt 0.238366 0.155048
vt 0.244194 0.134698
vt 0.253438 0.145782
vt 0.259685 0.125370
vt 0.268989 0.136895
vt 0.300042 0.121051
vt 0.309111 0.133878
vt 0.340679 0.120186
vt 0.125508 0.233180
vt 0.148685 0.209288
vt 0.157223 0.217242
vt 0.182532 0.195366
vt 0.191359 0.204642
vt 0.218593 0.184721
vt 0.227862 0.195468
vt 0.232864 0.175199
vt 0.251860 0.198354
vt 0.247505 0.166029
vt 0.266617 0.190067
vt 0.281800 0.182111
vt 0.297336 0.174581
vt 0.133598 0.240246
vt 0.165811 0.225636
vt 0.200491 0.214511
vt 0.237549 0.207009
vt 0.171966 0.254219
vt 0.193487 0.253947
vt 0.184277 0.244272
vt 0.219430 0.235753
vt 0.159692 0.264371
vt 0.174708 0.234589
vt 0.210100 0.225124
vt 0.228550 0.246310
vt 0.136348 0.286116
vt 0.147936 0.275135
vt 0.431053 0.368565
vt 0.427238 0.356321
vt 0.423069 0.344036
vt 0.418546 0.331695
vt 0.413672 0.319289
vt 0.408453 0.306817
vt 0.402887 0.294270
vt 0.396979 0.281647
vt 0.368551 0.288900
vt 0.362045 0.276619
vt 0.347148 0.281265
vt 0.250271 0.320560
vt 0.237224 0.326776
vt 0.257319 0.329896
vt 0.264160 0.339281
vt 0.282985 0.478999
vt 0.294985 0.468348
vt 0.281762 0.469311
vt 0.293242 0.458431
vt 0.280028 0.459715
vt 0.290985 0.448626
vt 0.277782 0.450242
vt 0.288215 0.438965
vt 0.275023 0.440923
vt 0.284954 0.429467
vt 0.271775 0.431778
vt 0.281231 0.420153
vt 0.268066 0.422828
vt 0.277079 0.411038
vt 0.263930 0.414086
vt 0.272539 0.402124
vt 0.259407 0.405555
vt 0.267635 0.393353
vt 0.254523 0.397179
vt 0.262370 0.384649
vt 0.249285 0.388882
vt 0.250840 0.367398
vt 0.237839 0.372478
vt 0.238126 0.350311
vt 0.225238 0.356275
vt 0.224347 0.333296
vt 0.211598 0.340175
vt 0.308070 0.467423
vt 0.306324 0.457200
vt 0.304067 0.447081
vt 0.301297 0.437097
vt 0.298038 0.427266
vt 0.294317 0.417611
vt 0.290168 0.408145
vt 0.285630 0.398871
vt 0.280726 0.389731
vt 0.275462 0.380643
vt 0.332535 0.286259
vt 0.318213 0.291497
vt 0.304161 0.296950
vt 0.290364 0.302593
vt 0.276761 0.308422
vt 0.263493 0.314499
vt 0.153194 0.301590
vt 0.165154 0.291570
vt 0.177311 0.281818
vt 0.189745 0.272492
vt 0.202348 0.263552
vt 0.215411 0.254924
vt 0.114083 0.308729
vt 0.108779 0.283500
vt 0.098070 0.295851
vt 0.111379 0.264555
vt 0.075926 0.279589
vt 0.058051 0.308204
vt 0.064701 0.312279
vt 0.068232 0.275304
vt 0.072135 0.277291
vt 0.066506 0.278209
vt 0.054649 0.306340
vt 0.051168 0.304712
vt 0.049008 0.308722
vt 0.050208 0.323323
vt 0.042806 0.338570
vt 0.036504 0.354111
vt 0.060803 0.349038
vt 0.056880 0.383710
vt 0.059232 0.402857
vt 0.034760 0.340978
vt 0.025269 0.368017
vt 0.030206 0.369670
vt 0.023716 0.373527
vt 0.020118 0.401417
vt 0.016330 0.400324
vt 0.015191 0.405534
vt 0.043501 0.320401
vt 0.006054 0.466919
vt 0.008080 0.483255
vt 0.008840 0.466531
vt 0.009320 0.436758
vt 0.088079 0.308603
vt 0.078378 0.321778
vt 0.093401 0.332568
vt 0.074220 0.357562
vt 0.087693 0.366518
vt 0.068420 0.390473
vt 0.079451 0.397279
vt 0.136139 0.365999
vt 0.148215 0.357244
vt 0.145482 0.335430
vt 0.236160 0.393243
vt 0.224835 0.377699
vt 0.211823 0.383044
vt 0.212389 0.362399
vt 0.199582 0.368660
vt 0.198937 0.347234
vt 0.186371 0.354442
vt 0.228104 0.481886
vt 0.240999 0.472433
vt 0.226964 0.473575
vt 0.239337 0.463874
vt 0.225340 0.465389
vt 0.237178 0.455464
vt 0.223229 0.457360
vt 0.234520 0.447235
vt 0.220629 0.449519
vt 0.231387 0.439207
vt 0.217564 0.441886
vt 0.227809 0.431401
vt 0.214062 0.434483
vt 0.223820 0.423830
vt 0.210159 0.427322
vt 0.219460 0.416495
vt 0.205894 0.420404
vt 0.209734 0.402314
vt 0.196397 0.407080
vt 0.198796 0.388541
vt 0.185728 0.394207
vt 0.186813 0.375083
vt 0.174059 0.381689
vt 0.173898 0.361828
vt 0.161507 0.369406
vt 0.192162 0.424471
vt 0.182939 0.412023
vt 0.169335 0.417171
vt 0.172593 0.400065
vt 0.159375 0.406145
vt 0.161297 0.388499
vt 0.148525 0.395542
vt 0.149150 0.377203
vt 0.136930 0.385252
vt 0.223460 0.498758
vt 0.103688 0.258270
vt 0.119311 0.271221
vt 0.125069 0.297258
vt 0.130241 0.322176
vt 0.108365 0.343771
vt 0.122587 0.354915
vt 0.100539 0.375477
vt 0.112811 0.384437
vt 0.090069 0.404138
vt 0.100200 0.411081
vt 0.078921 0.414517
vt 0.035716 0.460029
vt 0.033741 0.442165
vt 0.026062 0.455840
vt 0.020840 0.436689
vt 0.016254 0.452014
vt 0.015221 0.434448
vt 0.012026 0.450480
vt 0.077599 0.449518
vt 0.084042 0.435602
vt 0.071051 0.444847
vt 0.076104 0.430304
vt 0.064145 0.440529
vt 0.067808 0.425280
vt 0.056950 0.436464
vt 0.050176 0.415630
vt 0.041827 0.428749
vt 0.031997 0.406691
vt 0.026300 0.421573
vt 0.024001 0.402968
vt 0.019572 0.418662
vt 0.056945 0.474021
vt 0.068632 0.462342
vt 0.053241 0.470550
vt 0.063496 0.458250
vt 0.049190 0.467482
vt 0.058010 0.454564
vt 0.044881 0.464753
vt 0.052247 0.451199
vt 0.046267 0.448064
vt 0.011759 0.467503
vt 0.018559 0.469899
vt 0.025253 0.472518
vt 0.031622 0.475529
vt 0.034637 0.477309
vt 0.037483 0.479345
vt 0.040095 0.481683
vt 0.042403 0.484416
vt 0.109892 0.418347
vt 0.122926 0.410495
vt 0.124498 0.393496
vt 0.296871 0.498477
vt 0.658276 0.037182
vt 0.606093 0.031386
vt 0.535449 0.044623
vt 0.465761 0.061067
vt 0.457687 0.012050
vt 0.444388 0.015784
vt 0.413067 0.033890
vt 0.409270 0.026507
vt 0.378165 0.045395
vt 0.305008 0.066718
vt 0.309711 0.073371
vt 0.339137 0.051500
vt 0.343536 0.058512
vt 0.363213 0.042229
vt 0.374140 0.038182
vt 0.416861 0.041365
vt 0.382165 0.052708
vt 0.347857 0.065557
vt 0.314295 0.080034
vt 0.397803 0.081654
vt 0.424466 0.056441
vt 0.390049 0.067243
vt 0.364589 0.093571
vt 0.356296 0.079577
vt 0.331946 0.106633
vt 0.323209 0.093323
vt 0.290953 0.108532
vt 0.281633 0.096075
vt 0.245066 0.108264
vt 0.224227 0.112720
vt 0.727297 0.083458
vt 0.695633 0.061495
vt 0.696723 0.071320
vt 0.618703 0.064340
vt 0.625128 0.081822
vt 0.548686 0.076831
vt 0.472930 0.076467
vt 0.542020 0.060500
vt 0.612388 0.047627
vt 0.405757 0.096465
vt 0.413877 0.111762
vt 0.480215 0.092354
vt 0.487693 0.109045
vt 0.555505 0.093956
vt 0.562163 0.110779
vt 0.631428 0.098989
vt 0.637467 0.115773
vt 0.390175 0.138264
vt 0.372893 0.107804
vt 0.422210 0.127907
vt 0.494957 0.125432
vt 0.568600 0.127189
vt 0.643324 0.132130
vt 0.729092 0.170802
vt 0.737983 0.201228
vt 0.813830 0.209825
vt 0.875721 0.208088
vt 0.430313 0.143760
vt 0.501940 0.141403
vt 0.574801 0.143212
vt 0.648883 0.148135
vt 0.580759 0.158881
vt 0.654231 0.163735
vt 0.406826 0.168809
vt 0.445486 0.174441
vt 0.438047 0.159284
vt 0.508622 0.156979
vt 0.886284 0.219155
vt 0.817395 0.224495
vt 0.742023 0.215993
vt 0.668527 0.208669
vt 0.596867 0.203881
vt 0.527253 0.201959
vt 0.515140 0.172402
vt 0.922516 0.263184
vt 0.899753 0.263976
vt 0.823843 0.253444
vt 0.749296 0.244922
vt 0.745790 0.230537
vt 0.676699 0.237423
vt 0.672742 0.223144
vt 0.606198 0.232566
vt 0.601672 0.218324
vt 0.538016 0.230656
vt 0.532819 0.216412
vt 0.507423 0.237993
vt 0.496130 0.209679
vt 0.477714 0.246006
vt 0.465813 0.218084
vt 0.448419 0.253805
vt 0.435952 0.226414
vt 0.419399 0.261409
vt 0.406410 0.234704
vt 0.384154 0.256055
vt 0.377184 0.243100
vt 0.348051 0.251717
vt 0.826722 0.267849
vt 0.752552 0.259220
vt 0.680401 0.251553
vt 0.610450 0.246640
vt 0.542918 0.244704
vt 0.512596 0.251881
vt 0.483162 0.259709
vt 0.454147 0.267254
vt 0.425432 0.274501
vt 0.390731 0.268913
vt 0.355227 0.264215
vt 0.332824 0.257067
vt 0.483709 0.180714
vt 0.452570 0.189245
vt 0.422106 0.198155
vt 0.391976 0.207236
vt 0.362209 0.216577
vt 0.332583 0.226499
vt 0.317210 0.232559
vt 0.317996 0.262760
vt 0.302205 0.238959
vt 0.303500 0.268716
vt 0.287576 0.245654
vt 0.289315 0.274915
vt 0.273308 0.252624
vt 0.275419 0.281339
vt 0.259372 0.259845
vt 0.261794 0.287968
vt 0.245728 0.267288
vt 0.248421 0.294784
vt 0.232386 0.274944
vt 0.235299 0.301729
vt 0.219332 0.282761
vt 0.222372 0.308839
vt 0.206532 0.290766
vt 0.209606 0.316260
vt 0.193924 0.299121
vt 0.197023 0.324080
vt 0.181543 0.307905
vt 0.184584 0.332101
vt 0.169370 0.316915
vt 0.172301 0.340283
vt 0.157464 0.326090
vt 0.160149 0.348662
vt 0.285095 0.214739
vt 0.300217 0.207586
vt 0.315721 0.200778
vt 0.345785 0.189404
vt 0.376086 0.178855
vt 0.896350 0.230328
vt 0.026085 0.496950
vt 0.013885 0.499080
vt 0.119032 0.426046
vt 0.091542 0.441270
vt 0.098513 0.447414
vt 0.083707 0.454639
vt 0.089248 0.460291
vt 0.073309 0.466913
vt 0.077408 0.472120
vt 0.060204 0.478023
vt 0.062869 0.482636
vt 0.044297 0.487602
vt 0.045668 0.491195
vt 0.025666 0.494899
vt 0.514346 0.743739
vt 0.544760 0.750895
vt 0.549386 0.737004
vt 0.509186 0.757663
vt 0.539838 0.764938
vt 0.417286 0.952793
vt 0.451463 0.963771
vt 0.458921 0.948911
vt 0.493626 0.958530
vt 0.528867 0.967425
vt 0.535780 0.951833
vt 0.564402 0.975253
vt 0.600308 0.982744
vt 0.607132 0.966506
vt 0.079268 0.584295
vt 0.090791 0.594782
vt 0.100912 0.587685
vt 0.006263 0.515305
vt 0.004880 0.515539
vt 0.007766 0.514895
vt 0.023979 0.626913
vt 0.025692 0.632601
vt 0.030722 0.630785
vt 0.091045 0.690478
vt 0.101351 0.703002
vt 0.117001 0.690073
vt 0.037747 0.646328
vt 0.044870 0.661975
vt 0.050708 0.658633
vt 0.053028 0.676859
vt 0.061362 0.691784
vt 0.067904 0.687534
vt 0.036606 0.659971
vt 0.070662 0.721114
vt 0.072432 0.723927
vt 0.076218 0.721910
vt 0.090435 0.749496
vt 0.096024 0.748916
vt 0.110803 0.775097
vt 0.255422 0.797777
vt 0.270034 0.805871
vt 0.288090 0.781272
vt 0.290978 0.834249
vt 0.281736 0.846507
vt 0.312147 0.861027
vt 0.257508 0.849522
vt 0.272759 0.858136
vt 0.153000 0.511530
vt 0.026046 0.501386
vt 0.025596 0.503430
vt 0.119906 0.509414
vt 0.228861 0.507183
vt 0.214516 0.506875
vt 0.213889 0.514921
vt 0.164816 0.531956
vt 0.149179 0.529506
vt 0.147126 0.535152
vt 0.399292 0.510353
vt 0.052128 0.547530
vt 0.057935 0.544117
vt 0.044684 0.533848
vt 0.063451 0.540395
vt 0.149609 0.602796
vt 0.162516 0.609702
vt 0.173665 0.597995
vt 0.201095 0.629100
vt 0.213973 0.635209
vt 0.226196 0.619807
vt 0.239246 0.624893
vt 0.252284 0.629843
vt 0.263588 0.612523
vt 0.555556 0.545971
vt 0.556404 0.530043
vt 0.528512 0.528436
vt 0.494673 0.708915
vt 0.499083 0.695569
vt 0.470785 0.688812
vt 0.726868 0.917725
vt 0.700400 0.926439
vt 0.689815 0.942807
vt 0.781941 0.875981
vt 0.797453 0.863509
vt 0.723388 0.857045
vt 0.903183 0.760932
vt 0.899575 0.757645
vt 0.897723 0.767348
vt 0.847070 0.559108
vt 0.985525 0.546924
vt 0.847687 0.538673
vt 0.986512 0.529984
vt 0.987089 0.512748
vt 0.984010 0.563579
vt 0.918411 0.578746
vt 0.981893 0.580252
vt 0.917533 0.598019
vt 0.979142 0.596678
vt 0.916469 0.616533
vt 0.975732 0.612895
vt 0.915248 0.634290
vt 0.971665 0.628923
vt 0.913894 0.651295
vt 0.966406 0.646483
vt 0.962056 0.659284
vt 0.912378 0.667528
vt 0.957396 0.671588
vt 0.910746 0.683095
vt 0.952489 0.683401
vt 0.908959 0.698220
vt 0.947273 0.694663
vt 0.941460 0.705866
vt 0.906942 0.713133
vt 0.936989 0.713655
vt 0.904720 0.727967
vt 0.929551 0.725522
vt 0.902291 0.742790
vt 0.921466 0.737290
vt 0.912717 0.749093
vt 0.880259 0.786480
vt 0.891649 0.774167
vt 0.822026 0.769227
vt 0.892889 0.772802
vt 0.825154 0.754478
vt 0.818660 0.784135
vt 0.815074 0.799319
vt 0.866562 0.800403
vt 0.811258 0.814782
vt 0.851860 0.814666
vt 0.807182 0.830592
vt 0.836056 0.829382
vt 0.756813 0.895811
vt 0.712568 0.890910
vt 0.598972 0.991666
vt 0.606896 0.990171
vt 0.615627 0.987577
vt 0.623988 0.984023
vt 0.647401 0.969950
vt 0.550257 0.984098
vt 0.554927 0.986186
vt 0.563559 0.989182
vt 0.572563 0.991239
vt 0.580531 0.992238
vt 0.589735 0.992443
vt 0.484358 0.967543
vt 0.491853 0.966169
vt 0.494588 0.965901
vt 0.502184 0.965779
vt 0.509733 0.966627
vt 0.512402 0.967169
vt 0.519567 0.969286
vt 0.526407 0.972316
vt 0.477177 0.969721
vt 0.474626 0.970746
vt 0.468049 0.974026
vt 0.462099 0.978019
vt 0.456858 0.982591
vt 0.459713 0.979951
vt 0.447669 0.971196
vt 0.833147 0.710617
vt 0.830711 0.725234
vt 0.828052 0.739833
vt 0.835395 0.695941
vt 0.837396 0.681129
vt 0.839226 0.665856
vt 0.840920 0.649898
vt 0.842475 0.633208
vt 0.843884 0.615766
vt 0.845133 0.597585
vt 0.846205 0.578681
vt 0.527888 0.702778
vt 0.523693 0.716333
vt 0.519180 0.729978
vt 0.447386 0.669824
vt 0.475094 0.675800
vt 0.503163 0.682293
vt 0.531772 0.689280
vt 0.521243 0.601834
vt 0.505222 0.613184
vt 0.518910 0.615734
vt 0.502567 0.626554
vt 0.516294 0.629370
vt 0.513450 0.642689
vt 0.486022 0.637088
vt 0.488980 0.624021
vt 0.419955 0.664242
vt 0.451590 0.657177
vt 0.479066 0.662853
vt 0.506917 0.669073
vt 0.535350 0.675817
vt 0.541619 0.648876
vt 0.544357 0.635193
vt 0.546869 0.621164
vt 0.549141 0.606789
vt 0.551159 0.592067
vt 0.552912 0.577014
vt 0.525062 0.573214
vt 0.458962 0.632027
vt 0.475499 0.621616
vt 0.491694 0.610806
vt 0.507600 0.599523
vt 0.523297 0.587657
vt 0.515393 0.512763
vt 0.501994 0.512405
vt 0.501522 0.526979
vt 0.487485 0.540435
vt 0.488306 0.526321
vt 0.488774 0.512103
vt 0.710746 0.516698
vt 0.646546 0.515917
vt 0.585817 0.514608
vt 0.556905 0.513896
vt 0.528996 0.513118
vt 0.514916 0.527685
vt 0.500704 0.541415
vt 0.486316 0.554416
vt 0.509685 0.585604
vt 0.494122 0.597358
vt 0.478291 0.608569
vt 0.462117 0.619315
vt 0.847988 0.517630
vt 0.484851 0.735920
vt 0.489931 0.722359
vt 0.466139 0.701899
vt 0.442833 0.682534
vt 0.415165 0.676637
vt 0.387545 0.670852
vt 0.373323 0.667421
vt 0.392587 0.658830
vt 0.424394 0.651906
vt 0.455448 0.644583
vt 0.482706 0.649957
vt 0.510345 0.655883
vt 0.538629 0.662362
vt 0.265356 0.634531
vt 0.276700 0.616421
vt 0.359291 0.663777
vt 0.378537 0.655663
vt 0.397279 0.646857
vt 0.428479 0.639620
vt 0.345453 0.659955
vt 0.364659 0.652309
vt 0.383402 0.643946
vt 0.401612 0.634925
vt 0.432207 0.627365
vt 0.448817 0.617144
vt 0.464995 0.606453
vt 0.480781 0.595323
vt 0.496248 0.583680
vt 0.511469 0.571446
vt 0.526529 0.558514
vt 0.554385 0.561640
vt 0.331791 0.655978
vt 0.350951 0.648797
vt 0.369677 0.640871
vt 0.387906 0.632264
vt 0.405580 0.623020
vt 0.435591 0.615065
vt 0.451789 0.604449
vt 0.467559 0.593405
vt 0.482957 0.581873
vt 0.498059 0.569789
vt 0.512942 0.557058
vt 0.527684 0.543577
vt 0.188242 0.622828
vt 0.213128 0.614598
vt 0.237314 0.604177
vt 0.224083 0.599834
vt 0.242410 0.596248
vt 0.233819 0.584732
vt 0.160344 0.592050
vt 0.183865 0.585916
vt 0.170182 0.580902
vt 0.192940 0.573369
vt 0.178953 0.569253
vt 0.197008 0.566828
vt 0.186493 0.556805
vt 0.514095 0.542461
vt 0.499547 0.555694
vt 0.484805 0.568235
vt 0.469793 0.580175
vt 0.454434 0.591595
vt 0.438651 0.602535
vt 0.456734 0.578576
vt 0.471685 0.566776
vt 0.458678 0.565405
vt 0.473226 0.553217
vt 0.460255 0.552092
vt 0.474413 0.539517
vt 0.461464 0.538658
vt 0.475240 0.525703
vt 0.462305 0.525127
vt 0.475711 0.511790
vt 0.462777 0.511529
vt 0.425592 0.600735
vt 0.441383 0.589878
vt 0.428411 0.588256
vt 0.443757 0.577064
vt 0.430858 0.575637
vt 0.445759 0.564112
vt 0.432919 0.562894
vt 0.447379 0.551034
vt 0.434583 0.550038
vt 0.448617 0.537850
vt 0.435853 0.537091
vt 0.449474 0.524587
vt 0.436728 0.524080
vt 0.449956 0.511268
vt 0.437220 0.511027
vt 0.409204 0.611040
vt 0.412487 0.598926
vt 0.415410 0.586653
vt 0.417949 0.574240
vt 0.420088 0.561711
vt 0.421814 0.549078
vt 0.423129 0.536365
vt 0.424035 0.523599
vt 0.424542 0.510805
vt 0.392043 0.620602
vt 0.395828 0.608863
vt 0.399263 0.596978
vt 0.402323 0.584942
vt 0.404984 0.572768
vt 0.407227 0.560480
vt 0.409038 0.548092
vt 0.410418 0.535627
vt 0.411370 0.523114
vt 0.411903 0.510578
vt 0.374335 0.629459
vt 0.378622 0.618060
vt 0.382553 0.606580
vt 0.386124 0.594948
vt 0.389307 0.583166
vt 0.392077 0.571248
vt 0.394413 0.559215
vt 0.396301 0.547082
vt 0.397741 0.534876
vt 0.398734 0.522624
vt 0.337393 0.645150
vt 0.356102 0.637658
vt 0.342656 0.634327
vt 0.360892 0.626535
vt 0.347560 0.623510
vt 0.365311 0.615418
vt 0.352091 0.612688
vt 0.369369 0.604212
vt 0.356258 0.601773
vt 0.373059 0.592851
vt 0.360049 0.590698
vt 0.376350 0.581339
vt 0.363433 0.579468
vt 0.379215 0.569688
vt 0.366380 0.568097
vt 0.381634 0.557922
vt 0.368870 0.556607
vt 0.383589 0.546055
vt 0.370882 0.545014
vt 0.385080 0.534115
vt 0.372416 0.533346
vt 0.386109 0.522130
vt 0.373476 0.521632
vt 0.386688 0.510126
vt 0.374072 0.509898
vt 0.348109 0.520630
vt 0.334216 0.531003
vt 0.347004 0.531790
vt 0.332594 0.541824
vt 0.345404 0.542898
vt 0.330468 0.552556
vt 0.343307 0.553923
vt 0.327838 0.563170
vt 0.340712 0.564836
vt 0.324724 0.573650
vt 0.337640 0.575621
vt 0.321154 0.583971
vt 0.334117 0.586254
vt 0.317159 0.594120
vt 0.330173 0.596722
vt 0.312777 0.604094
vt 0.325845 0.607019
vt 0.308028 0.613951
vt 0.321149 0.617209
vt 0.302913 0.623775
vt 0.316082 0.627375
vt 0.297448 0.633581
vt 0.310658 0.637531
vt 0.291649 0.643369
vt 0.304893 0.647679
vt 0.298843 0.657856
vt 0.305909 0.672909
vt 0.318268 0.651895
vt 0.323966 0.641393
vt 0.329322 0.630896
vt 0.334318 0.620397
vt 0.338942 0.609886
vt 0.343199 0.599273
vt 0.347075 0.588497
vt 0.350536 0.577561
vt 0.353552 0.566479
vt 0.356100 0.555273
vt 0.358160 0.543962
vt 0.359732 0.532571
vt 0.360816 0.521133
vt 0.361427 0.509675
vt 0.348732 0.509443
vt 0.335963 0.509222
vt 0.335334 0.520126
vt 0.319571 0.677724
vt 0.250476 0.608409
vt 0.268751 0.603778
vt 0.255614 0.600070
vt 0.273556 0.594969
vt 0.260400 0.591654
vt 0.277996 0.586021
vt 0.264824 0.583088
vt 0.282046 0.576875
vt 0.268862 0.574314
vt 0.285668 0.567535
vt 0.272472 0.565335
vt 0.288827 0.558014
vt 0.275622 0.556165
vt 0.291496 0.548333
vt 0.278281 0.546826
vt 0.293651 0.538514
vt 0.280428 0.537337
vt 0.295292 0.528585
vt 0.282062 0.527729
vt 0.296423 0.518580
vt 0.283187 0.518035
vt 0.297061 0.508526
vt 0.283819 0.508284
vt 0.281866 0.607285
vt 0.286668 0.598108
vt 0.291103 0.588802
vt 0.295149 0.579307
vt 0.298766 0.569628
vt 0.301921 0.559775
vt 0.304587 0.549773
vt 0.306741 0.539640
vt 0.308382 0.529407
vt 0.309513 0.519106
vt 0.310147 0.508774
vt 0.323109 0.508985
vt 0.322475 0.519616
vt 0.321349 0.530209
vt 0.319714 0.540738
vt 0.317571 0.551173
vt 0.314917 0.561484
vt 0.311777 0.571653
vt 0.308177 0.581657
vt 0.304149 0.591482
vt 0.299732 0.601125
vt 0.294950 0.610644
vt 0.289812 0.620117
vt 0.212879 0.522851
vt 0.196807 0.529102
vt 0.211388 0.530660
vt 0.194897 0.536337
vt 0.209418 0.538312
vt 0.192524 0.543379
vt 0.206970 0.545776
vt 0.189713 0.550209
vt 0.204066 0.553030
vt 0.200736 0.560053
vt 0.180043 0.534227
vt 0.177759 0.540827
vt 0.175054 0.547213
vt 0.171957 0.553363
vt 0.164721 0.564906
vt 0.156315 0.575637
vt 0.146904 0.585837
vt 0.136653 0.595602
vt 0.018081 0.511302
vt 0.019669 0.510455
vt 0.034418 0.521154
vt 0.037291 0.519126
vt 0.053110 0.528024
vt 0.056839 0.524541
vt 0.073304 0.531668
vt 0.077415 0.526434
vt 0.094199 0.531871
vt 0.098124 0.524639
vt 0.114961 0.528463
vt 0.118117 0.519240
vt 0.102568 0.508130
vt 0.084577 0.506722
vt 0.083177 0.513850
vt 0.064751 0.510735
vt 0.062806 0.515906
vt 0.044190 0.510886
vt 0.042265 0.514067
vt 0.023811 0.506926
vt 0.022570 0.508306
vt 0.242953 0.507503
vt 0.228266 0.515602
vt 0.242348 0.516262
vt 0.227212 0.523925
vt 0.241268 0.524946
vt 0.225676 0.532127
vt 0.239695 0.533520
vt 0.223651 0.540177
vt 0.237625 0.541950
vt 0.221137 0.548044
vt 0.235056 0.550204
vt 0.218156 0.555708
vt 0.232013 0.558262
vt 0.214737 0.563146
vt 0.228523 0.566102
vt 0.210915 0.570345
vt 0.224620 0.573711
vt 0.206731 0.577307
vt 0.220346 0.581088
vt 0.197396 0.590725
vt 0.210794 0.595357
vt 0.186890 0.603715
vt 0.200036 0.609242
vt 0.175390 0.616371
vt 0.166574 0.525625
vt 0.181883 0.527434
vt 0.183282 0.520482
vt 0.198259 0.521706
vt 0.199258 0.514178
vt 0.184239 0.513408
vt 0.167912 0.519128
vt 0.150851 0.523671
vt 0.247159 0.588234
vt 0.251550 0.580060
vt 0.238158 0.576946
vt 0.255559 0.571667
vt 0.242122 0.568938
vt 0.259145 0.563060
vt 0.245667 0.560709
vt 0.262273 0.554251
vt 0.248759 0.552269
vt 0.264913 0.545263
vt 0.251369 0.543642
vt 0.267044 0.536116
vt 0.253474 0.534847
vt 0.268664 0.526840
vt 0.255074 0.525914
vt 0.269779 0.517470
vt 0.256172 0.516877
vt 0.270406 0.508037
vt 0.256788 0.507761
vt 0.168836 0.512497
vt 0.152111 0.517667
vt 0.046424 0.503377
vt 0.100939 0.516671
vt 0.080763 0.520468
vt 0.060121 0.520529
vt 0.039930 0.516795
vt 0.021177 0.509466
vt 0.065886 0.505132
vt 0.045594 0.507293
vt 0.024840 0.505293
vt 0.307991 0.927049
vt 0.312616 0.920549
vt 0.289451 0.917531
vt 0.280327 0.904116
vt 0.275419 0.910142
vt 0.249724 0.885956
vt 0.250280 0.894905
vt 0.234589 0.876554
vt 0.229598 0.881821
vt 0.168420 0.834623
vt 0.186379 0.850168
vt 0.191341 0.845721
vt 0.195413 0.857031
vt 0.219745 0.866620
vt 0.214659 0.871657
vt 0.222860 0.877227
vt 0.303237 0.873614
vt 0.294298 0.885874
vt 0.285041 0.813674
vt 0.266410 0.838242
vt 0.242628 0.840601
vt 0.251455 0.829709
vt 0.228122 0.831337
vt 0.236894 0.820851
vt 0.213998 0.821742
vt 0.141539 0.809066
vt 0.159812 0.827112
vt 0.164712 0.823191
vt 0.094089 0.708916
vt 0.087084 0.714426
vt 0.107683 0.740226
vt 0.100015 0.746166
vt 0.121631 0.771540
vt 0.117368 0.774683
vt 0.139977 0.799430
vt 0.134749 0.802270
vt 0.154178 0.742087
vt 0.145814 0.750132
vt 0.169857 0.771770
vt 0.161469 0.780206
vt 0.186887 0.801584
vt 0.178305 0.810474
vt 0.205251 0.831483
vt 0.196168 0.841027
vt 0.219357 0.841436
vt 0.210355 0.851274
vt 0.233788 0.851119
vt 0.224604 0.861476
vt 0.248597 0.860418
vt 0.239392 0.871176
vt 0.263755 0.869378
vt 0.254512 0.880426
vt 0.285103 0.898044
vt 0.241176 0.789383
vt 0.250375 0.777899
vt 0.222843 0.761151
vt 0.192686 0.725006
vt 0.175340 0.743380
vt 0.187763 0.753083
vt 0.178562 0.762770
vt 0.204382 0.782396
vt 0.195487 0.792277
vt 0.222756 0.811614
vt 0.231777 0.800932
vt 0.213740 0.771784
vt 0.196766 0.743440
vt 0.169408 0.819050
vt 0.153127 0.788202
vt 0.137739 0.757698
vt 0.134267 0.738723
vt 0.151175 0.722930
vt 0.350141 0.744211
vt 0.319714 0.763409
vt 0.334990 0.769345
vt 0.303090 0.788277
vt 0.318471 0.794937
vt 0.300456 0.821063
vt 0.321246 0.847820
vt 0.357226 0.731832
vt 0.379196 0.752849
vt 0.364428 0.779143
vt 0.348244 0.806068
vt 0.330581 0.833726
vt 0.343188 0.874350
vt 0.334579 0.887749
vt 0.325956 0.900877
vt 0.317145 0.913986
vt 0.363949 0.719481
vt 0.386074 0.739893
vt 0.392600 0.727019
vt 0.408341 0.761159
vt 0.421220 0.734349
vt 0.361888 0.691091
vt 0.370374 0.707258
vt 0.398747 0.714277
vt 0.427130 0.721194
vt 0.376437 0.695066
vt 0.404557 0.701635
vt 0.432685 0.708143
vt 0.248415 0.729554
vt 0.231678 0.750517
vt 0.262048 0.736808
vt 0.245277 0.758600
vt 0.275977 0.743837
vt 0.259195 0.766409
vt 0.290219 0.750627
vt 0.273478 0.773956
vt 0.304792 0.757159
vt 0.264131 0.708851
vt 0.277754 0.715312
vt 0.291638 0.721570
vt 0.305799 0.727607
vt 0.320257 0.733402
vt 0.335033 0.738928
vt 0.278828 0.688356
vt 0.292382 0.694078
vt 0.306177 0.699575
vt 0.320215 0.704892
vt 0.334513 0.710005
vt 0.349097 0.714889
vt 0.285800 0.678205
vt 0.292441 0.667991
vt 0.265925 0.657770
vt 0.272384 0.648417
vt 0.278481 0.638987
vt 0.284344 0.629567
vt 0.205430 0.733704
vt 0.221985 0.714460
vt 0.209144 0.706644
vt 0.237605 0.695418
vt 0.224656 0.688478
vt 0.252260 0.676522
vt 0.239237 0.670421
vt 0.252825 0.652512
vt 0.218391 0.742199
vt 0.235051 0.722085
vt 0.250741 0.702201
vt 0.265451 0.682495
vt 0.259261 0.667169
vt 0.163119 0.733363
vt 0.180260 0.715905
vt 0.168064 0.706388
vt 0.196498 0.698492
vt 0.184054 0.689919
vt 0.211852 0.681239
vt 0.199204 0.673607
vt 0.226308 0.664083
vt 0.213498 0.657380
vt 0.239816 0.647001
vt 0.226880 0.641183
vt 0.361110 0.845428
vt 0.378307 0.816482
vt 0.394050 0.788423
vt 0.347545 0.686826
vt 0.333453 0.682364
vt 0.058065 0.693676
vt 0.077446 0.701047
vt 0.079906 0.719572
vt 0.054656 0.695356
vt 0.052435 0.691408
vt 0.046481 0.680020
vt 0.156096 0.696640
vt 0.128113 0.701128
vt 0.139516 0.712160
vt 0.112042 0.715139
vt 0.122948 0.727096
vt 0.115197 0.733888
vt 0.014759 0.594159
vt 0.015822 0.599439
vt 0.019015 0.580607
vt 0.019775 0.598287
vt 0.018184 0.528522
vt 0.011272 0.530882
vt 0.008300 0.531836
vt 0.005467 0.531419
vt 0.171785 0.681128
vt 0.159637 0.672194
vt 0.144508 0.795815
vt 0.129783 0.764827
vt 0.132759 0.676458
vt 0.147724 0.662991
vt 0.186674 0.665776
vt 0.174275 0.657780
vt 0.162017 0.649579
vt 0.149845 0.641202
vt 0.081072 0.677837
vt 0.095715 0.666765
vt 0.110426 0.655258
vt 0.124440 0.643851
vt 0.137802 0.632549
vt 0.200762 0.650494
vt 0.188107 0.643455
vt 0.175528 0.636234
vt 0.163009 0.628817
vt 0.150536 0.621166
vt 0.138079 0.613292
vt 0.062597 0.650923
vt 0.075813 0.642056
vt 0.089145 0.632787
vt 0.101883 0.623558
vt 0.114055 0.614365
vt 0.125641 0.605109
vt 0.046040 0.622538
vt 0.057543 0.615941
vt 0.059415 0.596375
vt 0.069034 0.608864
vt 0.080200 0.601868
vt 0.011281 0.513860
vt 0.014757 0.512693
vt 0.024955 0.525922
vt 0.031375 0.522927
vt 0.049029 0.531105
vt 0.068611 0.536269
vt 0.035435 0.538571
vt 0.025652 0.542769
vt 0.015674 0.546600
vt 0.011362 0.548140
vt 0.008554 0.562218
vt 0.110531 0.536891
vt 0.089361 0.538278
vt 0.105047 0.544410
vt 0.083817 0.543976
vt 0.098756 0.551170
vt 0.077697 0.549151
vt 0.091792 0.557381
vt 0.071127 0.553882
vt 0.084287 0.563131
vt 0.064182 0.558268
vt 0.076323 0.568525
vt 0.056935 0.562405
vt 0.067972 0.573667
vt 0.041693 0.570258
vt 0.050344 0.583502
vt 0.025885 0.577609
vt 0.031851 0.592772
vt 0.023721 0.596651
vt 0.144684 0.540581
vt 0.141901 0.545784
vt 0.135461 0.555411
vt 0.127981 0.564224
vt 0.119634 0.572470
vt 0.110579 0.580248
vt 0.035771 0.628308
vt 0.014630 0.564523
vt 0.020350 0.562252
vt 0.033446 0.556690
vt 0.046089 0.550712
vt 0.162636 0.538093
vt 0.160057 0.544013
vt 0.157107 0.549699
vt 0.150230 0.560304
vt 0.142252 0.570092
vt 0.133338 0.579324
vt 0.123658 0.588100
vt 0.413401 0.960077
vt 0.379449 0.948169
vt 0.341423 0.941940
vt 0.364740 0.951076
vt 0.375362 0.955195
vt 0.409505 0.967263
vt 0.443855 0.978509
vt 0.345760 0.935093
vt 0.383485 0.941054
vt 0.425022 0.938152
vt 0.466302 0.934113
vt 0.350029 0.928204
vt 0.391458 0.926820
vt 0.358409 0.914442
vt 0.399336 0.912661
vt 0.366666 0.900678
vt 0.407336 0.898165
vt 0.374947 0.886644
vt 0.415519 0.883097
vt 0.392213 0.856644
vt 0.646174 0.864317
vt 0.640188 0.880942
vt 0.633973 0.898036
vt 0.627424 0.915501
vt 0.620680 0.933238
vt 0.613919 0.950086
vt 0.651795 0.848054
vt 0.819019 0.844712
vt 0.802939 0.846830
vt 0.733148 0.824789
vt 0.741903 0.793719
vt 0.745820 0.778727
vt 0.749453 0.763966
vt 0.752815 0.749377
vt 0.755911 0.734886
vt 0.758747 0.720419
vt 0.761329 0.705901
vt 0.582825 0.837041
vt 0.576766 0.852820
vt 0.570417 0.868957
vt 0.563783 0.885471
vt 0.556877 0.902382
vt 0.549753 0.919569
vt 0.542741 0.935938
vt 0.423914 0.867155
vt 0.432078 0.851498
vt 0.408839 0.826531
vt 0.439859 0.836128
vt 0.447348 0.821106
vt 0.473731 0.918868
vt 0.481249 0.903102
vt 0.488935 0.886501
vt 0.496371 0.870168
vt 0.503492 0.854219
vt 0.510287 0.838629
vt 0.516809 0.823224
vt 0.588625 0.821673
vt 0.657176 0.832223
vt 0.803483 0.858363
vt 0.662187 0.816704
vt 0.594027 0.806599
vt 0.529041 0.793701
vt 0.485242 0.814947
vt 0.710286 0.536301
vt 0.646047 0.534302
vt 0.709487 0.555398
vt 0.645202 0.552310
vt 0.708396 0.573945
vt 0.644051 0.569890
vt 0.707054 0.591900
vt 0.642628 0.586993
vt 0.705497 0.609233
vt 0.640966 0.603583
vt 0.703748 0.625940
vt 0.639087 0.619648
vt 0.701824 0.642013
vt 0.637008 0.635172
vt 0.699735 0.657471
vt 0.634745 0.650162
vt 0.697486 0.672348
vt 0.632306 0.664639
vt 0.695044 0.686849
vt 0.629667 0.678777
vt 0.692418 0.700953
vt 0.626787 0.692787
vt 0.689564 0.715038
vt 0.623657 0.706736
vt 0.686468 0.729145
vt 0.620266 0.720677
vt 0.683117 0.743310
vt 0.616608 0.734650
vt 0.679505 0.757587
vt 0.612673 0.748704
vt 0.675624 0.772027
vt 0.608452 0.762887
vt 0.671473 0.786673
vt 0.603939 0.777240
vt 0.666957 0.801548
vt 0.599131 0.791799
vt 0.424055 0.797494
vt 0.454398 0.806247
vt 0.467575 0.777526
vt 0.497801 0.785894
vt 0.534641 0.779221
vt 0.479427 0.749630
vt 0.437796 0.769294
vt 0.325873 0.666849
vt 0.339619 0.671148
vt 0.353584 0.675282
vt 0.367772 0.679226
vt 0.382160 0.682927
vt 0.410032 0.689095
vt 0.437934 0.695306
vt 0.461154 0.715085
vt 0.455827 0.728398
vt 0.450154 0.741857
vt 0.585316 0.531580
vt 0.584458 0.548267
vt 0.583279 0.564636
vt 0.581809 0.580645
vt 0.580075 0.596267
vt 0.578092 0.611489
vt 0.575879 0.626296
vt 0.573448 0.640690
vt 0.570809 0.654683
vt 0.567940 0.668426
vt 0.564801 0.682106
vt 0.561383 0.695769
vt 0.557679 0.709451
vt 0.553682 0.723182
vn 0.0293 -0.8684 0.4949
vn 0.0233 -0.8718 0.4894
vn 0.0283 -0.8690 0.4940
vn 0.9346 -0.0623 -0.3502
vn 0.9326 -0.0612 -0.3557
vn 0.9332 -0.0646 -0.3534
vn 0.9493 -0.0538 -0.3097
vn 0.9486 -0.0547 -0.3119
vn 0.9474 -0.0568 -0.3151
vn 0.0296 -0.8683 0.4952
vn 0.0265 -0.8683 0.4954
vn 0.4549 -0.8185 0.3509
vn 0.4552 -0.8170 0.3539
vn 0.4552 -0.8184 0.3507
vn 0.6339 -0.6950 0.3394
vn 0.9109 -0.4101 -0.0448
vn 0.7631 -0.6171 0.1918
vn 0.8905 -0.4542 -0.0276
vn 0.7287 -0.5094 0.4578
vn 0.7027 -0.4656 0.5379
vn 0.7923 -0.2920 0.5357
vn 0.9772 -0.2099 0.0331
vn 0.9147 -0.0529 0.4006
vn 0.9146 -0.0528 0.4009
vn 0.9128 -0.0634 0.4034
vn 0.9144 -0.0524 0.4015
vn 0.0098 -0.9285 -0.3712
vn 0.0054 -0.9285 -0.3712
vn 0.0106 -0.9285 -0.3712
vn 0.0551 -0.9579 -0.2816
vn 0.0550 -0.9579 -0.2817
vn -0.0028 -0.8817 0.4718
vn -0.0028 -0.8818 0.4716
vn -0.0011 -0.8814 0.4723
vn 0.1082 -0.9927 0.0525
vn 0.1123 -0.9923 0.0529
vn 0.1110 -0.9924 0.0527
vn 0.0719 -0.8790 -0.4713
vn 0.0117 -0.8771 0.4802
vn 0.0073 -0.8786 0.4775
vn 0.0109 -0.8773 0.4799
vn 0.1591 -0.9764 0.1463
vn 0.1583 -0.9767 0.1450
vn 0.1629 -0.9748 0.1522
vn 0.0204 -0.8733 0.4868
vn 0.0030 -0.8801 0.4748
vn 0.9919 -0.0456 0.1182
vn 0.9910 -0.0414 0.1273
vn 0.9914 -0.0435 0.1236
vn 0.2818 -0.0975 -0.9545
vn 0.2750 -0.0997 -0.9563
vn 0.2777 -0.0993 -0.9555
vn 0.5523 -0.1241 -0.8244
vn 0.5598 -0.1208 -0.8197
vn 0.5566 -0.1226 -0.8217
vn 0.9502 -0.0945 -0.2970
vn 0.9487 -0.0883 -0.3035
vn 0.9510 -0.0851 -0.2974
vn 0.9503 -0.0860 -0.2991
vn 0.9986 -0.0423 -0.0306
vn 0.9985 -0.0443 -0.0324
vn 0.9985 -0.0446 -0.0329
vn 0.9989 -0.0440 -0.0131
vn 0.9990 -0.0445 -0.0090
vn 0.9989 -0.0452 -0.0088
vn 0.9989 -0.0459 -0.0029
vn 0.9982 -0.0364 -0.0467
vn 0.9982 -0.0369 -0.0465
vn 0.9980 -0.0323 -0.0544
vn 0.9982 -0.0371 -0.0465
vn 0.9978 -0.0379 -0.0535
vn 0.9983 -0.0359 -0.0459
vn 0.9981 -0.0375 -0.0482
vn 0.9988 -0.0392 -0.0308
vn 0.9987 -0.0406 -0.0306
vn 0.9977 -0.0302 -0.0609
vn 0.9980 -0.0321 -0.0538
vn 0.9982 -0.0346 -0.0484
vn 0.9939 -0.0284 -0.1064
vn 0.9938 -0.0287 -0.1071
vn 0.9941 -0.0282 -0.1044
vn 0.9954 -0.0268 -0.0918
vn 0.9951 -0.0253 -0.0955
vn 0.9960 -0.0264 -0.0855
vn 0.9963 -0.0298 -0.0808
vn 0.9727 -0.0661 -0.2222
vn 0.9797 -0.0558 -0.1927
vn 0.9187 -0.1016 -0.3816
vn 0.9177 -0.1005 -0.3843
vn 0.9186 -0.1017 -0.3818
vn 0.9193 -0.1032 -0.3797
vn 0.8987 -0.1058 -0.4255
vn 0.8985 -0.1064 -0.4259
vn 0.8975 -0.1070 -0.4279
vn 0.8979 -0.0984 -0.4290
vn 0.8753 -0.1094 -0.4710
vn 0.8740 -0.1100 -0.4734
vn 0.8722 -0.1113 -0.4763
vn 0.4549 -0.1160 -0.8829
vn 0.4030 -0.1097 -0.9086
vn 0.4244 -0.1198 -0.8975
vn 0.4245 -0.1183 -0.8977
vn 0.4244 -0.1213 -0.8973
vn 0.1283 -0.0888 -0.9878
vn 0.1203 -0.0919 -0.9885
vn 0.1229 -0.0909 -0.9883
vn 0.9977 -0.0620 0.0259
vn 0.9967 -0.0485 0.0658
vn 0.9987 -0.0505 0.0012
vn 0.9985 -0.0546 0.0039
vn 0.9987 -0.0500 -0.0048
vn 0.9989 -0.0475 0.0046
vn 0.9988 -0.0499 0.0017
vn 0.7052 -0.1136 -0.6998
vn 0.7299 -0.1323 -0.6707
vn 0.7297 -0.1325 -0.6708
vn 0.7298 -0.1318 -0.6709
vn 0.7300 -0.1280 -0.6713
vn 0.5949 -0.1102 -0.7962
vn 0.5943 -0.1256 -0.7943
vn 0.6357 -0.1074 -0.7644
vn 0.3623 -0.1038 -0.9262
vn 0.3816 -0.1126 -0.9175
vn 0.3816 -0.1110 -0.9176
vn 0.3815 -0.1141 -0.9173
vn 0.4692 -0.1044 -0.8769
vn 0.4689 -0.1197 -0.8751
vn 0.0652 -0.0888 -0.9939
vn 0.0672 -0.0875 -0.9939
vn 0.0563 -0.0882 -0.9945
vn 0.0586 -0.0872 -0.9945
vn 0.0521 -0.0882 -0.9947
vn 0.3194 -0.0996 -0.9424
vn 0.3339 -0.1066 -0.9366
vn 0.3339 -0.1049 -0.9368
vn 0.3338 -0.1081 -0.9364
vn 0.4204 -0.0997 -0.9018
vn 0.4202 -0.1145 -0.9002
vn 0.5390 -0.1020 -0.8361
vn 0.5389 -0.1204 -0.8337
vn 0.2345 -0.0964 -0.9673
vn 0.2440 -0.0955 -0.9651
vn 0.2392 -0.0964 -0.9662
vn 0.2832 -0.1028 -0.9535
vn 0.2834 -0.1031 -0.9534
vn 0.3668 -0.1093 -0.9239
vn 0.3670 -0.0961 -0.9253
vn 0.3669 -0.0968 -0.9252
vn 0.3668 -0.1098 -0.9238
vn 0.4833 -0.0996 -0.8698
vn 0.4833 -0.1172 -0.8676
vn 0.5666 -0.1092 -0.8167
vn 0.5666 -0.1318 -0.8134
vn 0.8550 -0.1117 -0.5064
vn 0.8579 -0.1284 -0.4974
vn 0.8542 -0.1330 -0.5026
vn 0.8549 -0.1321 -0.5016
vn 0.8587 -0.1275 -0.4965
vn 0.8614 -0.1431 -0.4874
vn 0.8577 -0.1476 -0.4924
vn 0.8584 -0.1468 -0.4915
vn 0.8620 -0.1422 -0.4865
vn 0.8616 -0.1844 -0.4728
vn 0.8590 -0.1879 -0.4762
vn 0.8595 -0.1872 -0.4756
vn 0.8621 -0.1838 -0.4722
vn 0.8587 -0.2314 -0.4573
vn 0.8572 -0.2334 -0.4591
vn 0.8575 -0.2331 -0.4587
vn 0.8590 -0.2310 -0.4570
vn 0.7604 -0.0958 -0.6424
vn 0.7600 -0.1119 -0.6402
vn 0.7750 -0.1027 -0.6235
vn 0.7744 -0.1295 -0.6194
vn 0.7889 -0.1205 -0.6026
vn 0.7944 -0.1355 -0.5921
vn 0.7883 -0.1417 -0.5987
vn 0.7895 -0.1405 -0.5974
vn 0.7955 -0.1343 -0.5908
vn 0.8007 -0.1499 -0.5800
vn 0.7948 -0.1560 -0.5865
vn 0.7959 -0.1548 -0.5852
vn 0.8018 -0.1488 -0.5788
vn 0.8034 -0.1978 -0.5616
vn 0.7988 -0.2028 -0.5664
vn 0.7996 -0.2018 -0.5655
vn 0.8042 -0.1969 -0.5607
vn 0.8020 -0.2515 -0.5417
vn 0.7988 -0.2551 -0.5448
vn 0.7994 -0.2544 -0.5442
vn 0.8026 -0.2509 -0.5411
vn 0.8137 -0.0974 -0.5731
vn 0.8129 -0.1247 -0.5689
vn 0.8244 -0.1167 -0.5539
vn 0.8285 -0.1326 -0.5441
vn 0.8237 -0.1380 -0.5500
vn 0.8246 -0.1370 -0.5489
vn 0.8294 -0.1315 -0.5430
vn 0.8331 -0.1471 -0.5331
vn 0.8285 -0.1524 -0.5388
vn 0.8294 -0.1514 -0.5377
vn 0.8340 -0.1461 -0.5320
vn 0.8346 -0.1916 -0.5165
vn 0.8310 -0.1958 -0.5206
vn 0.8317 -0.1950 -0.5199
vn 0.8352 -0.1909 -0.5158
vn 0.8323 -0.2418 -0.4988
vn 0.8300 -0.2446 -0.5013
vn 0.8304 -0.2441 -0.5009
vn 0.8327 -0.2413 -0.4984
vn 0.6577 -0.1103 -0.7451
vn 0.6576 -0.1105 -0.7452
vn 0.6574 -0.1200 -0.7440
vn 0.6575 -0.1202 -0.7438
vn 0.6800 -0.1093 -0.7250
vn 0.6796 -0.1346 -0.7211
vn 0.7015 -0.1239 -0.7018
vn 0.7012 -0.1445 -0.6982
vn 0.7120 -0.1355 -0.6890
vn 0.7116 -0.1587 -0.6845
vn 0.7219 -0.1497 -0.6756
vn 0.7266 -0.2066 -0.6553
vn 0.7195 -0.2130 -0.6610
vn 0.7209 -0.2117 -0.6600
vn 0.7279 -0.2054 -0.6542
vn 0.7281 -0.2682 -0.6309
vn 0.7226 -0.2733 -0.6350
vn 0.7236 -0.2724 -0.6342
vn 0.7290 -0.2673 -0.6301
vn 0.6896 -0.1094 -0.7159
vn 0.6895 -0.1096 -0.7160
vn 0.6894 -0.1116 -0.7158
vn 0.6895 -0.1117 -0.7156
vn 0.7123 -0.0998 -0.6948
vn 0.7119 -0.1168 -0.6925
vn 0.7305 -0.1067 -0.6745
vn 0.7300 -0.1329 -0.6704
vn 0.7481 -0.1230 -0.6521
vn 0.7476 -0.1439 -0.6483
vn 0.7565 -0.1357 -0.6397
vn 0.7560 -0.1581 -0.6352
vn 0.7646 -0.1500 -0.6268
vn 0.7676 -0.2029 -0.6080
vn 0.7618 -0.2086 -0.6133
vn 0.7629 -0.2075 -0.6123
vn 0.7686 -0.2018 -0.6070
vn 0.7675 -0.2605 -0.5857
vn 0.7632 -0.2648 -0.5894
vn 0.7640 -0.2640 -0.5887
vn 0.7682 -0.2596 -0.5851
vn 0.2110 -0.0912 -0.9732
vn 0.2319 -0.0978 -0.9678
vn 0.2319 -0.0989 -0.9677
vn 0.3106 -0.1050 -0.9447
vn 0.3110 -0.0933 -0.9458
vn 0.3108 -0.0940 -0.9458
vn 0.3109 -0.1054 -0.9446
vn 0.4228 -0.0973 -0.9010
vn 0.4229 -0.1137 -0.8990
vn 0.5098 -0.1071 -0.8536
vn 0.5098 -0.1275 -0.8508
vn 0.5941 -0.1207 -0.7953
vn 0.5941 -0.1398 -0.7921
vn 0.1643 -0.0893 -0.9824
vn 0.1802 -0.0945 -0.9791
vn 0.1802 -0.0938 -0.9792
vn 0.1802 -0.0946 -0.9791
vn 0.1802 -0.0953 -0.9790
vn 0.2539 -0.1010 -0.9619
vn 0.2542 -0.0910 -0.9629
vn 0.2541 -0.0916 -0.9628
vn 0.2541 -0.1013 -0.9619
vn 0.3596 -0.0952 -0.9282
vn 0.3597 -0.1097 -0.9266
vn 0.4478 -0.1046 -0.8880
vn 0.4479 -0.1225 -0.8856
vn 0.5369 -0.1172 -0.8355
vn 0.5371 -0.1347 -0.8327
vn 0.6078 -0.1298 -0.7834
vn 0.6078 -0.1539 -0.7790
vn 0.1290 -0.0932 -0.9873
vn 0.1329 -0.0908 -0.9870
vn 0.1175 -0.0917 -0.9888
vn 0.1209 -0.0896 -0.9886
vn 0.1138 -0.0878 -0.9896
vn 0.1137 -0.0876 -0.9896
vn 0.0954 -0.0909 -0.9913
vn 0.0954 -0.0901 -0.9914
vn 0.0748 -0.0879 -0.9933
vn 0.0724 -0.0894 -0.9934
vn 0.0810 -0.0886 -0.9928
vn 0.0782 -0.0900 -0.9929
vn 0.0821 -0.0875 -0.9928
vn 0.0865 -0.1006 -0.9912
vn 0.0822 -0.1032 -0.9913
vn 0.0828 -0.1028 -0.9912
vn 0.0870 -0.1002 -0.9912
vn 0.0873 -0.1621 -0.9829
vn 0.0876 -0.1622 -0.9829
vn 0.0894 -0.1646 -0.9823
vn 0.0188 -0.1623 -0.9866
vn 0.0184 -0.1620 -0.9866
vn 0.0189 -0.1623 -0.9866
vn 0.0140 -0.2487 -0.9685
vn 0.0337 -0.2105 -0.9770
vn 0.0915 -0.2128 -0.9728
vn 0.0896 -0.2104 -0.9735
vn 0.0897 -0.2107 -0.9734
vn 0.0896 -0.1649 -0.9822
vn 0.1560 -0.1687 -0.9732
vn 0.1525 -0.1648 -0.9745
vn 0.1529 -0.1649 -0.9744
vn 0.1455 -0.1074 -0.9835
vn 0.1520 -0.1035 -0.9829
vn 0.1510 -0.1040 -0.9830
vn 0.1446 -0.1081 -0.9836
vn 0.1383 -0.0945 -0.9859
vn 0.1444 -0.0906 -0.9854
vn 0.1427 -0.0923 -0.9854
vn 0.2310 -0.0910 -0.9687
vn 0.2310 -0.0912 -0.9687
vn 0.2311 -0.1004 -0.9677
vn 0.2311 -0.1009 -0.9677
vn 0.2490 -0.0949 -0.9639
vn 0.2489 -0.0954 -0.9638
vn 0.2490 -0.1044 -0.9629
vn 0.2490 -0.1049 -0.9628
vn 0.2693 -0.0983 -0.9580
vn 0.2692 -0.0987 -0.9580
vn 0.2778 -0.1034 -0.9550
vn 0.2708 -0.1069 -0.9567
vn 0.2804 -0.1010 -0.9546
vn 0.2905 -0.1153 -0.9499
vn 0.2807 -0.1215 -0.9521
vn 0.2822 -0.1205 -0.9518
vn 0.2921 -0.1144 -0.9495
vn 0.2927 -0.1734 -0.9403
vn 0.2931 -0.1736 -0.9402
vn 0.2978 -0.1794 -0.9376
vn 0.2217 -0.1692 -0.9603
vn 0.2262 -0.1742 -0.9584
vn 0.2257 -0.1741 -0.9585
vn 0.2262 -0.2156 -0.9499
vn 0.2265 -0.2158 -0.9498
vn 0.2303 -0.2203 -0.9478
vn 0.1563 -0.2128 -0.9645
vn 0.1594 -0.2166 -0.9632
vn 0.1592 -0.2163 -0.9633
vn 0.1591 -0.2603 -0.9523
vn 0.1592 -0.2605 -0.9522
vn 0.1620 -0.2637 -0.9509
vn 0.0916 -0.2588 -0.9616
vn 0.0936 -0.2611 -0.9608
vn 0.0935 -0.2610 -0.9608
vn 0.0933 -0.3067 -0.9472
vn 0.0934 -0.3068 -0.9472
vn 0.0951 -0.3088 -0.9464
vn 0.3162 -0.0983 -0.9436
vn 0.3164 -0.0988 -0.9435
vn 0.3165 -0.1104 -0.9421
vn 0.3163 -0.1110 -0.9422
vn 0.3392 -0.1034 -0.9350
vn 0.3389 -0.1038 -0.9351
vn 0.3393 -0.1141 -0.9337
vn 0.3394 -0.1151 -0.9336
vn 0.3517 -0.1073 -0.9300
vn 0.3521 -0.1290 -0.9271
vn 0.3646 -0.1210 -0.9233
vn 0.3652 -0.1781 -0.9137
vn 0.3657 -0.1782 -0.9135
vn 0.3710 -0.1844 -0.9101
vn 0.2981 -0.1797 -0.9375
vn 0.2979 -0.2190 -0.9291
vn 0.2983 -0.2192 -0.9290
vn 0.3027 -0.2244 -0.9263
vn 0.2304 -0.2207 -0.9477
vn 0.2300 -0.2624 -0.9372
vn 0.2303 -0.2626 -0.9370
vn 0.2338 -0.2666 -0.9350
vn 0.1622 -0.2639 -0.9508
vn 0.1616 -0.3078 -0.9376
vn 0.1617 -0.3080 -0.9375
vn 0.1643 -0.3110 -0.9361
vn 0.0952 -0.3090 -0.9463
vn 0.0946 -0.3545 -0.9303
vn 0.0956 -0.3556 -0.9297
vn 0.0963 -0.3565 -0.9293
vn 0.0177 -0.0858 -0.9962
vn 0.0203 -0.0869 -0.9960
vn 0.0234 -0.0865 -0.9960
vn 0.0225 -0.0867 -0.9960
vn 0.0254 -0.0869 -0.9959
vn 0.0245 -0.0869 -0.9959
vn 0.0293 -0.0984 -0.9947
vn 0.0259 -0.0996 -0.9947
vn 0.0315 -0.0961 -0.9949
vn 0.0244 -0.1673 -0.9856
vn 0.0195 -0.0870 -0.9960
vn 0.0177 -0.0868 -0.9961
vn 0.0159 -0.0863 -0.9961
vn 0.0156 -0.0866 -0.9961
vn 0.7743 -0.5761 -0.2620
vn 0.7528 -0.5894 -0.2931
vn 0.7516 -0.5736 -0.3257
vn 0.7483 -0.5800 -0.3220
vn 0.7485 -0.5797 -0.3221
vn 0.6770 -0.7006 -0.2255
vn 0.5651 -0.4849 -0.6675
vn 0.5651 -0.4850 -0.6675
vn 0.5656 -0.4855 -0.6666
vn 0.6171 -0.4718 -0.6297
vn 0.6167 -0.4713 -0.6305
vn 0.6176 -0.4723 -0.6289
vn 0.6638 -0.4580 -0.5913
vn 0.6635 -0.4576 -0.5920
vn 0.6641 -0.4584 -0.5906
vn 0.7054 -0.4436 -0.5528
vn 0.7052 -0.4434 -0.5533
vn 0.7056 -0.4439 -0.5524
vn 0.7424 -0.4288 -0.5147
vn 0.7423 -0.4287 -0.5149
vn 0.7425 -0.4289 -0.5145
vn 0.7753 -0.4137 -0.4773
vn 0.8043 -0.3986 -0.4407
vn 0.8044 -0.3987 -0.4405
vn 0.8043 -0.3985 -0.4408
vn 0.8302 -0.3833 -0.4047
vn 0.8303 -0.3835 -0.4044
vn 0.8302 -0.3834 -0.4047
vn 0.8301 -0.3832 -0.4051
vn 0.5000 -0.5377 -0.6789
vn 0.5001 -0.5377 -0.6788
vn 0.5007 -0.5383 -0.6779
vn 0.5570 -0.5256 -0.6431
vn 0.5564 -0.5250 -0.6440
vn 0.5575 -0.5262 -0.6421
vn 0.6082 -0.5127 -0.6060
vn 0.6077 -0.5121 -0.6070
vn 0.6087 -0.5133 -0.6050
vn 0.6540 -0.4994 -0.5683
vn 0.6536 -0.4988 -0.5692
vn 0.6540 -0.4993 -0.5683
vn 0.6544 -0.4999 -0.5673
vn 0.6947 -0.4856 -0.5306
vn 0.6943 -0.4852 -0.5315
vn 0.6947 -0.4856 -0.5307
vn 0.6950 -0.4860 -0.5298
vn 0.7309 -0.4717 -0.4932
vn 0.7307 -0.4713 -0.4939
vn 0.7309 -0.4716 -0.4933
vn 0.7312 -0.4720 -0.4926
vn 0.7631 -0.4576 -0.4565
vn 0.7629 -0.4573 -0.4570
vn 0.7632 -0.4578 -0.4560
vn 0.7915 -0.4435 -0.4204
vn 0.7914 -0.4434 -0.4208
vn 0.7915 -0.4435 -0.4205
vn 0.7916 -0.4437 -0.4201
vn 0.8169 -0.4295 -0.3850
vn 0.8168 -0.4294 -0.3853
vn 0.8169 -0.4295 -0.3851
vn 0.8169 -0.4296 -0.3848
vn 0.4754 -0.8550 -0.2073
vn 0.2297 -0.9670 0.1105
vn 0.1967 -0.9762 0.0917
vn 0.1986 -0.9756 0.0937
vn 0.1919 -0.9776 0.0867
vn 0.1901 -0.9781 0.0849
vn 0.1563 -0.9852 0.0707
vn 0.1556 -0.9853 0.0706
vn 0.1542 -0.9855 0.0703
vn 0.4312 -0.5879 -0.6845
vn 0.4312 -0.5879 -0.6844
vn 0.4319 -0.5885 -0.6835
vn 0.4918 -0.5769 -0.6521
vn 0.4912 -0.5763 -0.6531
vn 0.4924 -0.5776 -0.6511
vn 0.5478 -0.5649 -0.6172
vn 0.5471 -0.5642 -0.6183
vn 0.5484 -0.5655 -0.6160
vn 0.5982 -0.5521 -0.5808
vn 0.5976 -0.5515 -0.5820
vn 0.5981 -0.5521 -0.5808
vn 0.5987 -0.5528 -0.5796
vn 0.6431 -0.5391 -0.5439
vn 0.6426 -0.5385 -0.5451
vn 0.6436 -0.5397 -0.5427
vn 0.6829 -0.5259 -0.5070
vn 0.6825 -0.5253 -0.5082
vn 0.6829 -0.5258 -0.5071
vn 0.6833 -0.5264 -0.5060
vn 0.7184 -0.5125 -0.4704
vn 0.7180 -0.5120 -0.4715
vn 0.7183 -0.5125 -0.4705
vn 0.7187 -0.5130 -0.4694
vn 0.7498 -0.4992 -0.4343
vn 0.7495 -0.4988 -0.4353
vn 0.7498 -0.4991 -0.4344
vn 0.7501 -0.4996 -0.4334
vn 0.7776 -0.4860 -0.3989
vn 0.7774 -0.4856 -0.3998
vn 0.7776 -0.4860 -0.3990
vn 0.7778 -0.4863 -0.3981
vn 0.8024 -0.4729 -0.3641
vn 0.8022 -0.4726 -0.3648
vn 0.8023 -0.4729 -0.3641
vn 0.8025 -0.4732 -0.3634
vn 0.3597 -0.6355 -0.6832
vn 0.3597 -0.6356 -0.6831
vn 0.3603 -0.6361 -0.6823
vn 0.4230 -0.6259 -0.6552
vn 0.4223 -0.6253 -0.6562
vn 0.4236 -0.6265 -0.6543
vn 0.4825 -0.6149 -0.6238
vn 0.4818 -0.6143 -0.6249
vn 0.4831 -0.6155 -0.6227
vn 0.5375 -0.6028 -0.5898
vn 0.5368 -0.6021 -0.5910
vn 0.5374 -0.6027 -0.5898
vn 0.5381 -0.6034 -0.5885
vn 0.5870 -0.5901 -0.5543
vn 0.5864 -0.5894 -0.5557
vn 0.5876 -0.5907 -0.5529
vn 0.6311 -0.5772 -0.5182
vn 0.6305 -0.5765 -0.5197
vn 0.6311 -0.5772 -0.5183
vn 0.6317 -0.5778 -0.5168
vn 0.6701 -0.5643 -0.4822
vn 0.6696 -0.5637 -0.4837
vn 0.6700 -0.5643 -0.4823
vn 0.6706 -0.5649 -0.4809
vn 0.7048 -0.5514 -0.4464
vn 0.7043 -0.5508 -0.4478
vn 0.7047 -0.5513 -0.4465
vn 0.7052 -0.5519 -0.4451
vn 0.7355 -0.5386 -0.4110
vn 0.7351 -0.5381 -0.4124
vn 0.7355 -0.5386 -0.4111
vn 0.7358 -0.5391 -0.4098
vn 0.7627 -0.5261 -0.3763
vn 0.7624 -0.5256 -0.3776
vn 0.7626 -0.5260 -0.3764
vn 0.7629 -0.5265 -0.3751
vn 0.7868 -0.5137 -0.3420
vn 0.7866 -0.5133 -0.3432
vn 0.7868 -0.5137 -0.3421
vn 0.7870 -0.5142 -0.3409
vn 0.7690 -0.5536 -0.3195
vn 0.7517 -0.5733 -0.3259
vn 0.7463 -0.5635 -0.3542
vn 0.7206 -0.5765 -0.3851
vn 0.7205 -0.5768 -0.3850
vn 0.7201 -0.5762 -0.3866
vn 0.7197 -0.5756 -0.3882
vn 0.6903 -0.5893 -0.4198
vn 0.6905 -0.5892 -0.4196
vn 0.6901 -0.5886 -0.4212
vn 0.6896 -0.5880 -0.4228
vn 0.6561 -0.6012 -0.4563
vn 0.6566 -0.6018 -0.4546
vn 0.6561 -0.6012 -0.4561
vn 0.6556 -0.6006 -0.4578
vn 0.6179 -0.6139 -0.4913
vn 0.6186 -0.6145 -0.4896
vn 0.6180 -0.6139 -0.4911
vn 0.6173 -0.6132 -0.4928
vn 0.5746 -0.6267 -0.5264
vn 0.5753 -0.6273 -0.5248
vn 0.5747 -0.6267 -0.5263
vn 0.5740 -0.6261 -0.5278
vn 0.5259 -0.6394 -0.5609
vn 0.5266 -0.6400 -0.5595
vn 0.5260 -0.6394 -0.5608
vn 0.5253 -0.6388 -0.5622
vn 0.4720 -0.6516 -0.5939
vn 0.4726 -0.6521 -0.5927
vn 0.4713 -0.6510 -0.5950
vn 0.4136 -0.6627 -0.6243
vn 0.4142 -0.6633 -0.6233
vn 0.4130 -0.6622 -0.6252
vn 0.3516 -0.6725 -0.6512
vn 0.3522 -0.6730 -0.6504
vn 0.3511 -0.6721 -0.6520
vn 0.2864 -0.6807 -0.6742
vn 0.2869 -0.6812 -0.6736
vn 0.2148 -0.7228 -0.6568
vn 0.2152 -0.7231 -0.6564
vn 0.2789 -0.7164 -0.6395
vn 0.2784 -0.7160 -0.6401
vn 0.2794 -0.7167 -0.6389
vn 0.3426 -0.7081 -0.6175
vn 0.3420 -0.7076 -0.6183
vn 0.3426 -0.7080 -0.6175
vn 0.3431 -0.7085 -0.6167
vn 0.4032 -0.6982 -0.5916
vn 0.4026 -0.6977 -0.5926
vn 0.4032 -0.6981 -0.5916
vn 0.4038 -0.6986 -0.5906
vn 0.4603 -0.6869 -0.5623
vn 0.4597 -0.6864 -0.5635
vn 0.4603 -0.6869 -0.5624
vn 0.4610 -0.6874 -0.5612
vn 0.5133 -0.6747 -0.5304
vn 0.5126 -0.6741 -0.5318
vn 0.5132 -0.6746 -0.5305
vn 0.5140 -0.6752 -0.5291
vn 0.5611 -0.6620 -0.4969
vn 0.5604 -0.6613 -0.4986
vn 0.5615 -0.6627 -0.4955
vn 0.5618 -0.6626 -0.4954
vn 0.6028 -0.6488 -0.4645
vn 0.6029 -0.6485 -0.4646
vn 0.6035 -0.6491 -0.4630
vn 0.6042 -0.6498 -0.4612
vn 0.6402 -0.6362 -0.4305
vn 0.6404 -0.6360 -0.4307
vn 0.6413 -0.6373 -0.4273
vn 0.6415 -0.6372 -0.4271
vn 0.6742 -0.6242 -0.3948
vn 0.6737 -0.6235 -0.3967
vn 0.6747 -0.6247 -0.3931
vn 0.6747 -0.6248 -0.3930
vn 0.7031 -0.6115 -0.3629
vn 0.7032 -0.6114 -0.3630
vn 0.7039 -0.6127 -0.3595
vn 0.7040 -0.6126 -0.3593
vn 0.7311 -0.5986 -0.3274
vn 0.4880 -0.1197 -0.8646
vn 0.4883 -0.1430 -0.8609
vn 0.5019 -0.1338 -0.8545
vn 0.5020 -0.1864 -0.8445
vn 0.5022 -0.1866 -0.8443
vn 0.5079 -0.1934 -0.8394
vn 0.4352 -0.1833 -0.8815
vn 0.4412 -0.1898 -0.8771
vn 0.4406 -0.1898 -0.8774
vn 0.4408 -0.2248 -0.8690
vn 0.4413 -0.2248 -0.8688
vn 0.4462 -0.2307 -0.8647
vn 0.3709 -0.2224 -0.9016
vn 0.3759 -0.2284 -0.8980
vn 0.3758 -0.2281 -0.8982
vn 0.3751 -0.2661 -0.8880
vn 0.3751 -0.2665 -0.8879
vn 0.3794 -0.2716 -0.8845
vn 0.3024 -0.2648 -0.9157
vn 0.3066 -0.2698 -0.9128
vn 0.3064 -0.2695 -0.9130
vn 0.3054 -0.3098 -0.9004
vn 0.3054 -0.3101 -0.9003
vn 0.3092 -0.3144 -0.8975
vn 0.2332 -0.3093 -0.9219
vn 0.2366 -0.3131 -0.9198
vn 0.2364 -0.3130 -0.9199
vn 0.2353 -0.3552 -0.9047
vn 0.2356 -0.3552 -0.9046
vn 0.2385 -0.3585 -0.9025
vn 0.1640 -0.3548 -0.9204
vn 0.1663 -0.3579 -0.9188
vn 0.1664 -0.3576 -0.9189
vn 0.1650 -0.4011 -0.9011
vn 0.1651 -0.4011 -0.9010
vn 0.1674 -0.4035 -0.8995
vn 0.0961 -0.4012 -0.9110
vn 0.0974 -0.4030 -0.9100
vn 0.0975 -0.4027 -0.9101
vn 0.0964 -0.4469 -0.8894
vn 0.0969 -0.4468 -0.8894
vn 0.0982 -0.4481 -0.8886
vn 0.5698 -0.2268 -0.7898
vn 0.5744 -0.2334 -0.7846
vn 0.5746 -0.2328 -0.7846
vn 0.5728 -0.2648 -0.7758
vn 0.5729 -0.2650 -0.7756
vn 0.5771 -0.2701 -0.7707
vn 0.5114 -0.2667 -0.8169
vn 0.5160 -0.2720 -0.8122
vn 0.5158 -0.2720 -0.8124
vn 0.5140 -0.3062 -0.8013
vn 0.5140 -0.3064 -0.8012
vn 0.5178 -0.3109 -0.7970
vn 0.4483 -0.3087 -0.8389
vn 0.4523 -0.3136 -0.8349
vn 0.4522 -0.3133 -0.8350
vn 0.4498 -0.3501 -0.8217
vn 0.4497 -0.3505 -0.8216
vn 0.4531 -0.3545 -0.8179
vn 0.3804 -0.3535 -0.8546
vn 0.3842 -0.3573 -0.8513
vn 0.3838 -0.3574 -0.8515
vn 0.3814 -0.3955 -0.8355
vn 0.3813 -0.3959 -0.8354
vn 0.3844 -0.3992 -0.8324
vn 0.3093 -0.3988 -0.8633
vn 0.3123 -0.4022 -0.8606
vn 0.3122 -0.4021 -0.8607
vn 0.3094 -0.4418 -0.8421
vn 0.3096 -0.4419 -0.8420
vn 0.3122 -0.4447 -0.8395
vn 0.2374 -0.4448 -0.8636
vn 0.2401 -0.4475 -0.8614
vn 0.2400 -0.4474 -0.8615
vn 0.2373 -0.4874 -0.8403
vn 0.2375 -0.4874 -0.8403
vn 0.2383 -0.4884 -0.8394
vn 0.1660 -0.4902 -0.8556
vn 0.1678 -0.4918 -0.8544
vn 0.1669 -0.4909 -0.8551
vn 0.5644 -0.1895 -0.8034
vn 0.5702 -0.1964 -0.7977
vn 0.5700 -0.1963 -0.7979
vn 0.5693 -0.2271 -0.7902
vn 0.5078 -0.2265 -0.8312
vn 0.5127 -0.2329 -0.8264
vn 0.5127 -0.2325 -0.8265
vn 0.5113 -0.2664 -0.8170
vn 0.4456 -0.2667 -0.8546
vn 0.4499 -0.2725 -0.8505
vn 0.4499 -0.2720 -0.8506
vn 0.4481 -0.3086 -0.8390
vn 0.3782 -0.3103 -0.8722
vn 0.3826 -0.3147 -0.8687
vn 0.3821 -0.3147 -0.8689
vn 0.3804 -0.3531 -0.8548
vn 0.3078 -0.3550 -0.8827
vn 0.3114 -0.3588 -0.8799
vn 0.3111 -0.3588 -0.8800
vn 0.3091 -0.3987 -0.8634
vn 0.2370 -0.4005 -0.8851
vn 0.2397 -0.4036 -0.8830
vn 0.2396 -0.4034 -0.8831
vn 0.2374 -0.4446 -0.8637
vn 0.1670 -0.4475 -0.8786
vn 0.1681 -0.4486 -0.8778
vn 0.1681 -0.4483 -0.8779
vn 0.1660 -0.4900 -0.8557
vn 0.0974 -0.4921 -0.8651
vn 0.0980 -0.4927 -0.8647
vn 0.0973 -0.4920 -0.8651
vn 0.4079 -0.1084 -0.9066
vn 0.4083 -0.1088 -0.9063
vn 0.4082 -0.1211 -0.9048
vn 0.4081 -0.1222 -0.9047
vn 0.4212 -0.1136 -0.8998
vn 0.4216 -0.1363 -0.8965
vn 0.4348 -0.1276 -0.8914
vn 0.4352 -0.1826 -0.8816
vn 0.3710 -0.1850 -0.9100
vn 0.3707 -0.2222 -0.9018
vn 0.3028 -0.2248 -0.9262
vn 0.3022 -0.2645 -0.9158
vn 0.2339 -0.2670 -0.9349
vn 0.2330 -0.3090 -0.9221
vn 0.1645 -0.3111 -0.9360
vn 0.1636 -0.3549 -0.9205
vn 0.0965 -0.3565 -0.9293
vn 0.0957 -0.4012 -0.9110
vn 0.5645 -0.1394 -0.8136
vn 0.5643 -0.1893 -0.8036
vn 0.5081 -0.1937 -0.8393
vn 0.5074 -0.2265 -0.8314
vn 0.4462 -0.2312 -0.8646
vn 0.4451 -0.2668 -0.8548
vn 0.3798 -0.2717 -0.8843
vn 0.3783 -0.3098 -0.8723
vn 0.3095 -0.3145 -0.8974
vn 0.3077 -0.3547 -0.8829
vn 0.2386 -0.3589 -0.9024
vn 0.2368 -0.4004 -0.8852
vn 0.1674 -0.4037 -0.8994
vn 0.1658 -0.4462 -0.8794
vn 0.0980 -0.4485 -0.8884
vn 0.0967 -0.4914 -0.8655
vn 0.0960 -0.5770 -0.8111
vn 0.0959 -0.5770 -0.8111
vn 0.0956 -0.5767 -0.8114
vn 0.0147 -0.5785 -0.8156
vn 0.0138 -0.5779 -0.8160
vn 0.0142 -0.5781 -0.8159
vn 0.0204 -0.5819 -0.8130
vn 0.1660 -0.5332 -0.8295
vn 0.1659 -0.5331 -0.8296
vn 0.1654 -0.5326 -0.8300
vn 0.0970 -0.5351 -0.8392
vn 0.0973 -0.5355 -0.8389
vn 0.0969 -0.5351 -0.8392
vn 0.0965 -0.5347 -0.8395
vn 0.0365 -0.5360 -0.8435
vn 0.0056 -0.4925 -0.8703
vn 0.0266 -0.5047 -0.8629
vn 0.0342 -0.4479 -0.8934
vn 0.0341 -0.4477 -0.8935
vn 0.0316 -0.4447 -0.8951
vn 0.0313 -0.4445 -0.8952
vn 0.0316 -0.4021 -0.9151
vn 0.0319 -0.4024 -0.9149
vn 0.0319 -0.4023 -0.9149
vn 0.0322 -0.4027 -0.9148
vn 0.0299 -0.3551 -0.9344
vn 0.0131 -0.3374 -0.9413
vn 0.0338 -0.3072 -0.9510
vn 0.0246 -0.2589 -0.9656
vn 0.0916 -0.2586 -0.9616
vn 0.0917 -0.2130 -0.9727
vn 0.1560 -0.2126 -0.9646
vn 0.1561 -0.1691 -0.9732
vn 0.2217 -0.1688 -0.9604
vn 0.2126 -0.1135 -0.9705
vn 0.2210 -0.1084 -0.9692
vn 0.2197 -0.1091 -0.9694
vn 0.2114 -0.1144 -0.9707
vn 0.2031 -0.1004 -0.9740
vn 0.2112 -0.0953 -0.9728
vn 0.2090 -0.0974 -0.9731
vn 0.2016 -0.0940 -0.9749
vn 0.2018 -0.0937 -0.9749
vn 0.1850 -0.0991 -0.9777
vn 0.1850 -0.0987 -0.9778
vn 0.1849 -0.0920 -0.9784
vn 0.1850 -0.0916 -0.9785
vn 0.1704 -0.0964 -0.9806
vn 0.1706 -0.0960 -0.9807
vn 0.1706 -0.0894 -0.9813
vn 0.1704 -0.0891 -0.9813
vn 0.1444 -0.0939 -0.9850
vn 0.1444 -0.0929 -0.9851
vn 0.5773 -0.3418 -0.7415
vn 0.5789 -0.3437 -0.7394
vn 0.5784 -0.3440 -0.7397
vn 0.5750 -0.3766 -0.7263
vn 0.5764 -0.3783 -0.7243
vn 0.5763 -0.3781 -0.7245
vn 0.5148 -0.3850 -0.7660
vn 0.5181 -0.3879 -0.7623
vn 0.5176 -0.3882 -0.7625
vn 0.5136 -0.4229 -0.7465
vn 0.5136 -0.4231 -0.7465
vn 0.5148 -0.4242 -0.7450
vn 0.4509 -0.4325 -0.7808
vn 0.4522 -0.4340 -0.7792
vn 0.4520 -0.4340 -0.7793
vn 0.4475 -0.4691 -0.7614
vn 0.4486 -0.4702 -0.7600
vn 0.4485 -0.4701 -0.7602
vn 0.3811 -0.4783 -0.7912
vn 0.3822 -0.4794 -0.7900
vn 0.3818 -0.4795 -0.7901
vn 0.3771 -0.5164 -0.7688
vn 0.3779 -0.5171 -0.7680
vn 0.3778 -0.5171 -0.7681
vn 0.3076 -0.5245 -0.7939
vn 0.3082 -0.5251 -0.7932
vn 0.3075 -0.5244 -0.7940
vn 0.3029 -0.5648 -0.7676
vn 0.3036 -0.5655 -0.7669
vn 0.3036 -0.5654 -0.7669
vn 0.2339 -0.5710 -0.7869
vn 0.2345 -0.5716 -0.7863
vn 0.2297 -0.6105 -0.7579
vn 0.2303 -0.6110 -0.7574
vn 0.2302 -0.6110 -0.7574
vn 0.1616 -0.6151 -0.7717
vn 0.1621 -0.6154 -0.7713
vn 0.1616 -0.6150 -0.7718
vn 0.1582 -0.6536 -0.7401
vn 0.1586 -0.6540 -0.7397
vn 0.1586 -0.6539 -0.7397
vn 0.0928 -0.6565 -0.7486
vn 0.0930 -0.6567 -0.7484
vn 0.0904 -0.6940 -0.7142
vn 0.0907 -0.6942 -0.7140
vn 0.7113 -0.6335 -0.3046
vn 0.6867 -0.6461 -0.3331
vn 0.6867 -0.6462 -0.3329
vn 0.6859 -0.6451 -0.3368
vn 0.6858 -0.6451 -0.3370
vn 0.6579 -0.6582 -0.3660
vn 0.6580 -0.6583 -0.3658
vn 0.6569 -0.6572 -0.3696
vn 0.6569 -0.6571 -0.3697
vn 0.6256 -0.6703 -0.3990
vn 0.6255 -0.6706 -0.3989
vn 0.6245 -0.6693 -0.4025
vn 0.6243 -0.6695 -0.4027
vn 0.5891 -0.6828 -0.4321
vn 0.5889 -0.6831 -0.4319
vn 0.5879 -0.6818 -0.4353
vn 0.5876 -0.6820 -0.4355
vn 0.5473 -0.6957 -0.4652
vn 0.5472 -0.6959 -0.4650
vn 0.5461 -0.6947 -0.4681
vn 0.5459 -0.6948 -0.4683
vn 0.4995 -0.7081 -0.4990
vn 0.5002 -0.7087 -0.4976
vn 0.4996 -0.7082 -0.4989
vn 0.4989 -0.7076 -0.5003
vn 0.4477 -0.7204 -0.5297
vn 0.4483 -0.7209 -0.5285
vn 0.4477 -0.7205 -0.5296
vn 0.4471 -0.7200 -0.5308
vn 0.3918 -0.7317 -0.5577
vn 0.3924 -0.7322 -0.5567
vn 0.3918 -0.7318 -0.5577
vn 0.3912 -0.7313 -0.5586
vn 0.3327 -0.7417 -0.5824
vn 0.3332 -0.7421 -0.5817
vn 0.3322 -0.7413 -0.5832
vn 0.2706 -0.7501 -0.6034
vn 0.2711 -0.7504 -0.6028
vn 0.2707 -0.7501 -0.6034
vn 0.2702 -0.7498 -0.6040
vn 0.2084 -0.7566 -0.6199
vn 0.2087 -0.7568 -0.6194
vn 0.2084 -0.7566 -0.6198
vn 0.2080 -0.7563 -0.6202
vn 0.1461 -0.7612 -0.6318
vn 0.1464 -0.7614 -0.6316
vn 0.1462 -0.7612 -0.6318
vn 0.0855 -0.7641 -0.6394
vn 0.0853 -0.7640 -0.6396
vn 0.0855 -0.7641 -0.6395
vn 0.0884 -0.7303 -0.6774
vn 0.0882 -0.7302 -0.6775
vn 0.1508 -0.7274 -0.6695
vn 0.1505 -0.7272 -0.6698
vn 0.1553 -0.6917 -0.7052
vn 0.1549 -0.6915 -0.7056
vn 0.2207 -0.6870 -0.6923
vn 0.2203 -0.6867 -0.6928
vn 0.2264 -0.6501 -0.7254
vn 0.2258 -0.6497 -0.7259
vn 0.2259 -0.6497 -0.7259
vn 0.2930 -0.6436 -0.7071
vn 0.2925 -0.6431 -0.7077
vn 0.2930 -0.6436 -0.7070
vn 0.2994 -0.6057 -0.7372
vn 0.2987 -0.6051 -0.7379
vn 0.2988 -0.6052 -0.7379
vn 0.3667 -0.5973 -0.7132
vn 0.3661 -0.5968 -0.7140
vn 0.3668 -0.5973 -0.7132
vn 0.3735 -0.5585 -0.7407
vn 0.3728 -0.5578 -0.7415
vn 0.3728 -0.5579 -0.7415
vn 0.4384 -0.5485 -0.7120
vn 0.4377 -0.5479 -0.7128
vn 0.4384 -0.5486 -0.7119
vn 0.4452 -0.5087 -0.7370
vn 0.4445 -0.5080 -0.7378
vn 0.5072 -0.4972 -0.7040
vn 0.5066 -0.4966 -0.7048
vn 0.5129 -0.4613 -0.7240
vn 0.5120 -0.4603 -0.7253
vn 0.5120 -0.4604 -0.7252
vn 0.5967 -0.4407 -0.6706
vn 0.0825 -0.7959 -0.5998
vn 0.0827 -0.7960 -0.5996
vn 0.1411 -0.7931 -0.5926
vn 0.1409 -0.7929 -0.5928
vn 0.1414 -0.7932 -0.5923
vn 0.2013 -0.7885 -0.5812
vn 0.2010 -0.7883 -0.5816
vn 0.2017 -0.7887 -0.5808
vn 0.2617 -0.7821 -0.5656
vn 0.2612 -0.7818 -0.5662
vn 0.2616 -0.7820 -0.5657
vn 0.2621 -0.7823 -0.5651
vn 0.3219 -0.7737 -0.5456
vn 0.3214 -0.7734 -0.5464
vn 0.3219 -0.7737 -0.5457
vn 0.3224 -0.7740 -0.5449
vn 0.3795 -0.7638 -0.5221
vn 0.3788 -0.7635 -0.5231
vn 0.3794 -0.7638 -0.5222
vn 0.3800 -0.7642 -0.5211
vn 0.4340 -0.7526 -0.4953
vn 0.4332 -0.7522 -0.4965
vn 0.4343 -0.7531 -0.4941
vn 0.4346 -0.7530 -0.4941
vn 0.4847 -0.7403 -0.4658
vn 0.4839 -0.7399 -0.4674
vn 0.4849 -0.7410 -0.4646
vn 0.4853 -0.7408 -0.4644
vn 0.5302 -0.7269 -0.4365
vn 0.5299 -0.7270 -0.4365
vn 0.5315 -0.7279 -0.4333
vn 0.5314 -0.7280 -0.4331
vn 0.5708 -0.7144 -0.4048
vn 0.5708 -0.7142 -0.4050
vn 0.5721 -0.7153 -0.4013
vn 0.5722 -0.7153 -0.4012
vn 0.6070 -0.7017 -0.3732
vn 0.6068 -0.7017 -0.3733
vn 0.6081 -0.7027 -0.3695
vn 0.6080 -0.7028 -0.3693
vn 0.6391 -0.6892 -0.3413
vn 0.6388 -0.6894 -0.3415
vn 0.6401 -0.6902 -0.3375
vn 0.6399 -0.6905 -0.3373
vn 0.6669 -0.6777 -0.3096
vn 0.6671 -0.6775 -0.3098
vn 0.6678 -0.6786 -0.3057
vn 0.6680 -0.6786 -0.3054
vn 0.7203 -0.6491 -0.2445
vn 0.6521 -0.2928 -0.6993
vn 0.6347 -0.2843 -0.7185
vn 0.6299 -0.3328 -0.7018
vn 0.6527 -0.3612 -0.6660
vn 0.5777 -0.3798 -0.7225
vn 0.5729 -0.4132 -0.7078
vn 0.5162 -0.4257 -0.7432
vn 0.5111 -0.4593 -0.7265
vn 0.4496 -0.4713 -0.7588
vn 0.4439 -0.5073 -0.7387
vn 0.3785 -0.5178 -0.7672
vn 0.3721 -0.5572 -0.7423
vn 0.3042 -0.5660 -0.7662
vn 0.2981 -0.6046 -0.7386
vn 0.2308 -0.6115 -0.7568
vn 0.2254 -0.6493 -0.7264
vn 0.1590 -0.6543 -0.7394
vn 0.1546 -0.6912 -0.7059
vn 0.0909 -0.6944 -0.7139
vn 0.0880 -0.7301 -0.6777
vn 0.0758 -0.8534 -0.5157
vn 0.0757 -0.8534 -0.5157
vn 0.5749 -0.3027 -0.7602
vn 0.5787 -0.3070 -0.7555
vn 0.5785 -0.3071 -0.7557
vn 0.5756 -0.3398 -0.7438
vn 0.5152 -0.3458 -0.7842
vn 0.5187 -0.3498 -0.7801
vn 0.5185 -0.3498 -0.7802
vn 0.5151 -0.3845 -0.7661
vn 0.4505 -0.3908 -0.8027
vn 0.4535 -0.3944 -0.7993
vn 0.4534 -0.3941 -0.7994
vn 0.4494 -0.4309 -0.7825
vn 0.3827 -0.4389 -0.8130
vn 0.3841 -0.4404 -0.8115
vn 0.3840 -0.4402 -0.8116
vn 0.3799 -0.4771 -0.7925
vn 0.3100 -0.4844 -0.8181
vn 0.3110 -0.4855 -0.8170
vn 0.3098 -0.4843 -0.8182
vn 0.3068 -0.5237 -0.7947
vn 0.2368 -0.5297 -0.8144
vn 0.2374 -0.5303 -0.8139
vn 0.2367 -0.5296 -0.8145
vn 0.2333 -0.5705 -0.7875
vn 0.1641 -0.5748 -0.8017
vn 0.1646 -0.5753 -0.8012
vn 0.1612 -0.6147 -0.7721
vn 0.0946 -0.6175 -0.7809
vn 0.0948 -0.6177 -0.7807
vn 0.0945 -0.6174 -0.7809
vn 0.0925 -0.6563 -0.7488
vn 0.0196 -0.6572 -0.7535
vn 0.0204 -0.6577 -0.7530
vn 0.0203 -0.6575 -0.7532
vn 0.0349 -0.6955 -0.7177
vn 0.0094 -0.7213 -0.6926
vn 0.0258 -0.7315 -0.6814
vn 0.0293 -0.7577 -0.6519
vn 0.0304 -0.7593 -0.6500
vn 0.0343 -0.7650 -0.6432
vn 0.0344 -0.7654 -0.6427
vn 0.0084 -0.7923 -0.6100
vn 0.0173 -0.7964 -0.6045
vn 0.0137 -0.7948 -0.6067
vn 0.0145 -0.6542 -0.7562
vn 0.0368 -0.6185 -0.7849
vn 0.0943 -0.6172 -0.7811
vn 0.0963 -0.5773 -0.8108
vn 0.1636 -0.5743 -0.8021
vn 0.1666 -0.5337 -0.8291
vn 0.2361 -0.5290 -0.8151
vn 0.2395 -0.4895 -0.8385
vn 0.3088 -0.4832 -0.8192
vn 0.3123 -0.4449 -0.8394
vn 0.3812 -0.4372 -0.8146
vn 0.3847 -0.3992 -0.8323
vn 0.4503 -0.3908 -0.8028
vn 0.4535 -0.3544 -0.8178
vn 0.5152 -0.3457 -0.7843
vn 0.5180 -0.3110 -0.7968
vn 0.5749 -0.3024 -0.7603
vn 0.5772 -0.2702 -0.7706
vn 0.6280 -0.2621 -0.7327
vn 0.6301 -0.2260 -0.7429
vn 0.6386 -0.2141 -0.7391
vn 0.6206 -0.1912 -0.7605
vn 0.6211 -0.1441 -0.7704
vn 0.5510 -0.1489 -0.8211
vn 0.5508 -0.1251 -0.8252
vn 0.4744 -0.1288 -0.8708
vn 0.4743 -0.1131 -0.8731
vn 0.3829 -0.1170 -0.9164
vn 0.3828 -0.1016 -0.9182
vn 0.2955 -0.0933 -0.9508
vn 0.2954 -0.1054 -0.9495
vn 0.2955 -0.1048 -0.9496
vn 0.2954 -0.0930 -0.9508
vn 0.1974 -0.0898 -0.9762
vn 0.1974 -0.0974 -0.9755
vn 0.1974 -0.0971 -0.9755
vn 0.1975 -0.0893 -0.9762
vn 0.1444 -0.0918 -0.9852
vn 0.1303 -0.0880 -0.9876
vn 0.0954 -0.0893 -0.9914
vn 0.0797 -0.0871 -0.9930
vn 0.0521 -0.0878 -0.9948
vn 0.0426 -0.0864 -0.9954
vn 0.0151 -0.0869 -0.9961
vn 0.0125 -0.0863 -0.9962
vn 0.1350 -0.9890 0.0599
vn 0.1535 -0.9856 0.0702
vn 0.1223 -0.9845 0.1254
vn 0.1266 -0.9833 0.1309
vn 0.1230 -0.9843 0.1263
vn 0.1274 -0.9830 0.1320
vn 0.1025 -0.9792 0.1753
vn 0.1086 -0.9774 0.1816
vn 0.1039 -0.9788 0.1766
vn 0.0904 -0.9949 0.0451
vn 0.1070 -0.9929 0.0523
vn 0.0853 -0.9902 0.1108
vn 0.0890 -0.9894 0.1146
vn 0.0859 -0.9901 0.1113
vn 0.0896 -0.9893 0.1153
vn 0.0718 -0.9841 0.1623
vn 0.0769 -0.9830 0.1667
vn 0.0728 -0.9839 0.1632
vn 0.0780 -0.9827 0.1677
vn 0.0571 -0.9733 0.2225
vn 0.0641 -0.9717 0.2274
vn 0.0588 -0.9729 0.2237
vn 0.4653 -0.8540 -0.2329
vn 0.4312 -0.8655 -0.2549
vn 0.4313 -0.8656 -0.2545
vn 0.4299 -0.8653 -0.2575
vn 0.4297 -0.8654 -0.2579
vn 0.3912 -0.8769 -0.2794
vn 0.3914 -0.8769 -0.2791
vn 0.3900 -0.8767 -0.2816
vn 0.3899 -0.8766 -0.2819
vn 0.3479 -0.8875 -0.3022
vn 0.3481 -0.8875 -0.3020
vn 0.3469 -0.8873 -0.3040
vn 0.3468 -0.8872 -0.3042
vn 0.3023 -0.8970 -0.3226
vn 0.3024 -0.8970 -0.3224
vn 0.3015 -0.8968 -0.3238
vn 0.3013 -0.8968 -0.3240
vn 0.2545 -0.9053 -0.3402
vn 0.2548 -0.9053 -0.3400
vn 0.2540 -0.9051 -0.3409
vn 0.2539 -0.9051 -0.3411
vn 0.2054 -0.9120 -0.3550
vn 0.2058 -0.9121 -0.3546
vn 0.2055 -0.9120 -0.3549
vn 0.2051 -0.9120 -0.3553
vn 0.1571 -0.9173 -0.3660
vn 0.1573 -0.9173 -0.3658
vn 0.1572 -0.9173 -0.3660
vn 0.1569 -0.9172 -0.3662
vn 0.1095 -0.9210 -0.3739
vn 0.1096 -0.9210 -0.3738
vn 0.1094 -0.9210 -0.3740
vn 0.0462 -0.9824 -0.1809
vn 0.0801 -0.9809 -0.1773
vn 0.0797 -0.9809 -0.1776
vn 0.0799 -0.9809 -0.1774
vn 0.0803 -0.9809 -0.1771
vn 0.1150 -0.9784 -0.1718
vn 0.1149 -0.9784 -0.1719
vn 0.1154 -0.9784 -0.1715
vn 0.1156 -0.9784 -0.1712
vn 0.1512 -0.9749 -0.1636
vn 0.1509 -0.9749 -0.1640
vn 0.1518 -0.9749 -0.1631
vn 0.1519 -0.9749 -0.1630
vn 0.1879 -0.9701 -0.1535
vn 0.1877 -0.9701 -0.1537
vn 0.1890 -0.9701 -0.1524
vn 0.1891 -0.9701 -0.1522
vn 0.2243 -0.9643 -0.1408
vn 0.2240 -0.9643 -0.1411
vn 0.2254 -0.9642 -0.1395
vn 0.2256 -0.9642 -0.1392
vn 0.2598 -0.9574 -0.1261
vn 0.2595 -0.9574 -0.1265
vn 0.2610 -0.9573 -0.1245
vn 0.2613 -0.9572 -0.1241
vn 0.2936 -0.9496 -0.1099
vn 0.3066 -0.9475 -0.0907
vn 0.0637 -0.9233 -0.3788
vn 0.0594 -0.9418 -0.3309
vn 0.0594 -0.9418 -0.3308
vn 0.0595 -0.9418 -0.3308
vn 0.3823 -0.9193 0.0936
vn 0.3827 -0.9195 0.0903
vn 0.3828 -0.9198 0.0866
vn 0.3497 -0.9351 0.0576
vn 0.3496 -0.9351 0.0579
vn 0.3497 -0.9355 0.0511
vn 0.3491 -0.9357 0.0510
vn 0.3082 -0.9511 0.0223
vn 0.3082 -0.9511 0.0226
vn 0.3077 -0.9513 0.0197
vn 0.3072 -0.9515 0.0167
vn 0.2574 -0.9662 -0.0108
vn 0.2576 -0.9662 -0.0107
vn 0.2569 -0.9663 -0.0130
vn 0.2562 -0.9665 -0.0154
vn 0.2147 -0.9761 -0.0333
vn 0.2151 -0.9760 -0.0330
vn 0.2133 -0.9764 -0.0349
vn 0.2129 -0.9764 -0.0354
vn 0.1848 -0.9817 -0.0459
vn 0.1852 -0.9816 -0.0456
vn 0.1836 -0.9819 -0.0471
vn 0.1833 -0.9819 -0.0475
vn 0.1546 -0.9864 -0.0565
vn 0.1549 -0.9863 -0.0563
vn 0.1534 -0.9865 -0.0576
vn 0.1532 -0.9865 -0.0578
vn 0.1238 -0.9901 -0.0655
vn 0.1242 -0.9901 -0.0653
vn 0.1232 -0.9902 -0.0661
vn 0.1229 -0.9902 -0.0663
vn 0.0944 -0.9929 -0.0722
vn 0.0945 -0.9929 -0.0721
vn 0.0936 -0.9929 -0.0728
vn 0.0934 -0.9930 -0.0729
vn 0.0655 -0.9949 -0.0771
vn 0.0650 -0.9949 -0.0774
vn 0.0648 -0.9949 -0.0776
vn 0.0262 -0.9963 -0.0814
vn 0.0070 -0.9946 -0.1040
vn 0.0478 -0.9982 0.0362
vn 0.0267 -0.9568 0.2895
vn 0.0250 -0.9571 0.2888
vn 0.0310 -0.9561 0.2914
vn 0.0397 -0.9749 0.2189
vn 0.0349 -0.9757 0.2163
vn 0.0384 -0.9751 0.2182
vn 0.0338 -0.9759 0.2156
vn 0.0460 -0.9865 0.1570
vn 0.0425 -0.9871 0.1545
vn 0.0452 -0.9866 0.1565
vn 0.0418 -0.9872 0.1541
vn 0.0521 -0.9932 0.1040
vn 0.0496 -0.9936 0.1018
vn 0.0517 -0.9933 0.1036
vn 0.0236 -0.9991 0.0351
vn 0.0204 -0.9992 0.0337
vn 0.0229 -0.9991 0.0347
vn 0.0195 -0.9993 0.0333
vn 0.0168 -0.9968 0.0780
vn 0.0181 -0.9922 0.1232
vn 0.0270 -0.9920 0.1232
vn 0.0257 -0.9920 0.1232
vn 0.1064 -0.9135 0.3926
vn 0.0075 -0.9374 0.3483
vn 0.0114 -0.9577 0.2874
vn 0.0337 -0.9550 0.2947
vn -0.0152 -0.9775 0.2103
vn -0.0080 -0.9770 0.2131
vn -0.0132 -0.9774 0.2111
vn -0.0069 -0.9769 0.2135
vn 0.0244 -0.9880 0.1523
vn -0.0617 -0.9941 0.0897
vn 0.0492 -0.9936 0.1015
vn 0.0668 -0.9969 0.0406
vn 0.0616 -0.9973 0.0407
vn 0.0632 -0.9972 0.0406
vn 0.0686 -0.9968 0.0407
vn 0.3146 -0.9445 0.0950
vn 0.3138 -0.9453 0.0891
vn 0.3138 -0.9453 0.0887
vn 0.2762 -0.9590 0.0628
vn 0.2763 -0.9590 0.0632
vn 0.2750 -0.9597 0.0576
vn 0.2750 -0.9597 0.0573
vn 0.2298 -0.9727 0.0326
vn 0.2300 -0.9726 0.0329
vn 0.2283 -0.9732 0.0285
vn 0.2284 -0.9732 0.0282
vn 0.1912 -0.9815 0.0122
vn 0.1917 -0.9814 0.0127
vn 0.1898 -0.9818 0.0108
vn 0.1893 -0.9819 0.0103
vn 0.1643 -0.9864 0.0010
vn 0.1648 -0.9863 0.0014
vn 0.1631 -0.9866 -0.0002
vn 0.1627 -0.9867 -0.0006
vn 0.1374 -0.9905 -0.0086
vn 0.1377 -0.9904 -0.0083
vn 0.1363 -0.9906 -0.0095
vn 0.1359 -0.9907 -0.0099
vn 0.1100 -0.9938 -0.0166
vn 0.1104 -0.9938 -0.0164
vn 0.1092 -0.9939 -0.0173
vn 0.1089 -0.9939 -0.0175
vn 0.0835 -0.9962 -0.0228
vn 0.0839 -0.9962 -0.0226
vn 0.0830 -0.9963 -0.0232
vn 0.0827 -0.9963 -0.0234
vn 0.0579 -0.9980 -0.0273
vn 0.0582 -0.9979 -0.0271
vn 0.0577 -0.9980 -0.0274
vn 0.0574 -0.9980 -0.0276
vn 0.0185 -0.9993 -0.0313
vn 0.0183 -0.9993 -0.0315
vn 0.0194 -0.9993 -0.0305
vn 0.0205 -0.9994 -0.0295
vn 0.9257 -0.1194 0.3590
vn 0.9098 -0.1708 0.3784
vn 0.9116 -0.1773 0.3710
vn 0.9111 -0.1758 0.3727
vn 0.9093 -0.1692 0.3801
vn 0.8758 -0.1430 0.4610
vn 0.8626 -0.1511 0.4828
vn 0.8467 -0.2025 0.4919
vn 0.8708 -0.2124 0.4434
vn 0.8275 -0.2258 0.5140
vn 0.9887 -0.1495 0.0110
vn 0.9894 -0.1445 0.0161
vn 0.9892 -0.1455 0.0151
vn 0.9860 -0.1630 -0.0358
vn 0.9861 -0.1626 -0.0355
vn 0.9864 -0.1607 -0.0337
vn 0.9905 -0.1301 -0.0440
vn 0.8350 -0.2859 0.4702
vn 0.8081 -0.2719 0.5226
vn 0.8464 -0.3160 0.4286
vn 0.8460 -0.3149 0.4303
vn 0.8451 -0.3126 0.4337
vn 0.8806 -0.2372 0.4102
vn 0.8395 -0.2189 0.4973
vn 0.8944 -0.2178 0.3906
vn 0.7938 -0.3458 0.5002
vn 0.7576 -0.3520 0.5496
vn 0.7386 -0.3868 0.5522
vn 0.7336 -0.3767 0.5656
vn 0.7724 -0.4307 0.4667
vn 0.7729 -0.4320 0.4648
vn 0.7737 -0.4345 0.4612
vn 0.8078 -0.3780 0.4524
vn 0.8078 -0.3781 0.4522
vn 0.8335 -0.4201 0.3590
vn 0.8335 -0.4201 0.3589
vn 0.8737 -0.3540 0.3337
vn 0.8735 -0.3504 0.3379
vn 0.8736 -0.3514 0.3368
vn 0.8895 -0.3883 0.2408
vn 0.8896 -0.3876 0.2416
vn 0.8898 -0.3858 0.2439
vn 0.9190 -0.3259 0.2217
vn 0.9206 -0.3245 0.2173
vn 0.9192 -0.3258 0.2213
vn 0.9207 -0.3245 0.2170
vn 0.9378 -0.2806 0.2043
vn 0.9397 -0.2784 0.1988
vn 0.9380 -0.2803 0.2039
vn 0.9397 -0.2785 0.1983
vn 0.9552 -0.2307 0.1853
vn 0.9572 -0.2279 0.1787
vn 0.9554 -0.2304 0.1849
vn 0.9572 -0.2279 0.1782
vn 0.9705 -0.1758 0.1649
vn 0.9724 -0.1727 0.1571
vn 0.9706 -0.1758 0.1644
vn 0.9725 -0.1724 0.1567
vn 0.9835 -0.1119 0.1424
vn 0.9884 -0.1391 0.0610
vn 0.9930 -0.1053 0.0532
vn 0.7954 -0.4756 0.3756
vn 0.7953 -0.4798 0.3704
vn 0.7954 -0.4787 0.3719
vn 0.8070 -0.5136 0.2914
vn 0.8069 -0.5145 0.2903
vn 0.8065 -0.5168 0.2873
vn 0.8477 -0.4570 0.2695
vn 0.8477 -0.4569 0.2696
vn 0.8521 -0.4838 0.1997
vn 0.8950 -0.4124 0.1699
vn 0.8954 -0.4105 0.1722
vn 0.8953 -0.4110 0.1716
vn 0.8949 -0.4321 0.1118
vn 0.8950 -0.4318 0.1122
vn 0.8953 -0.4307 0.1134
vn 0.9258 -0.3674 0.0893
vn 0.9336 -0.3542 0.0538
vn 0.9435 -0.3283 0.0453
vn 0.9436 -0.3279 0.0449
vn 0.9442 -0.3265 0.0434
vn 0.9443 -0.3263 0.0430
vn 0.9609 -0.2756 0.0274
vn 0.9610 -0.2751 0.0270
vn 0.9615 -0.2737 0.0256
vn 0.9616 -0.2734 0.0251
vn 0.9708 -0.2393 0.0153
vn 0.9745 -0.2239 -0.0161
vn 0.9865 -0.1603 -0.0333
vn 0.8063 -0.5177 0.2861
vn 0.8098 -0.5422 0.2243
vn 0.8096 -0.5429 0.2234
vn 0.8090 -0.5446 0.2212
vn 0.8514 -0.5047 0.1429
vn 0.8514 -0.5046 0.1431
vn 0.8954 -0.4305 0.1137
vn 0.8915 -0.4489 0.0615
vn 0.8916 -0.4486 0.0618
vn 0.8919 -0.4478 0.0626
vn 0.9230 -0.3828 0.0376
vn 0.8098 -0.5817 0.0769
vn 0.8423 -0.5364 0.0537
vn 0.8428 -0.5355 0.0548
vn 0.8427 -0.5356 0.0545
vn 0.7950 -0.5806 0.1760
vn 0.8152 -0.5678 0.1147
vn 0.8477 -0.5222 0.0938
vn 0.8477 -0.5220 0.0939
vn 0.8476 -0.5224 0.0935
vn 0.8421 -0.5366 0.0534
vn 0.8863 -0.4626 0.0199
vn 0.8870 -0.4614 0.0213
vn 0.8868 -0.4616 0.0210
vn 0.8799 -0.4749 -0.0164
vn 0.8784 -0.4765 0.0373
vn 0.7300 -0.6596 0.1790
vn 0.7275 -0.6612 0.1830
vn 0.7278 -0.6610 0.1827
vn 0.7584 -0.6302 0.1662
vn 0.7372 -0.6570 0.1578
vn 0.8030 -0.5837 0.1201
vn 0.8070 -0.5665 0.1669
vn 0.8072 -0.5660 0.1675
vn 0.8077 -0.5648 0.1690
vn 0.6776 -0.3420 -0.6511
vn 0.6809 -0.3433 -0.6469
vn 0.6817 -0.3436 -0.6459
vn 0.7218 -0.3313 -0.6076
vn 0.7212 -0.3311 -0.6085
vn 0.7243 -0.3323 -0.6041
vn 0.7248 -0.3326 -0.6033
vn 0.7609 -0.3198 -0.5646
vn 0.7605 -0.3196 -0.5653
vn 0.7626 -0.3205 -0.5619
vn 0.7630 -0.3207 -0.5612
vn 0.7953 -0.3073 -0.5225
vn 0.7950 -0.3072 -0.5230
vn 0.7964 -0.3078 -0.5205
vn 0.7967 -0.3079 -0.5201
vn 0.8255 -0.2941 -0.4817
vn 0.8254 -0.2941 -0.4819
vn 0.8261 -0.2944 -0.4805
vn 0.8263 -0.2945 -0.4801
vn 0.8523 -0.2806 -0.4414
vn 0.8521 -0.2805 -0.4420
vn 0.8522 -0.2806 -0.4417
vn 0.8524 -0.2807 -0.4411
vn 0.8754 -0.2665 -0.4033
vn 0.8656 -0.3160 -0.3885
vn 0.8666 -0.3145 -0.3873
vn 0.8664 -0.3148 -0.3875
vn 0.8857 -0.3004 -0.3540
vn 0.8859 -0.3000 -0.3537
vn 0.8870 -0.2984 -0.3524
vn 0.8737 -0.3526 -0.3351
vn 0.7291 -0.6650 -0.1619
vn 0.7157 -0.6781 -0.1673
vn 0.7139 -0.6733 -0.1926
vn 0.6931 -0.6862 -0.2208
vn 0.1234 -0.8763 -0.4656
vn 0.1233 -0.8763 -0.4657
vn 0.1233 -0.8763 -0.4656
vn 0.1234 -0.8764 -0.4656
vn 0.1765 -0.8720 -0.4565
vn 0.1764 -0.8720 -0.4567
vn 0.1765 -0.8720 -0.4566
vn 0.1766 -0.8721 -0.4564
vn 0.2302 -0.8660 -0.4439
vn 0.2299 -0.8659 -0.4442
vn 0.2301 -0.8660 -0.4440
vn 0.2304 -0.8661 -0.4436
vn 0.2842 -0.8582 -0.4274
vn 0.2838 -0.8581 -0.4280
vn 0.2841 -0.8582 -0.4276
vn 0.2845 -0.8583 -0.4270
vn 0.3362 -0.8489 -0.4077
vn 0.3357 -0.8488 -0.4085
vn 0.3363 -0.8492 -0.4072
vn 0.3366 -0.8491 -0.4071
vn 0.3855 -0.8381 -0.3859
vn 0.3853 -0.8381 -0.3861
vn 0.3864 -0.8385 -0.3842
vn 0.3864 -0.8385 -0.3841
vn 0.4321 -0.8264 -0.3609
vn 0.4319 -0.8265 -0.3610
vn 0.4331 -0.8269 -0.3587
vn 0.4332 -0.8270 -0.3584
vn 0.4746 -0.8144 -0.3340
vn 0.4745 -0.8143 -0.3342
vn 0.4758 -0.8148 -0.3313
vn 0.4759 -0.8149 -0.3310
vn 0.5127 -0.8021 -0.3062
vn 0.5125 -0.8021 -0.3065
vn 0.5139 -0.8025 -0.3030
vn 0.5139 -0.8027 -0.3027
vn 0.5458 -0.7904 -0.2782
vn 0.5458 -0.7903 -0.2785
vn 0.5470 -0.7909 -0.2745
vn 0.5471 -0.7909 -0.2742
vn 0.5893 -0.7741 -0.2314
vn 0.5899 -0.7718 -0.2372
vn 0.5899 -0.7721 -0.2364
vn 0.5892 -0.7744 -0.2305
vn 0.6351 -0.7526 -0.1740
vn 0.6363 -0.7501 -0.1802
vn 0.6361 -0.7505 -0.1794
vn 0.6350 -0.7529 -0.1731
vn 0.6704 -0.7326 -0.1179
vn 0.6719 -0.7302 -0.1239
vn 0.6717 -0.7305 -0.1231
vn 0.6702 -0.7329 -0.1170
vn 0.1298 -0.8506 -0.5095
vn 0.1297 -0.8506 -0.5097
vn 0.1299 -0.8507 -0.5094
vn 0.1855 -0.8461 -0.4997
vn 0.1853 -0.8460 -0.4999
vn 0.1855 -0.8461 -0.4998
vn 0.1857 -0.8462 -0.4995
vn 0.2416 -0.8398 -0.4861
vn 0.2413 -0.8397 -0.4866
vn 0.2415 -0.8398 -0.4862
vn 0.2419 -0.8399 -0.4858
vn 0.2979 -0.8317 -0.4686
vn 0.2975 -0.8315 -0.4692
vn 0.2978 -0.8316 -0.4687
vn 0.2982 -0.8318 -0.4681
vn 0.3520 -0.8220 -0.4478
vn 0.3515 -0.8217 -0.4486
vn 0.3519 -0.8219 -0.4479
vn 0.3524 -0.8222 -0.4471
vn 0.4030 -0.8107 -0.4247
vn 0.4029 -0.8106 -0.4249
vn 0.4039 -0.8111 -0.4231
vn 0.4040 -0.8111 -0.4229
vn 0.4510 -0.7987 -0.3984
vn 0.4511 -0.7985 -0.3986
vn 0.4520 -0.7991 -0.3963
vn 0.4523 -0.7990 -0.3962
vn 0.4953 -0.7858 -0.3704
vn 0.4952 -0.7857 -0.3706
vn 0.4964 -0.7863 -0.3678
vn 0.4965 -0.7864 -0.3676
vn 0.5346 -0.7730 -0.3416
vn 0.5345 -0.7730 -0.3418
vn 0.5357 -0.7735 -0.3386
vn 0.5357 -0.7736 -0.3383
vn 0.5690 -0.7606 -0.3125
vn 0.5690 -0.7606 -0.3128
vn 0.5700 -0.7612 -0.3092
vn 0.5701 -0.7612 -0.3090
vn 0.6141 -0.7434 -0.2650
vn 0.6146 -0.7412 -0.2701
vn 0.6145 -0.7415 -0.2693
vn 0.6140 -0.7438 -0.2642
vn 0.6621 -0.7205 -0.2061
vn 0.6630 -0.7182 -0.2114
vn 0.6629 -0.7185 -0.2106
vn 0.6619 -0.7209 -0.2052
vn 0.6992 -0.6993 -0.1484
vn 0.7005 -0.6969 -0.1536
vn 0.7003 -0.6973 -0.1528
vn 0.6990 -0.6997 -0.1476
vn 0.7416 -0.6307 -0.2287
vn 0.7425 -0.6299 -0.2280
vn 0.7459 -0.6268 -0.2254
vn 0.7468 -0.6259 -0.2246
vn 0.7218 -0.6415 -0.2599
vn 0.7227 -0.6407 -0.2592
vn 0.7264 -0.6376 -0.2566
vn 0.7274 -0.6367 -0.2559
vn 0.7038 -0.6503 -0.2860
vn 0.6729 -0.6953 -0.2525
vn 0.6467 -0.7090 -0.2811
vn 0.6274 -0.7248 -0.2847
vn 0.6203 -0.7190 -0.3133
vn 0.5899 -0.7323 -0.3402
vn 0.5900 -0.7323 -0.3400
vn 0.5889 -0.7315 -0.3437
vn 0.5888 -0.7314 -0.3439
vn 0.5547 -0.7449 -0.3707
vn 0.5548 -0.7449 -0.3705
vn 0.5535 -0.7442 -0.3739
vn 0.5535 -0.7440 -0.3742
vn 0.5145 -0.7578 -0.4013
vn 0.5147 -0.7578 -0.4011
vn 0.5133 -0.7571 -0.4041
vn 0.5134 -0.7570 -0.4043
vn 0.4693 -0.7707 -0.4311
vn 0.4695 -0.7706 -0.4310
vn 0.4682 -0.7700 -0.4335
vn 0.4682 -0.7698 -0.4337
vn 0.4197 -0.7828 -0.4594
vn 0.4199 -0.7828 -0.4592
vn 0.4187 -0.7823 -0.4613
vn 0.4187 -0.7822 -0.4614
vn 0.3669 -0.7939 -0.4849
vn 0.3668 -0.7940 -0.4848
vn 0.3663 -0.7938 -0.4856
vn 0.3657 -0.7935 -0.4865
vn 0.3103 -0.8036 -0.5079
vn 0.3108 -0.8039 -0.5071
vn 0.3104 -0.8036 -0.5078
vn 0.3099 -0.8034 -0.5085
vn 0.2520 -0.8119 -0.5266
vn 0.2524 -0.8121 -0.5261
vn 0.2521 -0.8119 -0.5266
vn 0.2516 -0.8117 -0.5271
vn 0.1937 -0.8183 -0.5412
vn 0.1940 -0.8184 -0.5409
vn 0.1934 -0.8181 -0.5415
vn 0.1357 -0.8228 -0.5518
vn 0.1359 -0.8230 -0.5516
vn 0.1357 -0.8229 -0.5518
vn 0.1355 -0.8227 -0.5520
vn 0.0793 -0.8257 -0.5585
vn 0.0794 -0.8257 -0.5584
vn 0.0792 -0.8256 -0.5586
vn 0.6238 -0.4197 -0.6593
vn 0.6264 -0.4205 -0.6563
vn 0.6270 -0.4208 -0.6556
vn 0.6717 -0.4071 -0.6190
vn 0.6712 -0.4069 -0.6196
vn 0.6736 -0.4077 -0.6164
vn 0.6741 -0.4078 -0.6158
vn 0.7146 -0.3933 -0.5785
vn 0.7143 -0.3932 -0.5790
vn 0.7158 -0.3937 -0.5767
vn 0.7162 -0.3938 -0.5762
vn 0.7528 -0.3786 -0.5384
vn 0.7526 -0.3786 -0.5387
vn 0.7535 -0.3788 -0.5374
vn 0.7537 -0.3789 -0.5370
vn 0.7868 -0.3635 -0.4988
vn 0.7865 -0.3634 -0.4993
vn 0.7866 -0.3634 -0.4991
vn 0.7869 -0.3635 -0.4986
vn 0.8163 -0.3477 -0.4612
vn 0.8165 -0.3478 -0.4609
vn 0.8164 -0.3478 -0.4610
vn 0.8163 -0.3477 -0.4613
vn 0.8428 -0.3318 -0.4237
vn 0.8430 -0.3318 -0.4234
vn 0.8425 -0.3317 -0.4246
vn 0.8424 -0.3316 -0.4247
vn 0.8654 -0.3163 -0.3887
vn 0.8533 -0.3684 -0.3690
vn 0.8583 -0.3791 -0.3458
vn 0.8495 -0.4086 -0.3337
vn 0.8495 -0.4087 -0.3337
vn 0.8495 -0.4087 -0.3336
vn 0.8343 -0.4529 -0.3142
vn 0.8343 -0.4532 -0.3139
vn 0.8342 -0.4540 -0.3130
vn 0.8342 -0.4543 -0.3127
vn 0.8181 -0.4945 -0.2936
vn 0.8180 -0.4948 -0.2932
vn 0.8178 -0.4963 -0.2913
vn 0.8178 -0.4967 -0.2908
vn 0.8008 -0.5336 -0.2720
vn 0.8007 -0.5340 -0.2714
vn 0.8003 -0.5360 -0.2687
vn 0.8003 -0.5364 -0.2681
vn 0.7887 -0.5590 -0.2558
vn 0.7908 -0.5675 -0.2290
vn 0.7604 -0.6181 -0.1995
vn 0.7465 -0.6181 -0.2465
vn 0.7509 -0.6349 -0.1817
vn 0.7174 -0.6872 0.1142
vn 0.7172 -0.6873 0.1145
vn 0.7171 -0.6874 0.1148
vn 0.7485 -0.6561 0.0961
vn 0.7485 -0.6561 0.0960
vn 0.7482 -0.6564 0.0968
vn 0.7480 -0.6566 0.0971
vn 0.7820 -0.6187 0.0761
vn 0.7819 -0.6187 0.0761
vn 0.7981 -0.5989 0.0658
vn 0.8035 -0.5938 0.0420
vn 0.8360 -0.5484 0.0193
vn 0.8337 -0.5478 0.0694
vn 0.8473 -0.5310 0.0085
vn 0.6618 -0.7200 0.2088
vn 0.6598 -0.7209 0.2121
vn 0.6620 -0.7199 0.2086
vn 0.6653 -0.6592 0.3506
vn 0.6158 -0.6831 0.3926
vn 0.6512 -0.5370 0.5363
vn 0.6179 -0.5673 0.5443
vn 0.5936 -0.6127 0.5218
vn 0.5913 -0.6096 0.5279
vn 0.5927 -0.6116 0.5241
vn 0.5904 -0.6085 0.5303
vn 0.5535 -0.6357 0.5381
vn 0.5202 -0.7500 0.4086
vn 0.4779 -0.7702 0.4224
vn 0.4552 -0.8166 0.3549
vn 0.5586 -0.7193 0.4131
vn 0.5390 -0.7616 0.3598
vn 0.5399 -0.7747 0.3291
vn 0.4514 -0.8146 0.3642
vn 0.4450 -0.8463 0.2929
vn 0.4453 -0.8465 0.2918
vn 0.4442 -0.8455 0.2963
vn 0.3545 -0.8756 0.3281
vn 0.4472 -0.7500 0.4874
vn 0.4009 -0.7697 0.4968
vn 0.3625 -0.8135 0.4547
vn 0.3553 -0.7995 0.4842
vn 0.3053 -0.8145 0.4933
vn 0.3634 -0.8216 0.4392
vn 0.4348 -0.7975 0.4182
vn 0.4157 -0.7045 0.5751
vn 0.4704 -0.7347 0.4888
vn 0.5036 -0.6949 0.5133
vn 0.5064 -0.6968 0.5080
vn 0.5044 -0.6954 0.5119
vn 0.5072 -0.6973 0.5064
vn 0.5452 -0.6744 0.4980
vn 0.5460 -0.6745 0.4969
vn 0.5455 -0.6744 0.4977
vn 0.5461 -0.6746 0.4967
vn 0.5185 -0.7055 0.4831
vn 0.6055 -0.6496 0.4598
vn 0.6036 -0.6372 0.4792
vn 0.0743 -0.8699 0.4876
vn 0.0750 -0.8726 0.4827
vn 0.0746 -0.8709 0.4857
vn 0.0267 -0.8670 0.4977
vn 0.0756 -0.8752 0.4778
vn 0.0754 -0.8725 0.4828
vn 0.1423 -0.8586 0.4924
vn 0.6210 -0.7186 0.3130
vn 0.5934 -0.7365 0.3248
vn 0.5981 -0.7362 0.3167
vn 0.5980 -0.7363 0.3166
vn 0.5885 -0.7723 0.2390
vn 0.5280 -0.8064 0.2664
vn 0.5293 -0.8071 0.2615
vn 0.5282 -0.8065 0.2656
vn 0.5193 -0.8260 0.2192
vn 0.5193 -0.8260 0.2194
vn 0.5193 -0.8260 0.2193
vn 0.4363 -0.8620 0.2580
vn 0.4362 -0.8619 0.2586
vn 0.4364 -0.8620 0.2579
vn 0.4285 -0.8732 0.2324
vn 0.4284 -0.8729 0.2334
vn 0.4287 -0.8739 0.2290
vn 0.5700 -0.8103 0.1361
vn 0.4950 -0.8442 -0.2056
vn 0.5379 -0.8269 -0.1639
vn 0.5385 -0.8253 -0.1702
vn 0.5384 -0.8254 -0.1694
vn 0.5378 -0.8272 -0.1631
vn 0.5812 -0.8061 -0.1111
vn 0.5824 -0.8043 -0.1180
vn 0.5824 -0.8044 -0.1172
vn 0.5810 -0.8064 -0.1103
vn 0.6141 -0.7869 -0.0597
vn 0.6159 -0.7851 -0.0663
vn 0.6157 -0.7853 -0.0656
vn 0.6139 -0.7872 -0.0588
vn 0.0552 -0.9580 -0.2815
vn 0.0950 -0.9561 -0.2773
vn 0.0948 -0.9560 -0.2775
vn 0.0949 -0.9561 -0.2774
vn 0.0952 -0.9561 -0.2772
vn 0.1367 -0.9530 -0.2704
vn 0.1363 -0.9529 -0.2708
vn 0.1365 -0.9530 -0.2706
vn 0.1369 -0.9530 -0.2702
vn 0.1787 -0.9486 -0.2612
vn 0.1786 -0.9486 -0.2614
vn 0.1793 -0.9487 -0.2605
vn 0.1795 -0.9487 -0.2604
vn 0.2218 -0.9428 -0.2489
vn 0.2217 -0.9428 -0.2491
vn 0.2226 -0.9428 -0.2480
vn 0.2228 -0.9429 -0.2478
vn 0.2640 -0.9357 -0.2340
vn 0.2638 -0.9357 -0.2343
vn 0.2649 -0.9358 -0.2327
vn 0.2651 -0.9358 -0.2325
vn 0.3047 -0.9275 -0.2167
vn 0.3045 -0.9274 -0.2170
vn 0.3059 -0.9275 -0.2149
vn 0.3062 -0.9275 -0.2146
vn 0.3438 -0.9181 -0.1972
vn 0.3435 -0.9181 -0.1976
vn 0.3451 -0.9181 -0.1951
vn 0.3452 -0.9181 -0.1946
vn 0.3800 -0.9081 -0.1759
vn 0.3797 -0.9081 -0.1764
vn 0.3814 -0.9080 -0.1734
vn 0.3816 -0.9080 -0.1727
vn 0.4283 -0.8929 -0.1387
vn 0.4281 -0.8921 -0.1446
vn 0.4281 -0.8921 -0.1442
vn 0.4283 -0.8930 -0.1381
vn 0.4797 -0.8726 -0.0916
vn 0.4803 -0.8716 -0.0985
vn 0.4802 -0.8717 -0.0980
vn 0.4797 -0.8727 -0.0910
vn 0.5201 -0.8530 -0.0440
vn 0.5212 -0.8519 -0.0514
vn 0.5212 -0.8519 -0.0508
vn 0.5199 -0.8532 -0.0434
vn 0.5504 -0.8349 0.0024
vn 0.5523 -0.8337 -0.0048
vn 0.5521 -0.8338 -0.0043
vn 0.5503 -0.8350 0.0031
vn 0.1024 -0.9397 -0.3262
vn 0.1022 -0.9397 -0.3264
vn 0.1023 -0.9397 -0.3262
vn 0.1025 -0.9398 -0.3261
vn 0.1470 -0.9364 -0.3188
vn 0.1467 -0.9363 -0.3191
vn 0.1469 -0.9363 -0.3189
vn 0.1472 -0.9364 -0.3186
vn 0.1925 -0.9316 -0.3084
vn 0.1921 -0.9315 -0.3090
vn 0.1924 -0.9315 -0.3086
vn 0.1928 -0.9316 -0.3081
vn 0.2383 -0.9251 -0.2957
vn 0.2381 -0.9251 -0.2957
vn 0.2390 -0.9252 -0.2947
vn 0.2391 -0.9253 -0.2945
vn 0.2830 -0.9175 -0.2795
vn 0.2828 -0.9175 -0.2798
vn 0.2839 -0.9176 -0.2782
vn 0.2841 -0.9176 -0.2780
vn 0.3263 -0.9086 -0.2609
vn 0.3261 -0.9085 -0.2612
vn 0.3274 -0.9087 -0.2592
vn 0.3275 -0.9087 -0.2589
vn 0.3674 -0.8986 -0.2400
vn 0.3672 -0.8986 -0.2403
vn 0.3686 -0.8987 -0.2378
vn 0.3688 -0.8987 -0.2374
vn 0.4054 -0.8879 -0.2173
vn 0.4052 -0.8879 -0.2177
vn 0.4068 -0.8880 -0.2146
vn 0.4070 -0.8880 -0.2141
vn 0.4559 -0.8721 -0.1779
vn 0.4558 -0.8709 -0.1837
vn 0.4558 -0.8710 -0.1831
vn 0.4558 -0.8722 -0.1773
vn 0.5095 -0.8509 -0.1280
vn 0.5101 -0.8495 -0.1348
vn 0.5101 -0.8496 -0.1342
vn 0.5094 -0.8511 -0.1273
vn 0.5513 -0.8306 -0.0779
vn 0.5525 -0.8292 -0.0850
vn 0.5525 -0.8292 -0.0843
vn 0.5511 -0.8309 -0.0771
vn 0.5829 -0.8121 -0.0288
vn 0.5847 -0.8104 -0.0358
vn 0.5845 -0.8107 -0.0352
vn 0.5827 -0.8122 -0.0280
vn 0.3245 -0.9416 -0.0902
vn 0.3700 -0.9272 -0.0584
vn 0.3694 -0.9271 -0.0644
vn 0.3696 -0.9269 -0.0643
vn 0.3699 -0.9273 -0.0582
vn 0.4168 -0.9089 -0.0173
vn 0.4169 -0.9087 -0.0241
vn 0.4170 -0.9086 -0.0240
vn 0.4167 -0.9089 -0.0170
vn 0.4537 -0.8908 0.0246
vn 0.4545 -0.8906 0.0172
vn 0.4547 -0.8905 0.0174
vn 0.4536 -0.8909 0.0249
vn 0.4817 -0.8739 0.0655
vn 0.4832 -0.8736 0.0583
vn 0.4833 -0.8735 0.0585
vn 0.4816 -0.8739 0.0659
vn -0.0144 -0.9809 -0.1940
vn 0.0273 -0.9848 -0.1718
vn 0.0308 -0.9908 -0.1317
vn 0.0723 -0.9892 -0.1275
vn 0.0722 -0.9892 -0.1276
vn 0.0728 -0.9892 -0.1272
vn 0.0729 -0.9892 -0.1271
vn 0.1044 -0.9870 -0.1222
vn 0.1041 -0.9870 -0.1224
vn 0.1048 -0.9870 -0.1219
vn 0.1050 -0.9870 -0.1217
vn 0.1371 -0.9839 -0.1150
vn 0.1369 -0.9839 -0.1152
vn 0.1379 -0.9838 -0.1143
vn 0.1381 -0.9838 -0.1141
vn 0.1707 -0.9797 -0.1054
vn 0.1705 -0.9797 -0.1057
vn 0.1717 -0.9796 -0.1045
vn 0.1720 -0.9796 -0.1043
vn 0.2040 -0.9744 -0.0940
vn 0.2037 -0.9745 -0.0944
vn 0.2052 -0.9743 -0.0927
vn 0.2055 -0.9743 -0.0924
vn 0.2367 -0.9682 -0.0807
vn 0.2364 -0.9683 -0.0810
vn 0.2380 -0.9680 -0.0790
vn 0.2383 -0.9680 -0.0786
vn 0.2841 -0.9573 -0.0541
vn 0.2836 -0.9571 -0.0590
vn 0.2842 -0.9571 -0.0566
vn 0.2847 -0.9571 -0.0541
vn 0.3397 -0.9404 -0.0180
vn 0.3387 -0.9406 -0.0239
vn 0.3390 -0.9405 -0.0209
vn 0.3394 -0.9405 -0.0178
vn 0.3838 -0.9232 0.0203
vn 0.3835 -0.9234 0.0134
vn 0.3835 -0.9234 0.0168
vn 0.3836 -0.9233 0.0204
vn 0.4183 -0.9064 0.0592
vn 0.4192 -0.9064 0.0518
vn 0.4189 -0.9063 0.0556
vn 0.4186 -0.9062 0.0594
vn 0.4457 -0.8899 0.0973
vn 0.4466 -0.8902 0.0901
vn 0.4459 -0.8901 0.0938
vn -0.0139 -0.9239 -0.3823
vn 0.0279 -0.9427 -0.3325
vn 0.0030 -0.9588 -0.2840
vn -0.0038 -0.9587 -0.2843
vn -0.0034 -0.9588 -0.2841
vn -0.0040 -0.9587 -0.2845
vn 0.0260 -0.9722 -0.2327
vn 0.0508 -0.9715 -0.2313
vn 0.0506 -0.9715 -0.2315
vn 0.0507 -0.9715 -0.2314
vn 0.0509 -0.9716 -0.2313
vn 0.0876 -0.9699 -0.2274
vn 0.0873 -0.9698 -0.2276
vn 0.0874 -0.9698 -0.2275
vn 0.0877 -0.9699 -0.2272
vn 0.1257 -0.9671 -0.2213
vn 0.1256 -0.9671 -0.2214
vn 0.1262 -0.9671 -0.2209
vn 0.1263 -0.9671 -0.2208
vn 0.1650 -0.9631 -0.2127
vn 0.1648 -0.9631 -0.2128
vn 0.1657 -0.9631 -0.2120
vn 0.1658 -0.9631 -0.2118
vn 0.2049 -0.9579 -0.2013
vn 0.2048 -0.9578 -0.2015
vn 0.2058 -0.9579 -0.2003
vn 0.2060 -0.9579 -0.2001
vn 0.2442 -0.9514 -0.1876
vn 0.2440 -0.9514 -0.1879
vn 0.2452 -0.9514 -0.1863
vn 0.2455 -0.9514 -0.1860
vn 0.2825 -0.9438 -0.1716
vn 0.2822 -0.9438 -0.1719
vn 0.2837 -0.9437 -0.1699
vn 0.2840 -0.9437 -0.1695
vn 0.3190 -0.9352 -0.1534
vn 0.3188 -0.9352 -0.1539
vn 0.3204 -0.9351 -0.1513
vn 0.3207 -0.9351 -0.1509
vn 0.3534 -0.9259 -0.1337
vn 0.3531 -0.9259 -0.1343
vn 0.3548 -0.9257 -0.1312
vn 0.3551 -0.9256 -0.1307
vn 0.3993 -0.9115 -0.0987
vn 0.3992 -0.9109 -0.1047
vn 0.3989 -0.9110 -0.1044
vn 0.3995 -0.9114 -0.0983
vn 0.4491 -0.8918 -0.0546
vn 0.4492 -0.8913 -0.0615
vn 0.4495 -0.8912 -0.0611
vn 0.4488 -0.8920 -0.0541
vn 0.4873 -0.8732 -0.0099
vn 0.4885 -0.8724 -0.0172
vn 0.4883 -0.8725 -0.0168
vn 0.4873 -0.8732 -0.0094
vn 0.5167 -0.8555 0.0338
vn 0.5184 -0.8547 0.0266
vn 0.5182 -0.8548 0.0270
vn 0.5166 -0.8555 0.0344
vn 0.7437 -0.5410 0.3928
vn 0.7429 -0.5534 0.3766
vn 0.7510 -0.5812 0.3134
vn 0.7490 -0.5904 0.3005
vn 0.7514 -0.6146 0.2402
vn 0.7004 -0.6623 0.2660
vn 0.6949 -0.6916 0.1969
vn 0.6971 -0.6904 0.1933
vn 0.6969 -0.6905 0.1937
vn 0.6597 -0.7209 0.2123
vn 0.6500 -0.7445 0.1521
vn 0.5960 -0.7824 0.1805
vn 0.5960 -0.7824 0.1807
vn 0.5851 -0.7987 0.1407
vn 0.5849 -0.7986 0.1415
vn 0.5857 -0.7989 0.1367
vn 0.5103 -0.8405 0.1820
vn 0.5098 -0.8398 0.1864
vn 0.5103 -0.8404 0.1827
vn 0.4991 -0.8527 0.1540
vn 0.4990 -0.8525 0.1555
vn 0.4993 -0.8537 0.1479
vn 0.4192 -0.8858 0.1990
vn 0.4194 -0.8841 0.2060
vn 0.4192 -0.8855 0.2006
vn 0.4070 -0.8961 0.1769
vn 0.4073 -0.8956 0.1790
vn 0.4060 -0.8979 0.1701
vn 0.6280 -0.6643 0.4053
vn 0.5812 -0.6473 0.4931
vn 0.5985 -0.7359 0.3167
vn 0.5352 -0.7720 0.3429
vn 0.5296 -0.8072 0.2605
vn 0.4440 -0.8453 0.2973
vn 0.4362 -0.8619 0.2585
vn 0.3704 -0.8833 0.2873
vn 0.3628 -0.8936 0.2644
vn 0.3622 -0.8939 0.2641
vn 0.3621 -0.8940 0.2640
vn 0.3537 -0.8986 0.2596
vn 0.1761 -0.9047 0.3880
vn 0.1762 -0.9046 0.3882
vn 0.1765 -0.9042 0.3889
vn 0.1765 -0.9041 0.3892
vn 0.1709 -0.8993 0.4024
vn 0.1753 -0.8821 0.4371
vn 0.1755 -0.8825 0.4363
vn 0.1749 -0.8812 0.4392
vn 0.1747 -0.8808 0.4401
vn 0.6681 -0.5705 0.4777
vn 0.6705 -0.5827 0.4592
vn 0.6819 -0.6118 0.4009
vn 0.6807 -0.6231 0.3854
vn 0.6864 -0.6484 0.3293
vn 0.6843 -0.6566 0.3172
vn 0.6854 -0.6789 0.2633
vn 0.6296 -0.7209 0.2897
vn 0.6260 -0.7463 0.2263
vn 0.6021 -0.7687 0.2156
vn 0.5960 -0.7824 0.1809
vn 0.5193 -0.8260 0.2191
vn 0.5097 -0.8397 0.1872
vn 0.4287 -0.8742 0.2281
vn 0.4195 -0.8837 0.2077
vn 0.3579 -0.9026 0.2392
vn 0.3431 -0.9144 0.2150
vn 0.2450 -0.9409 0.2340
vn 0.2576 -0.9342 0.2468
vn 0.2596 -0.9299 0.2605
vn 0.2681 -0.9239 0.2730
vn 0.2681 -0.9245 0.2711
vn 0.2685 -0.9210 0.2821
vn 0.2686 -0.9203 0.2843
vn 0.2791 -0.9120 0.3008
vn 0.2726 -0.9095 0.3138
vn 0.2787 -0.8961 0.3453
vn 0.2819 -0.8970 0.3404
vn 0.2802 -0.8966 0.3430
vn 0.2785 -0.8961 0.3457
vn 0.2851 -0.8698 0.4028
vn 0.2850 -0.8696 0.4032
vn 0.2857 -0.8703 0.4012
vn 0.2859 -0.8705 0.4007
vn 0.1400 -0.9491 0.2823
vn 0.1414 -0.9486 0.2832
vn 0.1452 -0.9473 0.2856
vn 0.1465 -0.9468 0.2864
vn 0.1588 -0.9389 0.3053
vn 0.1594 -0.9387 0.3057
vn 0.1611 -0.9380 0.3071
vn 0.1617 -0.9377 0.3075
vn 0.1723 -0.9287 0.3284
vn 0.1719 -0.9289 0.3280
vn 0.1722 -0.9288 0.3282
vn 0.1719 -0.9290 0.3279
vn 0.1833 -0.9155 0.3580
vn 0.1703 -0.9214 0.3493
vn 0.1815 -0.9127 0.3661
vn 0.0758 -0.8908 0.4481
vn 0.0876 -0.8748 0.4765
vn 0.0830 -0.8904 0.4476
vn 0.0971 -0.8788 0.4671
vn 0.0838 -0.8964 0.4353
vn 0.0967 -0.8893 0.4470
vn 0.0727 -0.9046 0.4199
vn 0.0879 -0.8978 0.4315
vn 0.0623 -0.9110 0.4076
vn 0.0755 -0.9063 0.4159
vn 0.0501 -0.9168 0.3962
vn 0.0530 -0.9160 0.3976
vn 0.0584 -0.9145 0.4004
vn 0.0615 -0.9136 0.4020
vn 0.0382 -0.9213 0.3870
vn 0.0410 -0.9207 0.3881
vn 0.0461 -0.9196 0.3901
vn 0.0490 -0.9189 0.3913
vn 0.0907 -0.9406 0.3271
vn 0.0906 -0.9407 0.3271
vn 0.0906 -0.9406 0.3271
vn 0.0903 -0.9407 0.3269
vn 0.1091 -0.9321 0.3454
vn 0.1083 -0.9324 0.3449
vn 0.1066 -0.9330 0.3438
vn 0.1059 -0.9332 0.3433
vn 0.1243 -0.9226 0.3652
vn 0.1229 -0.9232 0.3640
vn 0.1197 -0.9246 0.3615
vn 0.1183 -0.9252 0.3605
vn 0.1350 -0.9130 0.3850
vn 0.1343 -0.9134 0.3843
vn 0.1326 -0.9143 0.3828
vn 0.1322 -0.9146 0.3823
vn 0.1367 -0.9009 0.4119
vn 0.1357 -0.9017 0.4105
vn 0.1326 -0.9042 0.4060
vn 0.1318 -0.9048 0.4048
vn 0.1301 -0.8929 0.4310
vn 0.1247 -0.9001 0.4175
vn 0.1203 -0.8926 0.4345
vn 0.1232 -0.8810 0.4568
vn 0.1234 -0.8818 0.4552
vn 0.1227 -0.8791 0.4605
vn 0.1921 -0.9484 0.2522
vn 0.2031 -0.9437 0.2612
vn 0.2094 -0.9376 0.2778
vn 0.2108 -0.9368 0.2791
vn 0.2151 -0.9346 0.2834
vn 0.2163 -0.9339 0.2846
vn 0.2206 -0.9275 0.3019
vn 0.2213 -0.9270 0.3028
vn 0.2235 -0.9256 0.3054
vn 0.2241 -0.9252 0.3062
vn 0.2265 -0.9189 0.3231
vn 0.2276 -0.9180 0.3248
vn 0.2313 -0.9150 0.3305
vn 0.2318 -0.9146 0.3313
vn 0.2251 -0.9099 0.3484
vn 0.2270 -0.8999 0.3724
vn 0.2306 -0.9027 0.3633
vn 0.2262 -0.9004 0.3717
vn 0.2257 -0.9003 0.3721
vn 0.2315 -0.8783 0.4184
vn 0.2314 -0.8782 0.4186
vn 0.2314 -0.8782 0.4187
vn 0.2313 -0.8780 0.4189
vn 0.3169 -0.9244 0.2121
vn 0.3161 -0.9249 0.2111
vn 0.3111 -0.9281 0.2047
vn 0.3101 -0.9287 0.2035
vn 0.3084 -0.9177 0.2504
vn 0.3180 -0.9050 0.2826
vn 0.3230 -0.9059 0.2739
vn 0.3228 -0.9058 0.2746
vn 0.3174 -0.9049 0.2836
vn 0.3388 -0.8745 0.3470
vn 0.3522 -0.8821 0.3129
vn 0.3602 -0.8502 0.3840
vn 0.3597 -0.8494 0.3861
vn 0.3614 -0.8521 0.3786
vn 0.3619 -0.8529 0.3762
vn 0.3618 -0.8304 0.4238
vn 0.2864 -0.8483 0.4453
vn 0.2824 -0.8404 0.4625
vn 0.2325 -0.8075 0.5421
vn 0.2453 -0.8325 0.4968
vn 0.1754 -0.8695 0.4617
vn 0.1276 -0.7988 0.5880
vn 0.1224 -0.8782 0.4623
vn 0.0757 -0.8766 0.4752
vn 0.0745 -0.8806 0.4681
vn 0.0239 -0.8757 0.4822
vn 0.3994 -0.8977 0.1859
vn 0.4806 -0.1239 -0.8681
vn 0.4804 -0.1240 -0.8682
vn 0.4806 -0.1253 -0.8679
vn 0.4805 -0.1267 -0.8678
vn 0.5272 -0.1084 -0.8428
vn 0.5268 -0.1232 -0.8410
vn 0.5973 -0.1038 -0.7953
vn 0.5971 -0.1217 -0.7929
vn 0.6235 -0.1102 -0.7740
vn 0.6233 -0.1345 -0.7703
vn 0.6490 -0.1231 -0.7507
vn 0.6489 -0.1433 -0.7472
vn 0.6616 -0.1335 -0.7379
vn 0.6614 -0.1573 -0.7334
vn 0.6736 -0.1477 -0.7242
vn 0.6716 -0.2159 -0.7088
vn 0.6817 -0.2075 -0.7016
vn 0.6834 -0.2748 -0.6764
vn 0.6766 -0.2805 -0.6808
vn 0.6779 -0.2795 -0.6800
vn 0.6846 -0.2737 -0.6756
vn 0.6768 -0.3416 -0.6521
vn 0.6335 -0.3532 -0.6884
vn 0.6232 -0.4195 -0.6600
vn 0.5743 -0.4327 -0.6949
vn 0.5645 -0.4844 -0.6683
vn 0.5078 -0.4978 -0.7031
vn 0.4994 -0.5371 -0.6798
vn 0.4390 -0.5492 -0.7111
vn 0.4306 -0.5873 -0.6854
vn 0.3674 -0.5979 -0.7124
vn 0.3591 -0.6350 -0.6840
vn 0.2936 -0.6441 -0.7064
vn 0.2859 -0.6803 -0.6749
vn 0.2211 -0.6874 -0.6918
vn 0.2144 -0.7225 -0.6573
vn 0.1511 -0.7276 -0.6692
vn 0.1459 -0.7610 -0.6321
vn 0.0856 -0.7642 -0.6393
vn 0.0823 -0.7958 -0.5999
vn 0.0189 -0.7972 -0.6034
vn 0.0308 -0.8270 -0.5614
vn 0.0022 -0.8449 -0.5348
vn 0.0238 -0.8547 -0.5186
vn 0.0243 -0.8903 -0.4547
vn -0.0249 -0.8794 -0.4754
vn 0.0270 -0.9035 -0.4278
vn 0.0679 -0.9023 -0.4256
vn 0.0679 -0.9024 -0.4256
vn 0.1166 -0.8998 -0.4204
vn 0.1165 -0.8998 -0.4204
vn 0.1166 -0.8999 -0.4203
vn 0.1670 -0.8958 -0.4119
vn 0.1668 -0.8957 -0.4121
vn 0.1671 -0.8958 -0.4117
vn 0.2181 -0.8902 -0.4001
vn 0.2178 -0.8901 -0.4004
vn 0.2180 -0.8901 -0.4002
vn 0.2183 -0.8902 -0.3998
vn 0.2697 -0.8828 -0.3846
vn 0.2692 -0.8827 -0.3852
vn 0.2698 -0.8829 -0.3844
vn 0.2700 -0.8829 -0.3842
vn 0.3190 -0.8739 -0.3668
vn 0.3189 -0.8738 -0.3670
vn 0.3198 -0.8741 -0.3656
vn 0.3199 -0.8741 -0.3655
vn 0.3668 -0.8637 -0.3457
vn 0.3666 -0.8637 -0.3458
vn 0.3677 -0.8640 -0.3440
vn 0.3678 -0.8640 -0.3438
vn 0.4116 -0.8526 -0.3220
vn 0.4115 -0.8526 -0.3222
vn 0.4127 -0.8529 -0.3197
vn 0.4129 -0.8529 -0.3195
vn 0.4529 -0.8408 -0.2964
vn 0.4528 -0.8408 -0.2967
vn 0.4541 -0.8411 -0.2937
vn 0.4543 -0.8412 -0.2934
vn 0.4898 -0.8290 -0.2700
vn 0.4897 -0.8289 -0.2703
vn 0.4910 -0.8293 -0.2668
vn 0.4911 -0.8293 -0.2665
vn 0.5220 -0.8175 -0.2432
vn 0.5220 -0.8174 -0.2436
vn 0.5232 -0.8178 -0.2397
vn 0.5234 -0.8178 -0.2393
vn 0.5644 -0.8014 -0.1983
vn 0.5650 -0.7994 -0.2043
vn 0.5649 -0.7997 -0.2035
vn 0.5643 -0.8016 -0.1974
vn 0.6090 -0.7801 -0.1431
vn 0.6102 -0.7780 -0.1496
vn 0.6100 -0.7783 -0.1488
vn 0.6088 -0.7804 -0.1422
vn 0.6431 -0.7606 -0.0892
vn 0.6447 -0.7584 -0.0956
vn 0.6445 -0.7587 -0.0948
vn 0.6429 -0.7609 -0.0883
vn 0.9931 -0.0158 -0.1159
vn 0.9928 -0.0175 -0.1184
vn 0.9929 -0.0175 -0.1180
vn 0.9947 -0.0257 -0.0995
vn 0.9946 -0.0305 -0.0988
vn 0.9964 -0.0330 -0.0783
vn 0.9961 -0.0302 -0.0835
vn 0.9965 -0.0287 -0.0780
vn 0.9964 -0.0292 -0.0798
vn 0.9959 -0.0306 -0.0851
vn 0.9978 -0.0385 -0.0543
vn 0.9976 -0.0449 -0.0536
vn 0.9807 -0.0341 0.1927
vn 0.9796 -0.0360 0.1977
vn 0.9805 -0.0345 0.1937
vn 0.9794 -0.0363 0.1987
vn 0.9794 -0.0356 0.1986
vn 0.9703 -0.0349 0.2394
vn 0.9700 -0.0386 0.2400
vn 0.9316 -0.0433 0.3609
vn 0.9457 -0.0452 0.3218
vn 0.9460 -0.0426 0.3214
vn 0.9571 -0.0401 0.2871
vn 0.9583 -0.0466 0.2819
vn 0.9584 -0.0456 0.2819
vn 0.9590 -0.0378 0.2810
vn 0.9591 -0.0376 0.2804
vn 0.9947 -0.0459 0.0923
vn 0.9920 -0.0472 0.1172
vn 0.9919 -0.0481 0.1173
vn 0.9867 -0.0503 0.1543
vn 0.9869 -0.0476 0.1539
vn 0.9867 -0.0501 0.1543
vn 0.9865 -0.0528 0.1548
vn 0.9798 -0.0551 0.1920
vn 0.9801 -0.0520 0.1915
vn 0.9799 -0.0549 0.1920
vn 0.9796 -0.0580 0.1925
vn 0.9716 -0.0568 0.2297
vn 0.9718 -0.0568 0.2288
vn 0.9715 -0.0601 0.2294
vn 0.9711 -0.0636 0.2300
vn 0.9621 -0.0620 0.2655
vn 0.9600 -0.0789 0.2687
vn 0.9308 -0.0500 0.3620
vn 0.9217 -0.0486 0.3848
vn 0.9983 -0.0467 -0.0353
vn 0.9985 -0.0449 -0.0318
vn 0.9985 -0.0450 -0.0321
vn 0.9985 -0.0448 -0.0314
vn 0.9987 -0.0510 -0.0063
vn 0.9981 -0.0606 -0.0051
vn 0.9981 -0.0603 0.0129
vn 0.9967 -0.0674 0.0448
vn 0.9968 -0.0671 0.0445
vn 0.9963 -0.0721 0.0457
vn 0.9963 -0.0724 0.0455
vn 0.9945 -0.0778 0.0700
vn 0.9945 -0.0773 0.0701
vn 0.9939 -0.0842 0.0712
vn 0.9938 -0.0845 0.0715
vn 0.9915 -0.0887 0.0952
vn 0.9891 -0.1085 0.0994
vn 0.9759 -0.0758 0.2045
vn 0.9709 -0.1113 0.2119
vn 0.9389 -0.0713 0.3367
vn 0.9285 -0.1288 0.3482
vn 0.8838 -0.0891 0.4594
vn 0.8742 -0.1318 0.4674
vn 0.9986 -0.0487 0.0225
vn 0.9976 -0.0513 0.0475
vn 0.9975 -0.0516 0.0476
vn 0.9976 -0.0510 0.0475
vn 0.9952 -0.0578 0.0795
vn 0.9951 -0.0582 0.0796
vn 0.9952 -0.0579 0.0795
vn 0.9952 -0.0575 0.0794
vn 0.9916 -0.0649 0.1120
vn 0.9916 -0.0644 0.1119
vn 0.9916 -0.0648 0.1120
vn 0.9915 -0.0653 0.1121
vn 0.9869 -0.0718 0.1441
vn 0.9870 -0.0716 0.1441
vn 0.9867 -0.0739 0.1445
vn 0.9867 -0.0740 0.1445
vn 0.9812 -0.0795 0.1757
vn 0.9789 -0.0976 0.1793
vn 0.9518 -0.0605 0.3007
vn 0.9478 -0.0892 0.3063
vn 0.9054 -0.0514 0.4214
vn 0.8818 -0.0849 0.4639
vn 0.9897 -0.0254 -0.1412
vn 0.9896 -0.0221 -0.1422
vn 0.9916 -0.0143 -0.1287
vn 0.9916 -0.0151 -0.1286
vn 0.9916 -0.0227 -0.1276
vn 0.9915 -0.0235 -0.1276
vn 0.9947 -0.0461 -0.0915
vn 0.9953 -0.0148 -0.0959
vn 0.9928 -0.0266 -0.1164
vn 0.9925 -0.0147 -0.1210
vn 0.9929 -0.0123 -0.1181
vn 0.9928 -0.0128 -0.1189
vn 0.9976 -0.0546 -0.0421
vn 0.9935 -0.0684 -0.0914
vn 0.9946 -0.0367 -0.0968
vn 0.9887 -0.0492 -0.1416
vn 0.9891 -0.0478 -0.1392
vn 0.9901 -0.0443 -0.1333
vn 0.9878 -0.0257 -0.1538
vn 0.9891 -0.0210 -0.1457
vn 0.9885 -0.0225 -0.1493
vn 0.9831 -0.0233 -0.1817
vn 0.9823 -0.0310 -0.1846
vn 0.9831 -0.0284 -0.1806
vn 0.9824 -0.0251 -0.1853
vn 0.9939 -0.1023 -0.0419
vn 0.9935 -0.1088 -0.0324
vn 0.9936 -0.1084 -0.0324
vn 0.9928 -0.1156 -0.0308
vn 0.9928 -0.1160 -0.0307
vn 0.9925 -0.1218 0.0031
vn 0.9886 -0.1504 0.0100
vn 0.9890 -0.1291 0.0719
vn 0.9776 -0.1915 0.0875
vn 0.9767 -0.1938 0.0923
vn 0.9775 -0.1918 0.0877
vn 0.9767 -0.1938 0.0927
vn 0.9626 -0.2486 0.1075
vn 0.9616 -0.2505 0.1118
vn 0.9625 -0.2489 0.1076
vn 0.9616 -0.2505 0.1122
vn 0.9453 -0.3006 0.1267
vn 0.9443 -0.3020 0.1306
vn 0.9452 -0.3007 0.1269
vn 0.9443 -0.3021 0.1308
vn 0.9263 -0.3479 0.1450
vn 0.9254 -0.3490 0.1480
vn 0.9262 -0.3481 0.1451
vn 0.9253 -0.3490 0.1483
vn 0.8949 -0.4128 0.1694
vn 0.8899 -0.3851 0.2447
vn 0.7954 -0.4745 0.3770
vn 0.7741 -0.4358 0.4592
vn 0.7253 -0.4966 0.4769
vn 0.6964 -0.4500 0.5590
vn 0.6509 -0.5363 0.5373
vn 0.7712 -0.3315 0.5434
vn 0.8446 -0.3115 0.4354
vn 0.8738 -0.3549 0.3326
vn 0.9016 -0.2950 0.3165
vn 0.9042 -0.2932 0.3106
vn 0.9018 -0.2949 0.3159
vn 0.9044 -0.2930 0.3102
vn 0.9201 -0.2522 0.2996
vn 0.9233 -0.2498 0.2919
vn 0.9204 -0.2522 0.2989
vn 0.9235 -0.2493 0.2915
vn 0.9377 -0.2050 0.2807
vn 0.9412 -0.2014 0.2713
vn 0.9379 -0.2048 0.2800
vn 0.9414 -0.2011 0.2708
vn 0.9535 -0.1531 0.2597
vn 0.9572 -0.1481 0.2488
vn 0.9537 -0.1527 0.2591
vn 0.9573 -0.1480 0.2481
vn 0.9676 -0.0909 0.2356
vn 0.9840 -0.1267 0.1255
vn 0.9887 -0.0921 0.1179
vn 0.9923 -0.1169 0.0406
vn 0.9948 -0.0954 0.0359
vn 0.9956 -0.0916 0.0191
vn 0.9955 -0.0923 0.0191
vn 0.9965 -0.0814 0.0170
vn 0.9966 -0.0808 0.0168
vn 0.9822 -0.0584 -0.1785
vn 0.9828 -0.0608 -0.1746
vn 0.9837 -0.0213 -0.1786
vn 0.9874 -0.0218 -0.1567
vn 0.9874 -0.0221 -0.1565
vn 0.9933 -0.0158 -0.1146
vn 0.9929 -0.0449 -0.1104
vn 0.9970 -0.0337 -0.0700
vn 0.9956 -0.0676 -0.0644
vn 0.9952 -0.0598 -0.0771
vn 0.9893 -0.0734 -0.1257
vn 0.9898 -0.0719 -0.1232
vn 0.9908 -0.0682 -0.1172
vn 0.9905 -0.0428 -0.1309
vn 0.9832 -0.0546 -0.1739
vn 0.9837 -0.0534 -0.1719
vn 0.9846 -0.0506 -0.1672
vn 0.9837 -0.0270 -0.1778
vn 0.9754 -0.0345 -0.2178
vn 0.9758 -0.0368 -0.2156
vn 0.9766 -0.0346 -0.2124
vn 0.9754 -0.0343 -0.2177
vn 0.9700 -0.0338 -0.2406
vn 0.9692 -0.0358 -0.2437
vn 0.9683 -0.0374 -0.2471
vn 0.9687 -0.0755 -0.2365
vn 0.9642 -0.0745 -0.2545
vn 0.9185 -0.0987 -0.3828
vn 0.9176 -0.0997 -0.3849
vn 0.8979 -0.0982 -0.4291
vn 0.8717 -0.1094 -0.4776
vn 0.8716 -0.1096 -0.4778
vn 0.8503 -0.1113 -0.5144
vn 0.9933 -0.0337 -0.1107
vn 0.9966 -0.0169 -0.0807
vn 0.9958 -0.0509 -0.0760
vn 0.9985 -0.0333 -0.0446
vn 0.9968 -0.0698 -0.0386
vn 0.9987 -0.0514 -0.0061
vn 0.9970 -0.0771 -0.0012
vn 0.9955 -0.0873 -0.0358
vn 0.9954 -0.0884 -0.0370
vn 0.9951 -0.0910 -0.0397
vn 0.9946 -0.0946 -0.0435
vn 0.9936 -0.0876 -0.0716
vn 0.9892 -0.0987 -0.1083
vn 0.9912 -0.0667 -0.1147
vn 0.9839 -0.0794 -0.1601
vn 0.9843 -0.0781 -0.1581
vn 0.9853 -0.0752 -0.1532
vn 0.9850 -0.0495 -0.1652
vn 0.9767 -0.0606 -0.2059
vn 0.9771 -0.0596 -0.2043
vn 0.9781 -0.0572 -0.2003
vn 0.9772 -0.0334 -0.2097
vn 0.9681 -0.0429 -0.2468
vn 0.9690 -0.0408 -0.2437
vn 0.9589 -0.0495 -0.2795
vn 0.9605 -0.0466 -0.2743
vn 0.9598 -0.0475 -0.2767
vn 0.9489 -0.0486 -0.3119
vn 0.9476 -0.0501 -0.3154
vn 0.9326 -0.0610 -0.3557
vn 0.9193 -0.0603 -0.3889
vn 0.9186 -0.0611 -0.3904
vn 0.9163 -0.0638 -0.3954
vn 0.9770 -0.1151 -0.1795
vn 0.9777 -0.0848 -0.1919
vn 0.9791 -0.0814 -0.1863
vn 0.9787 -0.0824 -0.1879
vn 0.8209 -0.1136 -0.5597
vn 0.8407 -0.1148 -0.5291
vn 0.8407 -0.1154 -0.5291
vn 0.8407 -0.1147 -0.5291
vn 0.8408 -0.1142 -0.5292
vn 0.8858 -0.0971 -0.4538
vn 0.8866 -0.0792 -0.4557
vn 0.9153 -0.0648 -0.3974
vn 0.9182 -0.0702 -0.3898
vn 0.9151 -0.0738 -0.3964
vn 0.9161 -0.0727 -0.3944
vn 0.9356 -0.0614 -0.3476
vn 0.9371 -0.0858 -0.3384
vn 0.9349 -0.0887 -0.3437
vn 0.9356 -0.0878 -0.3421
vn 0.9487 -0.0792 -0.3062
vn 0.9564 -0.0797 -0.2810
vn 0.9570 -0.0787 -0.2793
vn 0.9591 -0.0751 -0.2730
vn 0.9599 -0.0737 -0.2706
vn 0.9709 -0.0632 -0.2312
vn 0.9704 -0.0640 -0.2327
vn 0.9695 -0.0660 -0.2362
vn 0.6600 -0.1177 -0.7420
vn 0.6764 -0.1298 -0.7250
vn 0.6764 -0.1302 -0.7249
vn 0.6764 -0.1297 -0.7250
vn 0.6764 -0.1294 -0.7250
vn 0.7612 -0.1209 -0.6371
vn 0.7619 -0.1099 -0.6383
vn 0.7618 -0.1107 -0.6383
vn 0.7612 -0.1218 -0.6370
vn 0.8257 -0.0950 -0.5560
vn 0.8253 -0.1039 -0.5550
vn 0.8254 -0.1032 -0.5551
vn 0.8257 -0.0943 -0.5561
vn 0.8686 -0.0895 -0.4874
vn 0.8688 -0.0784 -0.4889
vn 0.8689 -0.0793 -0.4887
vn 0.8685 -0.0904 -0.4874
vn 0.8994 -0.0767 -0.4304
vn 0.8978 -0.0779 -0.4335
vn 0.8953 -0.0808 -0.4380
vn 0.9023 -0.1003 -0.4192
vn 0.8985 -0.1043 -0.4264
vn 0.8997 -0.1031 -0.4242
vn 0.9221 -0.0922 -0.3759
vn 0.9212 -0.0932 -0.3777
vn 0.9192 -0.0956 -0.3820
vn 0.9213 -0.1109 -0.3726
vn 0.9303 -0.1188 -0.3470
vn 0.9303 -0.1186 -0.3470
vn 0.9306 -0.1247 -0.3441
vn 0.9308 -0.1230 -0.3442
vn 0.9314 -0.1248 -0.3419
vn 0.9293 -0.1541 -0.3356
vn 0.9297 -0.1551 -0.3342
vn 0.9296 -0.1550 -0.3343
vn 0.9300 -0.1559 -0.3329
vn 0.9264 -0.1915 -0.3243
vn 0.9264 -0.1916 -0.3241
vn 0.9265 -0.1918 -0.3239
vn 0.9227 -0.2207 -0.3161
vn 0.9281 -0.2239 -0.2974
vn 0.9196 -0.2682 -0.2869
vn 0.9210 -0.2657 -0.2848
vn 0.9208 -0.2661 -0.2852
vn 0.6108 -0.1217 -0.7824
vn 0.6168 -0.1265 -0.7769
vn 0.6168 -0.1263 -0.7769
vn 0.6167 -0.1297 -0.7765
vn 0.7120 -0.1233 -0.6913
vn 0.7127 -0.1108 -0.6927
vn 0.7126 -0.1117 -0.6926
vn 0.7120 -0.1242 -0.6911
vn 0.7866 -0.1015 -0.6091
vn 0.7864 -0.1066 -0.6084
vn 0.7864 -0.1062 -0.6086
vn 0.7867 -0.1011 -0.6091
vn 0.8379 -0.0974 -0.5371
vn 0.8382 -0.0849 -0.5386
vn 0.8382 -0.0858 -0.5386
vn 0.8379 -0.0984 -0.5370
vn 0.8755 -0.0841 -0.4759
vn 0.8746 -0.1117 -0.4718
vn 0.9035 -0.0991 -0.4170
vn 0.9028 -0.1175 -0.4138
vn 0.9050 -0.1201 -0.4080
vn 0.9050 -0.1192 -0.4083
vn 0.9044 -0.1315 -0.4058
vn 0.9044 -0.1324 -0.4057
vn 0.9065 -0.1341 -0.4004
vn 0.9041 -0.1683 -0.3929
vn 0.9051 -0.1691 -0.3901
vn 0.9043 -0.1684 -0.3924
vn 0.9053 -0.1692 -0.3895
vn 0.9013 -0.2091 -0.3795
vn 0.9016 -0.2094 -0.3784
vn 0.9013 -0.2092 -0.3793
vn 0.9017 -0.2094 -0.3783
vn 0.8955 -0.2525 -0.3666
vn 0.8958 -0.2519 -0.3661
vn 0.8957 -0.2522 -0.3663
vn 0.9127 -0.2387 -0.3315
vn 0.9038 -0.2841 -0.3201
vn 0.9052 -0.2818 -0.3182
vn 0.9049 -0.2822 -0.3186
vn 0.9194 -0.2687 -0.2873
vn 0.9073 -0.3234 -0.2688
vn 0.9567 -0.0967 -0.2747
vn 0.9562 -0.1056 -0.2730
vn 0.9561 -0.1072 -0.2727
vn 0.9569 -0.1099 -0.2689
vn 0.9551 -0.1356 -0.2636
vn 0.9553 -0.1364 -0.2625
vn 0.9552 -0.1363 -0.2626
vn 0.9554 -0.1370 -0.2615
vn 0.9524 -0.1682 -0.2543
vn 0.9524 -0.1683 -0.2542
vn 0.9524 -0.1683 -0.2541
vn 0.9479 -0.2038 -0.2450
vn 0.9477 -0.2032 -0.2459
vn 0.9478 -0.2033 -0.2459
vn 0.9476 -0.2027 -0.2469
vn 0.9407 -0.2447 -0.2348
vn 0.9405 -0.2436 -0.2368
vn 0.9405 -0.2437 -0.2367
vn 0.9403 -0.2426 -0.2388
vn 0.9273 -0.3035 -0.2192
vn 0.9273 -0.3033 -0.2195
vn 0.9274 -0.3021 -0.2207
vn 0.9274 -0.3018 -0.2210
vn 0.9123 -0.3562 -0.2019
vn 0.9124 -0.3559 -0.2022
vn 0.9123 -0.3561 -0.2021
vn 0.9124 -0.3558 -0.2023
vn 0.8958 -0.4048 -0.1837
vn 0.8957 -0.4050 -0.1834
vn 0.8956 -0.4054 -0.1830
vn 0.8956 -0.4056 -0.1828
vn 0.8779 -0.4497 -0.1646
vn 0.8779 -0.4499 -0.1643
vn 0.8775 -0.4511 -0.1628
vn 0.8774 -0.4513 -0.1626
vn 0.8588 -0.4914 -0.1449
vn 0.8586 -0.4918 -0.1444
vn 0.8581 -0.4933 -0.1425
vn 0.8580 -0.4936 -0.1420
vn 0.8387 -0.5301 -0.1246
vn 0.8385 -0.5305 -0.1240
vn 0.8378 -0.5323 -0.1216
vn 0.8376 -0.5327 -0.1209
vn 0.8180 -0.5656 -0.1043
vn 0.8179 -0.5660 -0.1037
vn 0.8169 -0.5679 -0.1007
vn 0.8167 -0.5683 -0.1001
vn 0.7963 -0.5991 -0.0834
vn 0.7961 -0.5994 -0.0828
vn 0.7950 -0.6013 -0.0796
vn 0.7948 -0.6018 -0.0789
vn 0.7756 -0.6280 -0.0638
vn 0.7754 -0.6283 -0.0632
vn 0.7743 -0.6299 -0.0602
vn 0.7741 -0.6303 -0.0596
vn 0.7510 -0.6590 -0.0420
vn 0.7508 -0.6593 -0.0415
vn 0.7496 -0.6608 -0.0385
vn 0.7494 -0.6610 -0.0379
vn 0.7191 -0.6948 -0.0157
vn 0.7188 -0.6950 -0.0152
vn 0.7175 -0.6964 -0.0118
vn 0.7173 -0.6967 -0.0112
vn 0.6899 -0.7239 0.0080
vn 0.6897 -0.7241 0.0085
vn 0.6882 -0.7254 0.0122
vn 0.6880 -0.7256 0.0128
vn 0.6592 -0.7513 0.0323
vn 0.6589 -0.7515 0.0328
vn 0.6572 -0.7528 0.0369
vn 0.6571 -0.7529 0.0375
vn 0.6261 -0.7776 0.0578
vn 0.6259 -0.7777 0.0583
vn 0.6241 -0.7788 0.0628
vn 0.5917 -0.8018 0.0836
vn 0.6239 -0.7790 0.0633
vn 0.6488 -0.7498 0.1300
vn 0.6732 -0.7351 0.0805
vn 0.7036 -0.7080 0.0615
vn 0.7037 -0.7079 0.0612
vn 0.7046 -0.7072 0.0593
vn 0.7047 -0.7070 0.0590
vn 0.7338 -0.6781 0.0401
vn 0.7339 -0.6781 0.0398
vn 0.7347 -0.6774 0.0382
vn 0.7348 -0.6772 0.0380
vn 0.7670 -0.6415 0.0163
vn 0.7671 -0.6413 0.0160
vn 0.7679 -0.6405 0.0143
vn 0.7680 -0.6403 0.0140
vn 0.7920 -0.6106 -0.0029
vn 0.7921 -0.6103 -0.0033
vn 0.7930 -0.6091 -0.0054
vn 0.7932 -0.6089 -0.0058
vn 0.8129 -0.5821 -0.0202
vn 0.8130 -0.5818 -0.0207
vn 0.8140 -0.5804 -0.0230
vn 0.8142 -0.5801 -0.0234
vn 0.8353 -0.5484 -0.0394
vn 0.8355 -0.5481 -0.0399
vn 0.8363 -0.5466 -0.0421
vn 0.8365 -0.5463 -0.0425
vn 0.8568 -0.5123 -0.0586
vn 0.8570 -0.5119 -0.0591
vn 0.8577 -0.5105 -0.0611
vn 0.8579 -0.5102 -0.0615
vn 0.8779 -0.4724 -0.0783
vn 0.8780 -0.4721 -0.0786
vn 0.8786 -0.4708 -0.0803
vn 0.8787 -0.4705 -0.0806
vn 0.8980 -0.4291 -0.0978
vn 0.8981 -0.4288 -0.0981
vn 0.8984 -0.4279 -0.0992
vn 0.8985 -0.4276 -0.0995
vn 0.9167 -0.3820 -0.1171
vn 0.9167 -0.3819 -0.1173
vn 0.9169 -0.3814 -0.1179
vn 0.9169 -0.3812 -0.1180
vn 0.9340 -0.3305 -0.1361
vn 0.9339 -0.3306 -0.1359
vn 0.9339 -0.3305 -0.1360
vn 0.9492 -0.2743 -0.1544
vn 0.9491 -0.2746 -0.1541
vn 0.9491 -0.2753 -0.1534
vn 0.9490 -0.2756 -0.1531
vn 0.9618 -0.2128 -0.1721
vn 0.9619 -0.2136 -0.1707
vn 0.9619 -0.2135 -0.1707
vn 0.9620 -0.2143 -0.1694
vn 0.9678 -0.1766 -0.1796
vn 0.9678 -0.1768 -0.1793
vn 0.9678 -0.1770 -0.1790
vn 0.9715 -0.1465 -0.1865
vn 0.9714 -0.1461 -0.1871
vn 0.9714 -0.1457 -0.1877
vn 0.9731 -0.1276 -0.1918
vn 0.9693 -0.1224 -0.2130
vn 0.9714 -0.0905 -0.2195
vn 0.9760 -0.0908 -0.1981
vn 0.9702 -0.0826 -0.2279
vn 0.9567 -0.0951 -0.2750
vn 0.9559 -0.0923 -0.2789
vn 0.9369 -0.1060 -0.3332
vn 0.9377 -0.0849 -0.3368
vn 0.9183 -0.0966 -0.3839
vn 0.9192 -0.0691 -0.3878
vn 0.8942 -0.0724 -0.4417
vn 0.8943 -0.0717 -0.4417
vn 0.8584 -0.0997 -0.5033
vn 0.8589 -0.0869 -0.5047
vn 0.8589 -0.0879 -0.5045
vn 0.8583 -0.1007 -0.5032
vn 0.8041 -0.1183 -0.5827
vn 0.8041 -0.1183 -0.5826
vn 0.8041 -0.1182 -0.5827
vn 0.7810 -0.1150 -0.6139
vn 0.7736 -0.1485 -0.6160
vn 0.7533 -0.1000 -0.6500
vn 0.2954 -0.8248 0.4821
vn 0.3453 -0.9297 0.1281
vn 0.3453 -0.9296 0.1286
vn 0.3451 -0.9306 0.1218
vn 0.2904 -0.9421 0.1675
vn 0.2718 -0.9503 0.1520
vn 0.2194 -0.9561 0.1941
vn 0.2232 -0.9531 0.2042
vn 0.2201 -0.9556 0.1960
vn 0.1959 -0.9645 0.1773
vn 0.1969 -0.9639 0.1792
vn 0.1923 -0.9665 0.1701
vn 0.1607 -0.9636 0.2138
vn 0.1393 -0.9696 0.2011
vn 0.1410 -0.9689 0.2033
vn 0.1341 -0.9717 0.1946
vn 0.0946 -0.9652 0.2440
vn 0.1042 -0.9631 0.2480
vn 0.1016 -0.9637 0.2469
vn 0.0918 -0.9657 0.2428
vn 0.0565 -0.9517 0.3017
vn 0.0496 -0.9530 0.2989
vn 0.0527 -0.9523 0.3006
vn 0.0434 -0.9544 0.2954
vn 0.0235 -0.9259 0.3771
vn 0.0222 -0.9260 0.3770
vn 0.0230 -0.9259 0.3771
vn 0.0176 -0.9268 0.3752
vn 0.0036 -0.8808 0.4734
vn 0.0020 -0.8810 0.4731
vn 0.9365 -0.0991 -0.3364
vn 0.9362 -0.0951 -0.3383
vn 0.9361 -0.0966 -0.3381
vn 0.9365 -0.0882 -0.3394
vn 0.9367 -0.0880 -0.3389
vn 0.9483 -0.0889 -0.3046
vn 0.9500 -0.0465 -0.3088
vn 0.9584 -0.0470 -0.2815
vn 0.9584 -0.0472 -0.2816
vn 0.9696 -0.0398 -0.2414
vn 0.9690 -0.0670 -0.2377
vn 0.9785 -0.0563 -0.1986
vn 0.9773 -0.0858 -0.1936
vn 0.9857 -0.0740 -0.1512
vn 0.9839 -0.1046 -0.1451
vn 0.9865 -0.1114 -0.1200
vn 0.9866 -0.1107 -0.1202
vn 0.9855 -0.1225 -0.1175
vn 0.9854 -0.1232 -0.1174
vn 0.9855 -0.1257 -0.1136
vn 0.9828 -0.1502 -0.1078
vn 0.9828 -0.1510 -0.1066
vn 0.9828 -0.1509 -0.1068
vn 0.9828 -0.1516 -0.1055
vn 0.9782 -0.1836 -0.0973
vn 0.9782 -0.1837 -0.0972
vn 0.9782 -0.1837 -0.0971
vn 0.9659 -0.2464 -0.0793
vn 0.9659 -0.2463 -0.0795
vn 0.9659 -0.2464 -0.0794
vn 0.9659 -0.2462 -0.0795
vn 0.9509 -0.3034 -0.0619
vn 0.9508 -0.3037 -0.0616
vn 0.9507 -0.3038 -0.0614
vn 0.9507 -0.3039 -0.0614
vn 0.9336 -0.3555 -0.0442
vn 0.9336 -0.3556 -0.0440
vn 0.9334 -0.3562 -0.0434
vn 0.9333 -0.3565 -0.0431
vn 0.9216 -0.3868 -0.0323
vn 0.9174 -0.3978 -0.0050
vn 0.8862 -0.4629 0.0196
vn 0.8920 -0.4476 0.0629
vn 0.8475 -0.5225 0.0934
vn 0.8514 -0.5045 0.1431
vn 0.8079 -0.5644 0.1695
vn 0.8088 -0.5452 0.2203
vn 0.7642 -0.5968 0.2446
vn 0.7315 -0.6007 0.3225
vn 0.7302 -0.6595 0.1785
vn 0.6948 -0.6917 0.1972
vn 0.6849 -0.7165 0.1329
vn 0.6637 -0.7372 0.1266
vn 0.6552 -0.7493 0.0957
vn 0.5858 -0.7990 0.1362
vn 0.5727 -0.8132 0.1036
vn 0.4993 -0.8539 0.1468
vn 0.4848 -0.8662 0.1210
vn 0.4058 -0.8983 0.1682
vn 0.3901 -0.9089 0.1474
vn 0.3113 -0.9298 0.1965
vn 0.2978 -0.9370 0.1826
vn 0.2415 -0.9450 0.2207
vn 0.2240 -0.9525 0.2064
vn 0.1845 -0.9538 0.2371
vn 0.1691 -0.9591 0.2269
vn 0.1190 -0.9577 0.2620
vn 0.1269 -0.9555 0.2661
vn 0.1248 -0.9561 0.2650
vn 0.1168 -0.9583 0.2608
vn 0.0720 -0.9473 0.3122
vn 0.0730 -0.9471 0.3126
vn 0.0725 -0.9472 0.3124
vn 0.0717 -0.9473 0.3121
vn 0.0352 -0.9232 0.3826
vn 0.0293 -0.9241 0.3809
vn 0.0314 -0.9238 0.3815
vn 0.0374 -0.9229 0.3833
vn 0.0000 -0.8924 0.4512
vn 0.0043 -0.8924 0.4512
vn 0.0094 -0.9274 0.3739
vn 0.0152 -0.9271 0.3744
vn 0.0329 -0.9558 0.2923
vn 0.0407 -0.9550 0.2939
vn 0.0660 -0.9712 0.2288
vn 0.0807 -0.9690 0.2333
vn 0.1101 -0.9769 0.1833
vn 0.1326 -0.9723 0.1927
vn 0.1639 -0.9744 0.1537
vn 0.1915 -0.9669 0.1685
vn 0.2387 -0.9634 0.1219
vn 0.2632 -0.9548 0.1384
vn 0.3146 -0.9444 0.0955
vn 0.3452 -0.9306 0.1214
vn 0.3825 -0.9192 0.0939
vn 0.4086 -0.9045 0.1219
vn 0.4453 -0.8901 0.0975
vn 0.4867 -0.8597 0.1553
vn 0.5041 -0.8581 0.0976
vn 0.5381 -0.8395 0.0758
vn 0.5383 -0.8394 0.0753
vn 0.5402 -0.8387 0.0692
vn 0.5403 -0.8387 0.0688
vn 0.5727 -0.8184 0.0472
vn 0.5729 -0.8183 0.0465
vn 0.5748 -0.8173 0.0405
vn 0.5750 -0.8172 0.0401
vn 0.6061 -0.7951 0.0186
vn 0.6064 -0.7950 0.0179
vn 0.6082 -0.7937 0.0122
vn 0.6085 -0.7935 0.0116
vn 0.6384 -0.7696 -0.0097
vn 0.6386 -0.7695 -0.0105
vn 0.6404 -0.7679 -0.0158
vn 0.6406 -0.7677 -0.0165
vn 0.6683 -0.7429 -0.0369
vn 0.6686 -0.7426 -0.0377
vn 0.6703 -0.7409 -0.0426
vn 0.6705 -0.7407 -0.0433
vn 0.6967 -0.7146 -0.0634
vn 0.6969 -0.7143 -0.0642
vn 0.6984 -0.7124 -0.0687
vn 0.6986 -0.7121 -0.0694
vn 0.7273 -0.6801 -0.0922
vn 0.7275 -0.6797 -0.0929
vn 0.7287 -0.6779 -0.0968
vn 0.7290 -0.6776 -0.0975
vn 0.7512 -0.6498 -0.1159
vn 0.7514 -0.6494 -0.1167
vn 0.7526 -0.6474 -0.1205
vn 0.7528 -0.6470 -0.1212
vn 0.7716 -0.6211 -0.1373
vn 0.7718 -0.6206 -0.1381
vn 0.7729 -0.6184 -0.1420
vn 0.7732 -0.6180 -0.1427
vn 0.7929 -0.5880 -0.1602
vn 0.7931 -0.5875 -0.1609
vn 0.7940 -0.5853 -0.1644
vn 0.7942 -0.5848 -0.1651
vn 0.8130 -0.5529 -0.1825
vn 0.8132 -0.5524 -0.1832
vn 0.8139 -0.5504 -0.1861
vn 0.8140 -0.5500 -0.1868
vn 0.8326 -0.5147 -0.2048
vn 0.8327 -0.5143 -0.2053
vn 0.8332 -0.5125 -0.2076
vn 0.8333 -0.5122 -0.2082
vn 0.8511 -0.4737 -0.2264
vn 0.8512 -0.4734 -0.2268
vn 0.8515 -0.4720 -0.2284
vn 0.8515 -0.4718 -0.2288
vn 0.8685 -0.4296 -0.2474
vn 0.8685 -0.4295 -0.2476
vn 0.8686 -0.4288 -0.2483
vn 0.8686 -0.4286 -0.2486
vn 0.8846 -0.3819 -0.2676
vn 0.8846 -0.3821 -0.2674
vn 0.8846 -0.3820 -0.2675
vn 0.8846 -0.3821 -0.2673
vn 0.8945 -0.3485 -0.2801
vn 0.8912 -0.3389 -0.3014
vn 0.9035 -0.2845 -0.3204
vn 0.8873 -0.2980 -0.3521
vn 0.8954 -0.2526 -0.3667
vn 0.8754 -0.2664 -0.4033
vn 0.8818 -0.2211 -0.4166
vn 0.8811 -0.2207 -0.4183
vn 0.8816 -0.2210 -0.4170
vn 0.8809 -0.2206 -0.4187
vn 0.8853 -0.1782 -0.4296
vn 0.8837 -0.1771 -0.4332
vn 0.8850 -0.1780 -0.4303
vn 0.8834 -0.1769 -0.4339
vn 0.8859 -0.1405 -0.4420
vn 0.8832 -0.1374 -0.4485
vn 0.8830 -0.1384 -0.4484
vn 0.8837 -0.1266 -0.4506
vn 0.8837 -0.1257 -0.4509
vn 0.8806 -0.1235 -0.4574
vn 0.8813 -0.1057 -0.4606
vn 0.8462 -0.1187 -0.5195
vn 0.8471 -0.0912 -0.5236
vn 0.8018 -0.1056 -0.5882
vn 0.8022 -0.0908 -0.5901
vn 0.7414 -0.1076 -0.6624
vn 0.7414 -0.1070 -0.6625
vn 0.7414 -0.1072 -0.6624
vn 0.7413 -0.1084 -0.6623
vn 0.6563 -0.1255 -0.7440
vn 0.6569 -0.1110 -0.7457
vn 0.5511 -0.1288 -0.8244
vn 0.5512 -0.1266 -0.8247
vn 0.5089 -0.1178 -0.8527
vn -0.8810 -0.1262 -0.4560
vn -0.8805 -0.1270 -0.4568
vn -0.8833 -0.1230 -0.4524
vn -0.9030 -0.1197 -0.4126
vn -0.9026 -0.1203 -0.4132
vn -0.9048 -0.1170 -0.4095
vn -0.9966 -0.0660 0.0499
vn -0.9973 -0.0546 0.0484
vn -0.9972 -0.0547 0.0508
vn -0.9975 -0.0484 -0.0506
vn -0.9981 -0.0373 -0.0480
vn -0.9981 -0.0429 -0.0437
vn -0.9947 -0.0328 -0.0970
vn -0.9946 -0.0341 -0.0984
vn -0.9960 -0.0270 -0.0853
vn -0.3431 -0.9144 0.2150
vn -0.0266 -0.8677 0.4964
vn -0.0266 -0.8676 0.4966
vn -0.0265 -0.8683 0.4954
vn -0.0267 -0.8670 0.4976
vn -0.4009 -0.7697 0.4968
vn -0.6260 -0.7463 0.2263
vn -0.4779 -0.7702 0.4224
vn -0.5586 -0.7193 0.4130
vn -0.4704 -0.7347 0.4888
vn -0.6179 -0.5673 0.5443
vn -0.6513 -0.5369 0.5363
vn -0.6946 -0.4537 0.5582
vn -0.9336 -0.3557 -0.0437
vn -0.9332 -0.3568 -0.0438
vn -0.9334 -0.3563 -0.0437
vn -0.9890 -0.1472 0.0105
vn -0.9888 -0.1481 0.0170
vn -0.9889 -0.1479 0.0156
vn -0.9769 -0.1948 0.0884
vn -0.9768 -0.1952 0.0884
vn -0.9775 -0.1901 0.0913
vn -0.0184 -0.9994 -0.0299
vn -0.0184 -0.9994 -0.0295
vn -0.0204 -0.9993 -0.0314
vn -0.0036 -0.8808 0.4734
vn -0.0061 -0.8784 0.4779
vn -0.0020 -0.8810 0.4731
vn -0.0235 -0.9992 0.0337
vn -0.0203 -0.9992 0.0349
vn -0.0228 -0.9992 0.0340
vn -0.0507 -0.9715 -0.2314
vn -0.0509 -0.9715 -0.2314
vn -0.0508 -0.9715 -0.2314
vn -0.1376 -0.9904 -0.0092
vn -0.1381 -0.9904 -0.0093
vn -0.1360 -0.9907 -0.0090
vn -0.0214 -0.5779 -0.8158
vn -0.0160 -0.5819 -0.8131
vn -0.0210 -0.5784 -0.8155
vn -0.1719 -0.9290 0.3279
vn -0.1550 -0.9375 0.3116
vn -0.4581 -0.8886 0.0210
vn -0.4499 -0.8928 0.0208
vn -0.4500 -0.8928 0.0209
vn -0.5848 -0.8030 -0.1146
vn -0.5780 -0.8081 -0.1140
vn -0.5786 -0.8076 -0.1141
vn -0.5921 -0.7710 -0.2345
vn -0.5864 -0.7757 -0.2334
vn -0.5871 -0.7751 -0.2336
vn -0.1512 -0.1076 -0.9826
vn -0.1446 -0.1035 -0.9841
vn -0.1455 -0.1041 -0.9839
vn -0.8343 -0.1941 -0.5160
vn -0.8313 -0.1923 -0.5215
vn -0.8319 -0.1926 -0.5205
vn -0.9908 -0.0214 -0.1337
vn -0.9910 -0.0163 -0.1331
vn -0.9918 -0.0198 -0.1265
vn -0.9637 -0.0750 -0.2564
vn -0.7692 -0.1300 -0.6256
vn -0.7694 -0.1289 -0.6257
vn -0.7694 -0.1276 -0.6259
vn -0.0954 -0.0883 -0.9915
vn -0.0954 -0.0887 -0.9915
vn -0.0620 -0.0871 -0.9943
vn -0.0341 -0.0894 -0.9954
vn -0.1291 -0.0907 -0.9875
vn -0.1802 -0.0899 -0.9795
vn -0.1802 -0.0900 -0.9795
vn -0.1667 -0.0948 -0.9814
vn -0.2320 -0.0895 -0.9686
vn -0.2319 -0.0909 -0.9685
vn -0.2319 -0.0910 -0.9685
vn -0.2073 -0.1001 -0.9731
vn -0.2836 -0.0894 -0.9548
vn -0.2835 -0.0952 -0.9542
vn -0.2836 -0.0896 -0.9547
vn -0.2488 -0.1065 -0.9627
vn -0.3341 -0.0899 -0.9383
vn -0.3343 -0.0987 -0.9373
vn -0.3343 -0.0904 -0.9381
vn -0.2934 -0.1124 -0.9494
vn -0.3377 -0.1035 -0.9356
vn -0.3816 -0.1074 -0.9180
vn -0.3817 -0.1055 -0.9183
vn -0.3705 -0.1109 -0.9222
vn -0.4247 -0.1104 -0.8986
vn -0.4220 -0.1100 -0.8999
vn -0.4247 -0.1099 -0.8987
vn -0.4000 -0.1210 -0.9085
vn -0.4810 -0.1109 -0.8697
vn -0.4810 -0.1126 -0.8695
vn -0.4808 -0.1112 -0.8697
vn -0.4409 -0.1341 -0.8875
vn -0.5476 -0.1258 -0.8272
vn -0.6174 -0.1143 -0.7783
vn -0.6170 -0.1181 -0.7781
vn -0.6173 -0.1147 -0.7783
vn -0.5901 -0.1371 -0.7956
vn -0.6777 -0.1059 -0.7276
vn -0.6771 -0.1177 -0.7264
vn -0.6777 -0.1074 -0.7275
vn -0.6349 -0.1569 -0.7565
vn -0.7322 -0.0891 -0.6752
vn -0.7361 -0.1355 -0.6631
vn -0.7011 -0.1128 -0.7041
vn -0.8236 -0.1131 -0.5558
vn -0.8026 -0.1186 -0.5847
vn -0.8043 -0.1141 -0.5831
vn -0.8041 -0.1181 -0.5827
vn -0.8410 -0.1111 -0.5295
vn -0.8407 -0.1156 -0.5290
vn -0.8722 -0.1032 -0.4782
vn -0.8722 -0.1030 -0.4782
vn -0.8722 -0.1029 -0.4782
vn -0.8527 -0.1211 -0.5082
vn -0.8978 -0.0996 -0.4290
vn -0.8979 -0.0990 -0.4290
vn -0.8979 -0.0993 -0.4290
vn -0.8823 -0.1181 -0.4556
vn -0.9191 -0.0956 -0.3824
vn -0.9181 -0.0990 -0.3838
vn -0.9191 -0.0959 -0.3823
vn -0.9069 -0.1150 -0.4053
vn -0.9713 -0.0754 -0.2258
vn -0.9710 -0.0745 -0.2270
vn -0.9694 -0.0690 -0.2357
vn -0.9828 -0.0604 -0.1746
vn -0.9819 -0.0545 -0.1816
vn -0.9827 -0.0601 -0.1752
vn -0.9963 -0.0296 -0.0803
vn -0.9963 -0.0290 -0.0804
vn -0.9960 -0.0400 -0.0794
vn -0.9955 -0.0254 -0.0910
vn -0.9957 -0.0251 -0.0891
vn -0.9954 -0.0258 -0.0925
vn -0.9946 -0.0247 -0.1010
vn -0.9945 -0.0245 -0.1013
vn -0.9932 -0.0181 -0.1152
vn -0.9931 -0.0187 -0.1154
vn -0.9932 -0.0179 -0.1147
vn -0.9983 -0.0366 -0.0462
vn -0.9982 -0.0370 -0.0464
vn -0.9981 -0.0351 -0.0511
vn -0.9982 -0.0368 -0.0465
vn -0.9982 -0.0356 -0.0475
vn -0.9982 -0.0338 -0.0497
vn -0.9973 -0.0263 -0.0686
vn -0.9959 -0.0429 -0.0799
vn -0.9962 -0.0375 -0.0783
vn -0.9983 -0.0573 0.0048
vn -0.9982 -0.0595 0.0044
vn -0.9983 -0.0576 0.0047
vn -0.9988 -0.0498 0.0007
vn -0.9987 -0.0505 0.0013
vn -0.9988 -0.0481 -0.0005
vn -0.9989 -0.0459 -0.0023
vn -0.9990 -0.0440 -0.0106
vn -0.9990 -0.0440 -0.0125
vn -0.9989 -0.0441 -0.0163
vn -0.9989 -0.0442 -0.0182
vn -0.9985 -0.0451 -0.0326
vn -0.9984 -0.0458 -0.0339
vn -0.9985 -0.0447 -0.0329
vn -0.9986 -0.0432 -0.0314
vn -0.9987 -0.0408 -0.0306
vn -0.9972 -0.0554 0.0507
vn -0.9973 -0.0544 0.0485
vn -0.9957 -0.0456 0.0811
vn -0.9909 -0.0466 0.1265
vn -0.9911 -0.0458 0.1247
vn -0.9920 -0.0432 0.1184
vn -0.9791 -0.0368 0.2002
vn -0.9773 -0.0398 0.2080
vn -0.9778 -0.0394 0.2060
vn -0.6172 -0.1182 -0.7778
vn -0.6565 -0.1224 -0.7444
vn -0.6566 -0.1189 -0.7448
vn -0.6771 -0.1183 -0.7263
vn -0.7121 -0.1217 -0.6914
vn -0.7123 -0.1182 -0.6918
vn -0.7307 -0.1175 -0.6725
vn -0.7613 -0.1202 -0.6371
vn -0.7615 -0.1165 -0.6376
vn -0.7701 -0.1179 -0.6269
vn -0.7930 -0.1169 -0.5979
vn -0.5270 -0.1167 -0.8418
vn -0.5269 -0.1205 -0.8413
vn -0.5347 -0.1135 -0.8374
vn -0.4809 -0.1145 -0.8692
vn -0.4690 -0.1128 -0.8759
vn -0.4690 -0.1160 -0.8756
vn -0.4694 -0.1158 -0.8754
vn -0.4234 -0.1090 -0.8994
vn -0.4225 -0.1058 -0.9002
vn -0.3817 -0.1036 -0.9185
vn -0.3669 -0.1034 -0.9245
vn -0.3669 -0.1051 -0.9243
vn -0.3623 -0.1027 -0.9264
vn -0.3340 -0.0990 -0.9374
vn -0.3110 -0.0996 -0.9452
vn -0.3110 -0.1009 -0.9450
vn -0.3110 -0.0995 -0.9452
vn -0.2835 -0.0953 -0.9542
vn -0.2542 -0.0962 -0.9624
vn -0.2542 -0.0974 -0.9622
vn -0.2542 -0.0961 -0.9624
vn -0.2319 -0.0924 -0.9683
vn -0.1975 -0.0933 -0.9759
vn -0.1975 -0.0944 -0.9758
vn -0.1975 -0.0932 -0.9759
vn -0.1802 -0.0901 -0.9795
vn -0.1445 -0.0908 -0.9853
vn -0.1418 -0.0911 -0.9857
vn -0.1382 -0.0898 -0.9863
vn -0.1345 -0.0891 -0.9869
vn -0.0941 -0.0888 -0.9916
vn -0.8288 -0.1476 -0.5398
vn -0.8296 -0.1482 -0.5384
vn -0.8330 -0.1504 -0.5324
vn -0.8338 -0.1509 -0.5310
vn -0.8580 -0.1435 -0.4933
vn -0.8586 -0.1439 -0.4921
vn -0.8612 -0.1458 -0.4869
vn -0.7997 -0.2525 -0.5447
vn -0.8018 -0.2535 -0.5412
vn -0.7992 -0.2522 -0.5456
vn -0.8000 -0.1988 -0.5662
vn -0.8039 -0.2012 -0.5596
vn -0.8032 -0.2007 -0.5609
vn -0.7992 -0.1984 -0.5674
vn -0.7961 -0.1509 -0.5861
vn -0.8016 -0.1544 -0.5776
vn -0.8006 -0.1538 -0.5792
vn -0.7950 -0.1503 -0.5876
vn -0.5024 -0.1939 -0.8426
vn -0.5081 -0.1865 -0.8409
vn -0.5019 -0.1941 -0.8428
vn -0.5643 -0.1967 -0.8018
vn -0.5703 -0.1887 -0.7995
vn -0.5701 -0.1889 -0.7996
vn -0.5642 -0.1970 -0.8018
vn -0.6196 -0.2167 -0.7544
vn -0.6575 -0.1867 -0.7300
vn -0.6301 -0.2260 -0.7429
vn -0.5743 -0.2266 -0.7866
vn -0.5690 -0.2340 -0.7884
vn -0.5690 -0.2337 -0.7884
vn -0.7606 -0.3213 -0.5641
vn -0.7601 -0.3218 -0.5645
vn -0.7629 -0.3190 -0.5624
vn -0.7643 -0.2614 -0.5895
vn -0.7679 -0.2632 -0.5840
vn -0.7672 -0.2628 -0.5851
vn -0.7636 -0.2611 -0.5905
vn -0.7632 -0.2039 -0.6132
vn -0.7683 -0.2069 -0.6057
vn -0.7674 -0.2063 -0.6071
vn -0.7622 -0.2034 -0.6146
vn -0.7644 -0.1565 -0.6255
vn -0.7562 -0.1515 -0.6366
vn -0.7562 -0.1507 -0.6367
vn -0.7564 -0.1431 -0.6382
vn -0.6211 -0.1528 -0.7687
vn -0.6078 -0.1451 -0.7807
vn -0.6077 -0.1445 -0.7809
vn -0.6077 -0.1393 -0.7819
vn -0.5646 -0.1481 -0.8120
vn -0.5509 -0.1401 -0.8227
vn -0.5508 -0.1395 -0.8229
vn -0.5508 -0.1345 -0.8237
vn -0.5020 -0.1424 -0.8530
vn -0.4882 -0.1343 -0.8623
vn -0.4882 -0.1337 -0.8624
vn -0.4881 -0.1289 -0.8632
vn -0.3517 -0.1205 -0.9283
vn -0.3517 -0.1156 -0.9290
vn -0.3519 -0.1211 -0.9282
vn -0.6441 -0.2824 -0.7109
vn -0.6280 -0.2621 -0.7327
vn -0.5775 -0.2643 -0.7724
vn -0.5724 -0.2709 -0.7739
vn -0.5726 -0.2708 -0.7738
vn -0.5746 -0.2265 -0.7864
vn -0.5125 -0.2261 -0.8284
vn -0.5071 -0.2334 -0.8296
vn -0.5072 -0.2330 -0.8297
vn -0.5081 -0.1860 -0.8410
vn -0.4412 -0.1828 -0.8786
vn -0.4352 -0.1901 -0.8800
vn -0.4356 -0.1899 -0.8799
vn -0.4350 -0.1359 -0.8901
vn -0.4214 -0.1279 -0.8978
vn -0.4212 -0.1273 -0.8980
vn -0.4212 -0.1225 -0.8987
vn -0.0249 -0.1626 -0.9864
vn -0.0201 -0.1674 -0.9857
vn -0.0250 -0.1626 -0.9864
vn -0.0337 -0.2105 -0.9770
vn -0.0898 -0.2129 -0.9729
vn -0.0917 -0.2104 -0.9733
vn -0.0917 -0.2107 -0.9732
vn -0.1623 -0.2606 -0.9517
vn -0.1595 -0.2640 -0.9512
vn -0.1623 -0.2602 -0.9518
vn -0.0936 -0.2589 -0.9614
vn -0.0916 -0.2611 -0.9610
vn -0.0918 -0.2609 -0.9610
vn -0.0936 -0.2586 -0.9614
vn -0.0088 -0.2588 -0.9659
vn -0.0226 -0.2487 -0.9683
vn -0.0195 -0.0880 -0.9959
vn -0.0202 -0.0865 -0.9960
vn -0.0232 -0.0869 -0.9959
vn -0.0227 -0.0863 -0.9960
vn -0.0254 -0.0872 -0.9959
vn -0.0251 -0.0867 -0.9959
vn -0.0291 -0.0984 -0.9947
vn -0.0261 -0.0966 -0.9950
vn -0.0311 -0.1000 -0.9945
vn -0.0250 -0.1620 -0.9865
vn -0.0875 -0.1648 -0.9824
vn -0.0895 -0.1621 -0.9827
vn -0.0895 -0.1624 -0.9827
vn -0.0896 -0.2130 -0.9729
vn -0.1560 -0.2162 -0.9638
vn -0.1594 -0.2125 -0.9641
vn -0.1591 -0.2126 -0.9641
vn -0.1591 -0.2640 -0.9513
vn -0.2303 -0.2670 -0.9358
vn -0.2340 -0.2623 -0.9362
vn -0.2339 -0.2627 -0.9361
vn -0.3647 -0.1288 -0.9222
vn -0.3652 -0.1852 -0.9123
vn -0.3656 -0.1850 -0.9122
vn -0.3708 -0.1784 -0.9114
vn -0.4413 -0.1823 -0.8787
vn -0.4406 -0.2316 -0.8673
vn -0.4407 -0.2312 -0.8674
vn -0.4459 -0.2246 -0.8664
vn -0.5129 -0.2260 -0.8282
vn -0.5110 -0.2726 -0.8152
vn -0.5110 -0.2721 -0.8154
vn -0.5159 -0.2658 -0.8144
vn -0.5776 -0.2641 -0.7724
vn -0.5745 -0.3077 -0.7585
vn -0.5748 -0.3078 -0.7582
vn -0.5792 -0.3020 -0.7572
vn -0.6337 -0.2967 -0.7145
vn -0.0159 -0.0863 -0.9961
vn -0.0169 -0.0866 -0.9961
vn -0.0181 -0.0855 -0.9962
vn -0.0194 -0.0863 -0.9961
vn -0.8834 -0.1411 -0.4468
vn -0.8856 -0.1380 -0.4434
vn -0.8861 -0.1372 -0.4427
vn -0.8618 -0.1462 -0.4857
vn -0.8615 -0.1864 -0.4723
vn -0.8593 -0.1850 -0.4769
vn -0.8597 -0.1853 -0.4761
vn -0.8349 -0.1944 -0.5149
vn -0.8320 -0.2433 -0.4985
vn -0.8302 -0.2424 -0.5020
vn -0.8306 -0.2426 -0.5013
vn -0.8023 -0.2538 -0.5403
vn -0.7948 -0.3088 -0.5225
vn -0.7966 -0.3067 -0.5209
vn -0.7951 -0.3084 -0.5222
vn -0.7969 -0.3063 -0.5206
vn -0.7865 -0.3637 -0.4992
vn -0.7869 -0.3632 -0.4989
vn -0.7868 -0.3634 -0.4989
vn -0.7753 -0.4137 -0.4773
vn -0.7870 -0.3632 -0.4988
vn -0.7527 -0.3792 -0.5382
vn -0.7524 -0.3795 -0.5383
vn -0.7536 -0.3783 -0.5375
vn -0.7634 -0.3185 -0.5620
vn -0.7215 -0.3334 -0.6069
vn -0.7207 -0.3340 -0.6074
vn -0.7245 -0.3304 -0.6049
vn -0.7239 -0.2693 -0.6351
vn -0.7286 -0.2716 -0.6288
vn -0.7277 -0.2712 -0.6300
vn -0.7230 -0.2689 -0.6363
vn -0.7211 -0.2076 -0.6609
vn -0.7276 -0.2113 -0.6526
vn -0.7264 -0.2105 -0.6542
vn -0.7199 -0.2070 -0.6625
vn -0.7218 -0.1571 -0.6740
vn -0.7117 -0.1511 -0.6860
vn -0.7117 -0.1503 -0.6862
vn -0.7119 -0.1437 -0.6875
vn -0.6164 -0.7405 -0.2676
vn -0.6115 -0.7449 -0.2667
vn -0.6122 -0.7444 -0.2668
vn -0.7631 -0.4575 -0.4565
vn -0.7627 -0.4581 -0.4566
vn -0.7631 -0.4576 -0.4565
vn -0.7424 -0.4288 -0.5147
vn -0.7422 -0.4290 -0.5148
vn -0.7539 -0.3780 -0.5374
vn -0.7144 -0.3942 -0.5781
vn -0.7140 -0.3946 -0.5783
vn -0.7161 -0.3927 -0.5771
vn -0.7253 -0.3298 -0.6044
vn -0.6772 -0.3444 -0.6502
vn -0.6763 -0.3452 -0.6507
vn -0.6813 -0.3409 -0.6478
vn -0.6782 -0.2760 -0.6811
vn -0.6841 -0.2788 -0.6740
vn -0.6830 -0.2783 -0.6753
vn -0.6771 -0.2754 -0.6824
vn -0.6814 -0.2142 -0.6999
vn -0.6719 -0.2091 -0.7105
vn -0.6735 -0.1559 -0.7225
vn -0.6615 -0.1489 -0.7350
vn -0.6616 -0.1482 -0.7351
vn -0.6616 -0.1425 -0.7362
vn -0.7498 -0.4991 -0.4344
vn -0.7491 -0.5000 -0.4346
vn -0.7498 -0.4992 -0.4344
vn -0.7635 -0.4571 -0.4563
vn -0.7309 -0.4716 -0.4933
vn -0.7304 -0.4723 -0.4934
vn -0.7309 -0.4717 -0.4933
vn -0.7426 -0.4286 -0.5147
vn -0.7054 -0.4436 -0.5528
vn -0.7050 -0.4441 -0.5529
vn -0.7165 -0.3923 -0.5768
vn -0.6714 -0.4083 -0.6185
vn -0.6708 -0.4089 -0.6187
vn -0.6739 -0.4061 -0.6171
vn -0.6822 -0.3400 -0.6473
vn -0.6442 -0.3505 -0.6798
vn -0.6299 -0.3328 -0.7018
vn -0.5797 -0.3398 -0.7406
vn -0.5752 -0.3444 -0.7420
vn -0.5758 -0.3446 -0.7414
vn -0.5792 -0.3017 -0.7573
vn -0.5181 -0.3057 -0.7988
vn -0.5136 -0.3116 -0.7995
vn -0.5136 -0.3113 -0.7995
vn -0.5163 -0.2658 -0.8141
vn -0.4501 -0.2668 -0.8522
vn -0.4448 -0.2729 -0.8530
vn -0.4452 -0.2728 -0.8529
vn -0.4463 -0.2244 -0.8663
vn -0.3758 -0.2222 -0.8997
vn -0.3706 -0.2287 -0.9002
vn -0.3708 -0.2284 -0.9002
vn -0.3710 -0.1779 -0.9114
vn -0.2977 -0.1736 -0.9388
vn -0.2927 -0.1798 -0.9391
vn -0.2930 -0.1794 -0.9391
vn -0.2922 -0.1215 -0.9486
vn -0.2806 -0.1145 -0.9530
vn -0.7355 -0.5385 -0.4111
vn -0.7344 -0.5398 -0.4114
vn -0.7354 -0.5386 -0.4111
vn -0.7505 -0.4983 -0.4341
vn -0.7184 -0.5125 -0.4705
vn -0.7175 -0.5135 -0.4707
vn -0.7183 -0.5125 -0.4705
vn -0.7315 -0.4710 -0.4931
vn -0.6947 -0.4856 -0.5306
vn -0.6940 -0.4864 -0.5308
vn -0.7058 -0.4432 -0.5527
vn -0.6638 -0.4580 -0.5913
vn -0.6632 -0.4587 -0.5914
vn -0.6745 -0.4057 -0.6168
vn -0.6235 -0.4214 -0.6585
vn -0.6228 -0.4220 -0.6588
vn -0.6267 -0.4189 -0.6571
vn -0.6317 -0.3669 -0.6829
vn -0.5763 -0.3783 -0.7244
vn -0.5745 -0.3805 -0.7247
vn -0.5764 -0.3781 -0.7244
vn -0.5794 -0.3391 -0.7412
vn -0.5192 -0.3453 -0.7818
vn -0.5148 -0.3504 -0.7825
vn -0.5151 -0.3504 -0.7823
vn -0.5184 -0.3056 -0.7987
vn -0.4522 -0.3081 -0.8370
vn -0.4477 -0.3141 -0.8372
vn -0.4477 -0.3137 -0.8373
vn -0.4501 -0.2664 -0.8523
vn -0.3799 -0.2661 -0.8859
vn -0.3749 -0.2720 -0.8863
vn -0.3752 -0.2718 -0.8862
vn -0.3760 -0.2219 -0.8996
vn -0.3025 -0.2191 -0.9276
vn -0.2978 -0.2250 -0.9277
vn -0.2980 -0.2246 -0.9278
vn -0.2980 -0.1733 -0.9387
vn -0.2261 -0.1691 -0.9593
vn -0.2217 -0.1743 -0.9594
vn -0.2221 -0.1741 -0.9594
vn -0.2125 -0.1093 -0.9710
vn -0.2211 -0.1145 -0.9685
vn -0.2198 -0.1138 -0.9689
vn -0.2113 -0.1084 -0.9714
vn -0.5553 -0.8277 -0.0813
vn -0.5478 -0.8327 -0.0810
vn -0.5484 -0.8323 -0.0809
vn -0.5856 -0.8024 -0.1145
vn -0.5411 -0.8242 -0.1674
vn -0.5346 -0.8286 -0.1662
vn -0.5351 -0.8282 -0.1665
vn -0.5419 -0.8236 -0.1673
vn -0.4950 -0.8442 -0.2056
vn -0.4754 -0.8550 -0.2073
vn -0.4585 -0.8884 0.0210
vn -0.4207 -0.9070 -0.0209
vn -0.4128 -0.9106 -0.0204
vn -0.4130 -0.9105 -0.0200
vn -0.4211 -0.9068 -0.0210
vn -0.3731 -0.9257 -0.0623
vn -0.3661 -0.9286 -0.0608
vn -0.3698 -0.9271 -0.0614
vn -0.3734 -0.9256 -0.0621
vn -0.3245 -0.9416 -0.0902
vn -0.3066 -0.9475 -0.0907
vn -0.1521 -0.1082 -0.9824
vn -0.1525 -0.1691 -0.9737
vn -0.1526 -0.1688 -0.9738
vn -0.1557 -0.1650 -0.9739
vn -0.2262 -0.1687 -0.9594
vn -0.2261 -0.2208 -0.9488
vn -0.2261 -0.2203 -0.9489
vn -0.2300 -0.2156 -0.9490
vn -0.3029 -0.2189 -0.9276
vn -0.3020 -0.2700 -0.9143
vn -0.3019 -0.2693 -0.9145
vn -0.3061 -0.2643 -0.9146
vn -0.3800 -0.2658 -0.8860
vn -0.3781 -0.3150 -0.8705
vn -0.3784 -0.3149 -0.8704
vn -0.3827 -0.3097 -0.8704
vn -0.4526 -0.3081 -0.8368
vn -0.4494 -0.3549 -0.8198
vn -0.4497 -0.3548 -0.8197
vn -0.4540 -0.3499 -0.8194
vn -0.5192 -0.3450 -0.7819
vn -0.5147 -0.3885 -0.7643
vn -0.5148 -0.3884 -0.7643
vn -0.5185 -0.3840 -0.7640
vn -0.5782 -0.3759 -0.7241
vn -0.3839 -0.3525 -0.8534
vn -0.3799 -0.3571 -0.8533
vn -0.3845 -0.3526 -0.8531
vn -0.3113 -0.3545 -0.8817
vn -0.3075 -0.3591 -0.8812
vn -0.3076 -0.3588 -0.8813
vn -0.3116 -0.3544 -0.8816
vn -0.2385 -0.3551 -0.9039
vn -0.2351 -0.3590 -0.9032
vn -0.2352 -0.3588 -0.9033
vn -0.2387 -0.3550 -0.9039
vn -0.1661 -0.3549 -0.9200
vn -0.1635 -0.3580 -0.9193
vn -0.1636 -0.3577 -0.9194
vn -0.1663 -0.3548 -0.9200
vn -0.0963 -0.3544 -0.9301
vn -0.0946 -0.3565 -0.9295
vn -0.0956 -0.3554 -0.9298
vn -0.0965 -0.3544 -0.9301
vn -0.5169 -0.4228 -0.7444
vn -0.5139 -0.4266 -0.7443
vn -0.5167 -0.4223 -0.7448
vn -0.4527 -0.4307 -0.7808
vn -0.4490 -0.4345 -0.7808
vn -0.4492 -0.4345 -0.7807
vn -0.4526 -0.4304 -0.7809
vn -0.3846 -0.4372 -0.8130
vn -0.3808 -0.4408 -0.8128
vn -0.3812 -0.4409 -0.8126
vn -0.3845 -0.4368 -0.8133
vn -0.3125 -0.4417 -0.8410
vn -0.3091 -0.4452 -0.8404
vn -0.3093 -0.4451 -0.8404
vn -0.3126 -0.4415 -0.8411
vn -0.2399 -0.4443 -0.8632
vn -0.2372 -0.4477 -0.8622
vn -0.2370 -0.4473 -0.8624
vn -0.2403 -0.4444 -0.8630
vn -0.1682 -0.4464 -0.8789
vn -0.1657 -0.4487 -0.8782
vn -0.1661 -0.4488 -0.8781
vn -0.1682 -0.4461 -0.8791
vn -0.0971 -0.4478 -0.8888
vn -0.0963 -0.4486 -0.8885
vn -0.0965 -0.4486 -0.8885
vn -0.0980 -0.4469 -0.8892
vn -0.4533 -0.3901 -0.8015
vn -0.4495 -0.3943 -0.8016
vn -0.4539 -0.3902 -0.8011
vn -0.3848 -0.3952 -0.8341
vn -0.3811 -0.3996 -0.8338
vn -0.3811 -0.3994 -0.8338
vn -0.3851 -0.3951 -0.8341
vn -0.3126 -0.3986 -0.8622
vn -0.3088 -0.4025 -0.8617
vn -0.3091 -0.4025 -0.8617
vn -0.3126 -0.3984 -0.8623
vn -0.2399 -0.4005 -0.8844
vn -0.2366 -0.4038 -0.8837
vn -0.2369 -0.4037 -0.8837
vn -0.2399 -0.4002 -0.8845
vn -0.1674 -0.4012 -0.9006
vn -0.1649 -0.4038 -0.8999
vn -0.1651 -0.4037 -0.8999
vn -0.1675 -0.4010 -0.9006
vn -0.0964 -0.4022 -0.9105
vn -0.0957 -0.4031 -0.9102
vn -0.0957 -0.4029 -0.9102
vn -0.0974 -0.4012 -0.9108
vn -0.5718 -0.4475 -0.6876
vn -0.5119 -0.4604 -0.7252
vn -0.5107 -0.4618 -0.7252
vn -0.5120 -0.4603 -0.7252
vn -0.5133 -0.4589 -0.7252
vn -0.4485 -0.4703 -0.7601
vn -0.4471 -0.4717 -0.7600
vn -0.4471 -0.4715 -0.7601
vn -0.4499 -0.4687 -0.7602
vn -0.3810 -0.4783 -0.7913
vn -0.3796 -0.4797 -0.7911
vn -0.3811 -0.4781 -0.7913
vn -0.3825 -0.4767 -0.7915
vn -0.3098 -0.4844 -0.8181
vn -0.3085 -0.4858 -0.8178
vn -0.3085 -0.4856 -0.8179
vn -0.3113 -0.4829 -0.8185
vn -0.2394 -0.4872 -0.8398
vn -0.2372 -0.4897 -0.8390
vn -0.2385 -0.4884 -0.8394
vn -0.2397 -0.4872 -0.8398
vn -0.1669 -0.4910 -0.8550
vn -0.1659 -0.4919 -0.8547
vn -0.1658 -0.4916 -0.8549
vn -0.1679 -0.4899 -0.8554
vn -0.0973 -0.4921 -0.8651
vn -0.0967 -0.4927 -0.8648
vn -0.0974 -0.4920 -0.8651
vn -0.0980 -0.4914 -0.8654
vn -0.6171 -0.4718 -0.6297
vn -0.6179 -0.4710 -0.6296
vn -0.5650 -0.4850 -0.6675
vn -0.5642 -0.4858 -0.6675
vn -0.5651 -0.4849 -0.6675
vn -0.5659 -0.4840 -0.6674
vn -0.5072 -0.4972 -0.7040
vn -0.5063 -0.4981 -0.7040
vn -0.5072 -0.4971 -0.7040
vn -0.5081 -0.4962 -0.7040
vn -0.4445 -0.5080 -0.7378
vn -0.4436 -0.5089 -0.7377
vn -0.4454 -0.5070 -0.7379
vn -0.3778 -0.5171 -0.7680
vn -0.3769 -0.5180 -0.7679
vn -0.3779 -0.5171 -0.7680
vn -0.3788 -0.5162 -0.7682
vn -0.3075 -0.5245 -0.7940
vn -0.3066 -0.5253 -0.7937
vn -0.3076 -0.5244 -0.7940
vn -0.3084 -0.5235 -0.7942
vn -0.2367 -0.5297 -0.8145
vn -0.2360 -0.5304 -0.8142
vn -0.2368 -0.5296 -0.8145
vn -0.2376 -0.5289 -0.8147
vn -0.1659 -0.5332 -0.8296
vn -0.1653 -0.5338 -0.8293
vn -0.1660 -0.5331 -0.8296
vn -0.1666 -0.5325 -0.8298
vn -0.0969 -0.5351 -0.8392
vn -0.0965 -0.5355 -0.8390
vn -0.0970 -0.5350 -0.8392
vn -0.0974 -0.5347 -0.8394
vn -0.6540 -0.4993 -0.5683
vn -0.6540 -0.4994 -0.5683
vn -0.6549 -0.4984 -0.5681
vn -0.6082 -0.5127 -0.6060
vn -0.6072 -0.5137 -0.6061
vn -0.6092 -0.5117 -0.6059
vn -0.5570 -0.5256 -0.6431
vn -0.5560 -0.5266 -0.6431
vn -0.5579 -0.5246 -0.6431
vn -0.5000 -0.5377 -0.6788
vn -0.4991 -0.5387 -0.6788
vn -0.5001 -0.5377 -0.6788
vn -0.5010 -0.5367 -0.6789
vn -0.4384 -0.5486 -0.7120
vn -0.4374 -0.5495 -0.7118
vn -0.4384 -0.5485 -0.7120
vn -0.4394 -0.5476 -0.7121
vn -0.3728 -0.5579 -0.7415
vn -0.3719 -0.5587 -0.7413
vn -0.3728 -0.5578 -0.7415
vn -0.3737 -0.5570 -0.7417
vn -0.3036 -0.5655 -0.7669
vn -0.3027 -0.5662 -0.7667
vn -0.3036 -0.5654 -0.7669
vn -0.3045 -0.5646 -0.7671
vn -0.2339 -0.5710 -0.7869
vn -0.2332 -0.5717 -0.7867
vn -0.2346 -0.5703 -0.7872
vn -0.1641 -0.5748 -0.8017
vn -0.1635 -0.5753 -0.8014
vn -0.1647 -0.5743 -0.8019
vn -0.0959 -0.5770 -0.8111
vn -0.0956 -0.5773 -0.8109
vn -0.0960 -0.5770 -0.8111
vn -0.3096 -0.3100 -0.8989
vn -0.3057 -0.3146 -0.8986
vn -0.3097 -0.3096 -0.8990
vn -0.2364 -0.3089 -0.9212
vn -0.2329 -0.3133 -0.9207
vn -0.2330 -0.3129 -0.9208
vn -0.2367 -0.3088 -0.9212
vn -0.1644 -0.3079 -0.9371
vn -0.1615 -0.3112 -0.9365
vn -0.1617 -0.3110 -0.9365
vn -0.1646 -0.3077 -0.9371
vn -0.0949 -0.3068 -0.9470
vn -0.0932 -0.3090 -0.9465
vn -0.0932 -0.3088 -0.9466
vn -0.0952 -0.3067 -0.9470
vn -0.0338 -0.3072 -0.9510
vn -0.0010 -0.3549 -0.9349
vn -0.0291 -0.3373 -0.9409
vn -0.0322 -0.4021 -0.9151
vn -0.0318 -0.4024 -0.9149
vn -0.0319 -0.4023 -0.9149
vn -0.0316 -0.4027 -0.9148
vn -0.0312 -0.4479 -0.8935
vn -0.0312 -0.4476 -0.8937
vn -0.0342 -0.4446 -0.8951
vn -0.0346 -0.4444 -0.8951
vn -0.0283 -0.4926 -0.8698
vn -0.0142 -0.5048 -0.8631
vn -0.0365 -0.5360 -0.8435
vn -0.0218 -0.5780 -0.8158
vn -0.0963 -0.5766 -0.8113
vn -0.7048 -0.5513 -0.4465
vn -0.7047 -0.5514 -0.4465
vn -0.7059 -0.5501 -0.4462
vn -0.6701 -0.5642 -0.4823
vn -0.6688 -0.5656 -0.4825
vn -0.6700 -0.5643 -0.4823
vn -0.6713 -0.5630 -0.4821
vn -0.6311 -0.5771 -0.5182
vn -0.6298 -0.5785 -0.5184
vn -0.6311 -0.5772 -0.5182
vn -0.6324 -0.5759 -0.5181
vn -0.5870 -0.5900 -0.5543
vn -0.5857 -0.5913 -0.5544
vn -0.5870 -0.5901 -0.5543
vn -0.5883 -0.5888 -0.5542
vn -0.5375 -0.6027 -0.5898
vn -0.5362 -0.6039 -0.5898
vn -0.5374 -0.6028 -0.5898
vn -0.5387 -0.6016 -0.5898
vn -0.4825 -0.6149 -0.6238
vn -0.4813 -0.6159 -0.6237
vn -0.4836 -0.6138 -0.6239
vn -0.4230 -0.6259 -0.6552
vn -0.4219 -0.6268 -0.6551
vn -0.4240 -0.6250 -0.6554
vn -0.3597 -0.6356 -0.6832
vn -0.3588 -0.6363 -0.6829
vn -0.3597 -0.6355 -0.6832
vn -0.3606 -0.6348 -0.6834
vn -0.2930 -0.6436 -0.7071
vn -0.2922 -0.6442 -0.7068
vn -0.2938 -0.6429 -0.7073
vn -0.2258 -0.6497 -0.7259
vn -0.2252 -0.6502 -0.7256
vn -0.2259 -0.6497 -0.7259
vn -0.2265 -0.6492 -0.7261
vn -0.1586 -0.6540 -0.7397
vn -0.1581 -0.6543 -0.7395
vn -0.1586 -0.6539 -0.7397
vn -0.1590 -0.6536 -0.7400
vn -0.0928 -0.6565 -0.7486
vn -0.0925 -0.6568 -0.7484
vn -0.0931 -0.6563 -0.7487
vn -0.1461 -0.7612 -0.6318
vn -0.1462 -0.7612 -0.6318
vn -0.1458 -0.7614 -0.6317
vn -0.2083 -0.7566 -0.6198
vn -0.2089 -0.7562 -0.6201
vn -0.2084 -0.7565 -0.6198
vn -0.2079 -0.7569 -0.6196
vn -0.2706 -0.7501 -0.6034
vn -0.2713 -0.7496 -0.6037
vn -0.2707 -0.7501 -0.6034
vn -0.2700 -0.7505 -0.6032
vn -0.3327 -0.7417 -0.5824
vn -0.3336 -0.7411 -0.5827
vn -0.3318 -0.7423 -0.5822
vn -0.3918 -0.7318 -0.5577
vn -0.3929 -0.7310 -0.5579
vn -0.3919 -0.7317 -0.5577
vn -0.3908 -0.7325 -0.5575
vn -0.4476 -0.7205 -0.5296
vn -0.4490 -0.7195 -0.5298
vn -0.4478 -0.7204 -0.5297
vn -0.4464 -0.7214 -0.5295
vn -0.5008 -0.7070 -0.4994
vn -0.5011 -0.7070 -0.4991
vn -0.4996 -0.7081 -0.4990
vn -0.4981 -0.7092 -0.4989
vn -0.5479 -0.6940 -0.4672
vn -0.5482 -0.6940 -0.4667
vn -0.5448 -0.6963 -0.4672
vn -0.5449 -0.6967 -0.4666
vn -0.5899 -0.6812 -0.4336
vn -0.5900 -0.6811 -0.4336
vn -0.5866 -0.6840 -0.4338
vn -0.5865 -0.6840 -0.4338
vn -0.6265 -0.6685 -0.4007
vn -0.6267 -0.6684 -0.4006
vn -0.6250 -0.6699 -0.4008
vn -0.6231 -0.6716 -0.4010
vn -0.6591 -0.6560 -0.3678
vn -0.6593 -0.6560 -0.3675
vn -0.6557 -0.6590 -0.3684
vn -0.6556 -0.6593 -0.3681
vn -0.6878 -0.6440 -0.3349
vn -0.6881 -0.6439 -0.3346
vn -0.6864 -0.6455 -0.3349
vn -0.6845 -0.6473 -0.3354
vn -0.7113 -0.6335 -0.3046
vn -0.7445 -0.5725 -0.3435
vn -0.7202 -0.5761 -0.3866
vn -0.7200 -0.5762 -0.3867
vn -0.7214 -0.5747 -0.3863
vn -0.6901 -0.5885 -0.4212
vn -0.6886 -0.5900 -0.4215
vn -0.6900 -0.5886 -0.4213
vn -0.6915 -0.5871 -0.4209
vn -0.6562 -0.6011 -0.4562
vn -0.6546 -0.6026 -0.4564
vn -0.6560 -0.6012 -0.4562
vn -0.6576 -0.5997 -0.4560
vn -0.6180 -0.6138 -0.4912
vn -0.6164 -0.6153 -0.4914
vn -0.6179 -0.6139 -0.4912
vn -0.6195 -0.6125 -0.4911
vn -0.5747 -0.6266 -0.5263
vn -0.5732 -0.6280 -0.5264
vn -0.5746 -0.6267 -0.5263
vn -0.5761 -0.6254 -0.5263
vn -0.5260 -0.6393 -0.5609
vn -0.5246 -0.6405 -0.5608
vn -0.5259 -0.6394 -0.5609
vn -0.5273 -0.6382 -0.5609
vn -0.4720 -0.6516 -0.5939
vn -0.4708 -0.6526 -0.5938
vn -0.4719 -0.6516 -0.5939
vn -0.4732 -0.6506 -0.5940
vn -0.4136 -0.6627 -0.6243
vn -0.4126 -0.6636 -0.6241
vn -0.4147 -0.6619 -0.6245
vn -0.3516 -0.6725 -0.6512
vn -0.3507 -0.6732 -0.6510
vn -0.3525 -0.6718 -0.6515
vn -0.2864 -0.6807 -0.6742
vn -0.2856 -0.6813 -0.6740
vn -0.2871 -0.6802 -0.6745
vn -0.2207 -0.6870 -0.6923
vn -0.2201 -0.6874 -0.6921
vn -0.2213 -0.6866 -0.6926
vn -0.1549 -0.6915 -0.7056
vn -0.1545 -0.6918 -0.7054
vn -0.1553 -0.6912 -0.7058
vn -0.0907 -0.6942 -0.7140
vn -0.0904 -0.6944 -0.7139
vn -0.0909 -0.6940 -0.7142
vn -0.0855 -0.7641 -0.6394
vn -0.0857 -0.7640 -0.6396
vn -0.0855 -0.7641 -0.6395
vn -0.0882 -0.7302 -0.6775
vn -0.0880 -0.7303 -0.6774
vn -0.1508 -0.7274 -0.6695
vn -0.1511 -0.7271 -0.6697
vn -0.1504 -0.7276 -0.6693
vn -0.2148 -0.7228 -0.6568
vn -0.2154 -0.7224 -0.6571
vn -0.2143 -0.7231 -0.6566
vn -0.2789 -0.7164 -0.6395
vn -0.2796 -0.7159 -0.6398
vn -0.2782 -0.7169 -0.6393
vn -0.3426 -0.7081 -0.6175
vn -0.3435 -0.7074 -0.6178
vn -0.3426 -0.7080 -0.6175
vn -0.3417 -0.7087 -0.6173
vn -0.4032 -0.6982 -0.5916
vn -0.4043 -0.6973 -0.5919
vn -0.4032 -0.6981 -0.5916
vn -0.4021 -0.6989 -0.5914
vn -0.4603 -0.6869 -0.5624
vn -0.4616 -0.6859 -0.5625
vn -0.4604 -0.6869 -0.5624
vn -0.4591 -0.6879 -0.5622
vn -0.5132 -0.6747 -0.5305
vn -0.5147 -0.6735 -0.5305
vn -0.5133 -0.6746 -0.5305
vn -0.5119 -0.6758 -0.5304
vn -0.5610 -0.6620 -0.4970
vn -0.5627 -0.6606 -0.4970
vn -0.5612 -0.6619 -0.4970
vn -0.5595 -0.6633 -0.4970
vn -0.6035 -0.6492 -0.4629
vn -0.6053 -0.6477 -0.4628
vn -0.6037 -0.6491 -0.4629
vn -0.6019 -0.6506 -0.4630
vn -0.6409 -0.6367 -0.4289
vn -0.6426 -0.6350 -0.4287
vn -0.6410 -0.6365 -0.4289
vn -0.6393 -0.6381 -0.4291
vn -0.6756 -0.6225 -0.3950
vn -0.6758 -0.6225 -0.3946
vn -0.6743 -0.6240 -0.3949
vn -0.6726 -0.6257 -0.3952
vn -0.7035 -0.6121 -0.3612
vn -0.7052 -0.6104 -0.3608
vn -0.7021 -0.6136 -0.3614
vn -0.7020 -0.6136 -0.3615
vn -0.7417 -0.5926 -0.3143
vn -0.7585 -0.5595 -0.3340
vn -0.0417 -0.7574 -0.6516
vn -0.0303 -0.7654 -0.6429
vn -0.0245 -0.7211 -0.6924
vn -0.5929 -0.7704 -0.2346
vn -0.5445 -0.7919 -0.2766
vn -0.5443 -0.7920 -0.2766
vn -0.5483 -0.7893 -0.2762
vn -0.5487 -0.7891 -0.2762
vn -0.5114 -0.8035 -0.3046
vn -0.5112 -0.8037 -0.3047
vn -0.5150 -0.8013 -0.3045
vn -0.5153 -0.8011 -0.3045
vn -0.4737 -0.8154 -0.3328
vn -0.4734 -0.8156 -0.3326
vn -0.4767 -0.8136 -0.3329
vn -0.4770 -0.8135 -0.3327
vn -0.4314 -0.8275 -0.3594
vn -0.4311 -0.8276 -0.3596
vn -0.4338 -0.8261 -0.3597
vn -0.4340 -0.8259 -0.3599
vn -0.3848 -0.8389 -0.3850
vn -0.3847 -0.8389 -0.3849
vn -0.3869 -0.8378 -0.3853
vn -0.3871 -0.8377 -0.3853
vn -0.3363 -0.8489 -0.4079
vn -0.3353 -0.8493 -0.4076
vn -0.3370 -0.8486 -0.4078
vn -0.3371 -0.8485 -0.4080
vn -0.2842 -0.8582 -0.4275
vn -0.2836 -0.8585 -0.4273
vn -0.2849 -0.8579 -0.4276
vn -0.2848 -0.8579 -0.4277
vn -0.2302 -0.8660 -0.4439
vn -0.2298 -0.8662 -0.4438
vn -0.2301 -0.8660 -0.4439
vn -0.2305 -0.8658 -0.4441
vn -0.1765 -0.8720 -0.4566
vn -0.1763 -0.8721 -0.4565
vn -0.1765 -0.8720 -0.4565
vn -0.1767 -0.8719 -0.4566
vn -0.1234 -0.8763 -0.4656
vn -0.1233 -0.8764 -0.4656
vn -0.1233 -0.8763 -0.4656
vn -0.1234 -0.8763 -0.4657
vn -0.0719 -0.8790 -0.4713
vn -0.6172 -0.7399 -0.2677
vn -0.5678 -0.7620 -0.3112
vn -0.5676 -0.7622 -0.3111
vn -0.5712 -0.7596 -0.3109
vn -0.5715 -0.7595 -0.3108
vn -0.5334 -0.7744 -0.3402
vn -0.5333 -0.7745 -0.3402
vn -0.5367 -0.7722 -0.3401
vn -0.5370 -0.7720 -0.3400
vn -0.4945 -0.7870 -0.3690
vn -0.4942 -0.7871 -0.3691
vn -0.4973 -0.7852 -0.3691
vn -0.4975 -0.7850 -0.3692
vn -0.4505 -0.7995 -0.3973
vn -0.4504 -0.7996 -0.3973
vn -0.4530 -0.7980 -0.3975
vn -0.4532 -0.7979 -0.3976
vn -0.4036 -0.8108 -0.4239
vn -0.4024 -0.8115 -0.4237
vn -0.4045 -0.8104 -0.4239
vn -0.4046 -0.8102 -0.4241
vn -0.3520 -0.8219 -0.4479
vn -0.3511 -0.8224 -0.4476
vn -0.3525 -0.8215 -0.4483
vn -0.3528 -0.8214 -0.4481
vn -0.2979 -0.8316 -0.4687
vn -0.2972 -0.8320 -0.4685
vn -0.2978 -0.8317 -0.4687
vn -0.2985 -0.8313 -0.4689
vn -0.2416 -0.8398 -0.4862
vn -0.2411 -0.8400 -0.4860
vn -0.2415 -0.8398 -0.4862
vn -0.2420 -0.8396 -0.4864
vn -0.1855 -0.8461 -0.4997
vn -0.1852 -0.8462 -0.4996
vn -0.1858 -0.8460 -0.4999
vn -0.1298 -0.8506 -0.5095
vn -0.1296 -0.8507 -0.5094
vn -0.1299 -0.8505 -0.5096
vn -0.0758 -0.8534 -0.5157
vn -0.0757 -0.8534 -0.5157
vn 0.0022 -0.8906 -0.4548
vn -0.0242 -0.8803 -0.4738
vn -0.0237 -0.8447 -0.5347
vn 0.0136 -0.8542 -0.5197
vn -0.0308 -0.8270 -0.5614
vn -0.0793 -0.8257 -0.5585
vn -0.0794 -0.8256 -0.5586
vn -0.0791 -0.8257 -0.5585
vn -0.1357 -0.8229 -0.5518
vn -0.1360 -0.8227 -0.5520
vn -0.1357 -0.8228 -0.5518
vn -0.1354 -0.8230 -0.5517
vn -0.1937 -0.8183 -0.5412
vn -0.1942 -0.8180 -0.5414
vn -0.1938 -0.8183 -0.5412
vn -0.1933 -0.8185 -0.5410
vn -0.2520 -0.8119 -0.5266
vn -0.2526 -0.8116 -0.5268
vn -0.2521 -0.8119 -0.5266
vn -0.2514 -0.8122 -0.5264
vn -0.3103 -0.8036 -0.5078
vn -0.3112 -0.8031 -0.5081
vn -0.3104 -0.8036 -0.5079
vn -0.3095 -0.8041 -0.5076
vn -0.3673 -0.7931 -0.4858
vn -0.3673 -0.7931 -0.4859
vn -0.3663 -0.7937 -0.4857
vn -0.3652 -0.7943 -0.4854
vn -0.4205 -0.7818 -0.4603
vn -0.4206 -0.7817 -0.4605
vn -0.4194 -0.7824 -0.4603
vn -0.4181 -0.7833 -0.4601
vn -0.4703 -0.7694 -0.4323
vn -0.4704 -0.7692 -0.4325
vn -0.4676 -0.7712 -0.4320
vn -0.4674 -0.7712 -0.4322
vn -0.5155 -0.7562 -0.4030
vn -0.5158 -0.7561 -0.4028
vn -0.5124 -0.7583 -0.4030
vn -0.5123 -0.7585 -0.4027
vn -0.5559 -0.7433 -0.3721
vn -0.5561 -0.7431 -0.3723
vn -0.5525 -0.7458 -0.3722
vn -0.5523 -0.7458 -0.3724
vn -0.5912 -0.7305 -0.3418
vn -0.5914 -0.7303 -0.3418
vn -0.5877 -0.7332 -0.3421
vn -0.5875 -0.7333 -0.3421
vn -0.6829 -0.5258 -0.5071
vn -0.6829 -0.5259 -0.5071
vn -0.6839 -0.5248 -0.5069
vn -0.6431 -0.5390 -0.5439
vn -0.6420 -0.5402 -0.5441
vn -0.6431 -0.5391 -0.5439
vn -0.6442 -0.5379 -0.5438
vn -0.5982 -0.5521 -0.5808
vn -0.5970 -0.5533 -0.5809
vn -0.5981 -0.5521 -0.5808
vn -0.5993 -0.5510 -0.5807
vn -0.5478 -0.5648 -0.6172
vn -0.5466 -0.5659 -0.6172
vn -0.5478 -0.5649 -0.6172
vn -0.5489 -0.5638 -0.6172
vn -0.4918 -0.5769 -0.6521
vn -0.4907 -0.5779 -0.6520
vn -0.4929 -0.5759 -0.6522
vn -0.4312 -0.5879 -0.6844
vn -0.4302 -0.5888 -0.6843
vn -0.4322 -0.5869 -0.6846
vn -0.3667 -0.5973 -0.7132
vn -0.3658 -0.5981 -0.7130
vn -0.3668 -0.5973 -0.7132
vn -0.3677 -0.5965 -0.7134
vn -0.2987 -0.6052 -0.7379
vn -0.2979 -0.6059 -0.7377
vn -0.2988 -0.6051 -0.7379
vn -0.2996 -0.6044 -0.7382
vn -0.2302 -0.6110 -0.7574
vn -0.2296 -0.6116 -0.7571
vn -0.2303 -0.6110 -0.7574
vn -0.2309 -0.6104 -0.7577
vn -0.1616 -0.6151 -0.7717
vn -0.1611 -0.6155 -0.7715
vn -0.1616 -0.6150 -0.7718
vn -0.1621 -0.6146 -0.7720
vn -0.0945 -0.6175 -0.7809
vn -0.0942 -0.6177 -0.7807
vn -0.0946 -0.6174 -0.7809
vn -0.0949 -0.6172 -0.7811
vn -0.0368 -0.6185 -0.7849
vn -0.0123 -0.6577 -0.7532
vn -0.0127 -0.6577 -0.7531
vn -0.0133 -0.6572 -0.7536
vn -0.0190 -0.6541 -0.7561
vn -0.0349 -0.6955 -0.7177
vn 0.0008 -0.7312 -0.6821
vn -0.0884 -0.7300 -0.6777
vn -0.0853 -0.7642 -0.6393
vn -0.1465 -0.7610 -0.6320
vn -0.1154 -0.9784 -0.1717
vn -0.1148 -0.9785 -0.1715
vn -0.1147 -0.9785 -0.1714
vn -0.1519 -0.9748 -0.1636
vn -0.1522 -0.9747 -0.1637
vn -0.1508 -0.9750 -0.1633
vn -0.1506 -0.9750 -0.1633
vn -0.1892 -0.9699 -0.1530
vn -0.1895 -0.9699 -0.1532
vn -0.1878 -0.9703 -0.1527
vn -0.1874 -0.9703 -0.1528
vn -0.2258 -0.9640 -0.1403
vn -0.2262 -0.9639 -0.1404
vn -0.2239 -0.9645 -0.1400
vn -0.2235 -0.9646 -0.1400
vn -0.2616 -0.9570 -0.1255
vn -0.2621 -0.9568 -0.1255
vn -0.2592 -0.9577 -0.1252
vn -0.2587 -0.9578 -0.1252
vn -0.2936 -0.9496 -0.1099
vn -0.1381 -0.9837 -0.1149
vn -0.1369 -0.9839 -0.1146
vn -0.1367 -0.9840 -0.1145
vn -0.1720 -0.9795 -0.1052
vn -0.1724 -0.9794 -0.1053
vn -0.1706 -0.9797 -0.1049
vn -0.1702 -0.9798 -0.1048
vn -0.2056 -0.9742 -0.0936
vn -0.2061 -0.9740 -0.0936
vn -0.2036 -0.9746 -0.0933
vn -0.2032 -0.9747 -0.0933
vn -0.2386 -0.9678 -0.0798
vn -0.2391 -0.9677 -0.0799
vn -0.2361 -0.9684 -0.0797
vn -0.2356 -0.9686 -0.0797
vn -0.2842 -0.9571 -0.0567
vn -0.2871 -0.9562 -0.0574
vn -0.2814 -0.9579 -0.0560
vn -0.3391 -0.9405 -0.0210
vn -0.3428 -0.9391 -0.0215
vn -0.3427 -0.9392 -0.0205
vn -0.3355 -0.9418 -0.0205
vn -0.3877 -0.9216 0.0160
vn -0.3879 -0.9216 0.0165
vn -0.3876 -0.9217 0.0162
vn -0.3796 -0.9250 0.0169
vn -0.4190 -0.9063 0.0554
vn -0.4234 -0.9042 0.0556
vn -0.4232 -0.9044 0.0548
vn -0.4148 -0.9082 0.0552
vn -0.0233 -0.8718 0.4894
vn -0.0283 -0.8690 0.4940
vn -0.0204 -0.8733 0.4868
vn -0.1036 -0.8904 0.4433
vn -0.0592 -0.9103 0.4097
vn -0.1319 -0.9237 0.3598
vn -0.0861 -0.9399 0.3305
vn -0.1464 -0.9499 0.2763
vn -0.1007 -0.9624 0.2522
vn -0.1453 -0.9694 0.1980
vn -0.1023 -0.9785 0.1790
vn -0.1003 -0.9787 0.1791
vn -0.1104 -0.9777 0.1786
vn -0.1298 -0.9833 0.1278
vn -0.1215 -0.9842 0.1288
vn -0.1283 -0.9834 0.1279
vn -0.0850 -0.9899 0.1133
vn -0.0842 -0.9899 0.1136
vn -0.0898 -0.9896 0.1121
vn -0.0456 -0.9869 0.1549
vn -0.0465 -0.9869 0.1546
vn -0.0422 -0.9869 0.1559
vn -0.0334 -0.9755 0.2176
vn -0.0388 -0.9755 0.2165
vn -0.0347 -0.9755 0.2173
vn -0.0650 -0.9722 0.2248
vn -0.0675 -0.9721 0.2246
vn -0.0581 -0.9725 0.2254
vn -0.0396 -0.9542 0.2965
vn -0.0747 -0.9487 0.3073
vn -0.0281 -0.9234 0.3828
vn -0.0652 -0.9151 0.3979
vn -0.0027 -0.8804 0.4743
vn 0.0028 -0.8817 0.4718
vn -0.0551 -0.9579 -0.2816
vn -0.0552 -0.9579 -0.2816
vn -0.0550 -0.9580 -0.2816
vn -0.0949 -0.9561 -0.2773
vn -0.0952 -0.9560 -0.2775
vn -0.0951 -0.9561 -0.2774
vn -0.0948 -0.9561 -0.2772
vn -0.1368 -0.9529 -0.2706
vn -0.1370 -0.9529 -0.2707
vn -0.1367 -0.9530 -0.2705
vn -0.1362 -0.9531 -0.2703
vn -0.1795 -0.9485 -0.2611
vn -0.1797 -0.9484 -0.2612
vn -0.1786 -0.9487 -0.2608
vn -0.1784 -0.9488 -0.2607
vn -0.2231 -0.9426 -0.2486
vn -0.2232 -0.9425 -0.2487
vn -0.2216 -0.9430 -0.2482
vn -0.2213 -0.9431 -0.2482
vn -0.2654 -0.9354 -0.2337
vn -0.2657 -0.9353 -0.2337
vn -0.2634 -0.9360 -0.2333
vn -0.2632 -0.9361 -0.2332
vn -0.3065 -0.9270 -0.2161
vn -0.3070 -0.9269 -0.2161
vn -0.3041 -0.9279 -0.2158
vn -0.3038 -0.9280 -0.2157
vn -0.3458 -0.9176 -0.1961
vn -0.3463 -0.9174 -0.1962
vn -0.3429 -0.9187 -0.1959
vn -0.3425 -0.9189 -0.1960
vn -0.3824 -0.9074 -0.1745
vn -0.3830 -0.9071 -0.1746
vn -0.3789 -0.9088 -0.1745
vn -0.3784 -0.9090 -0.1746
vn -0.4251 -0.8941 -0.1408
vn -0.4319 -0.8906 -0.1423
vn -0.4313 -0.8909 -0.1422
vn -0.4248 -0.8943 -0.1407
vn -0.4765 -0.8740 -0.0948
vn -0.4842 -0.8697 -0.0954
vn -0.4835 -0.8701 -0.0955
vn -0.4761 -0.8743 -0.0944
vn -0.5169 -0.8547 -0.0474
vn -0.5249 -0.8498 -0.0477
vn -0.5243 -0.8502 -0.0477
vn -0.5164 -0.8550 -0.0474
vn -0.1090 -0.9939 -0.0169
vn -0.1087 -0.9939 -0.0168
vn -0.1103 -0.9938 -0.0171
vn -0.1245 -0.9900 -0.0660
vn -0.1230 -0.9902 -0.0656
vn -0.1242 -0.9901 -0.0659
vn -0.0935 -0.9930 -0.0724
vn -0.0933 -0.9930 -0.0724
vn -0.0943 -0.9929 -0.0726
vn -0.1052 -0.9869 -0.1222
vn -0.1042 -0.9871 -0.1219
vn -0.1051 -0.9869 -0.1222
vn -0.0727 -0.9892 -0.1274
vn -0.0722 -0.9892 -0.1272
vn -0.0724 -0.9892 -0.1273
vn -0.0729 -0.9892 -0.1275
vn -0.0647 -0.9949 -0.0772
vn -0.0650 -0.9949 -0.0773
vn -0.0648 -0.9949 -0.0772
vn -0.0946 -0.9929 -0.0727
vn -0.0826 -0.9963 -0.0229
vn -0.0838 -0.9962 -0.0231
vn -0.0830 -0.9963 -0.0229
vn -0.1107 -0.9937 -0.0172
vn -0.0874 -0.9699 -0.2274
vn -0.0876 -0.9698 -0.2275
vn -0.0872 -0.9699 -0.2273
vn -0.1263 -0.9670 -0.2212
vn -0.1264 -0.9670 -0.2213
vn -0.1258 -0.9671 -0.2210
vn -0.1255 -0.9672 -0.2209
vn -0.1659 -0.9630 -0.2124
vn -0.1660 -0.9630 -0.2125
vn -0.1649 -0.9632 -0.2121
vn -0.1646 -0.9633 -0.2121
vn -0.2060 -0.9577 -0.2010
vn -0.2064 -0.9576 -0.2011
vn -0.2048 -0.9580 -0.2007
vn -0.2044 -0.9581 -0.2006
vn -0.2458 -0.9511 -0.1871
vn -0.2461 -0.9510 -0.1872
vn -0.2438 -0.9517 -0.1867
vn -0.2435 -0.9518 -0.1867
vn -0.2844 -0.9434 -0.1708
vn -0.2848 -0.9432 -0.1709
vn -0.2819 -0.9442 -0.1705
vn -0.2815 -0.9443 -0.1706
vn -0.3213 -0.9346 -0.1527
vn -0.3218 -0.9344 -0.1526
vn -0.3183 -0.9356 -0.1526
vn -0.3178 -0.9358 -0.1524
vn -0.3558 -0.9251 -0.1324
vn -0.3565 -0.9249 -0.1325
vn -0.3525 -0.9264 -0.1325
vn -0.3518 -0.9266 -0.1326
vn -0.3962 -0.9126 -0.1007
vn -0.4031 -0.9094 -0.1023
vn -0.4027 -0.9096 -0.1021
vn -0.3959 -0.9127 -0.1009
vn -0.4453 -0.8935 -0.0577
vn -0.4533 -0.8895 -0.0584
vn -0.4527 -0.8897 -0.0584
vn -0.4450 -0.8937 -0.0575
vn -0.4841 -0.8749 -0.0133
vn -0.4924 -0.8703 -0.0135
vn -0.4919 -0.8706 -0.0135
vn -0.4838 -0.8751 -0.0134
vn -0.4653 -0.8540 -0.2329
vn -0.4288 -0.8663 -0.2561
vn -0.4285 -0.8665 -0.2562
vn -0.4321 -0.8647 -0.2562
vn -0.4325 -0.8644 -0.2563
vn -0.3893 -0.8774 -0.2803
vn -0.3890 -0.8775 -0.2804
vn -0.3921 -0.8761 -0.2806
vn -0.3924 -0.8759 -0.2807
vn -0.3464 -0.8879 -0.3028
vn -0.3462 -0.8879 -0.3029
vn -0.3486 -0.8869 -0.3032
vn -0.3488 -0.8867 -0.3033
vn -0.3010 -0.8972 -0.3231
vn -0.3008 -0.8973 -0.3230
vn -0.3026 -0.8966 -0.3235
vn -0.3028 -0.8965 -0.3235
vn -0.2545 -0.9051 -0.3406
vn -0.2537 -0.9054 -0.3404
vn -0.2550 -0.9049 -0.3408
vn -0.2551 -0.9049 -0.3408
vn -0.2055 -0.9120 -0.3550
vn -0.2050 -0.9122 -0.3548
vn -0.2054 -0.9121 -0.3549
vn -0.2059 -0.9119 -0.3551
vn -0.1572 -0.9172 -0.3660
vn -0.1569 -0.9174 -0.3659
vn -0.1571 -0.9173 -0.3660
vn -0.1574 -0.9172 -0.3661
vn -0.1096 -0.9210 -0.3739
vn -0.1094 -0.9210 -0.3738
vn -0.1095 -0.9210 -0.3739
vn -0.1097 -0.9209 -0.3740
vn -0.0637 -0.9233 -0.3788
vn -0.5560 -0.8272 -0.0814
vn -0.5131 -0.8482 -0.1317
vn -0.5059 -0.8526 -0.1306
vn -0.5065 -0.8523 -0.1308
vn -0.5138 -0.8478 -0.1318
vn -0.4587 -0.8699 -0.1812
vn -0.4525 -0.8735 -0.1798
vn -0.4530 -0.8732 -0.1798
vn -0.4593 -0.8695 -0.1814
vn -0.4045 -0.8887 -0.2160
vn -0.4040 -0.8889 -0.2159
vn -0.4077 -0.8872 -0.2160
vn -0.4083 -0.8869 -0.2160
vn -0.3666 -0.8992 -0.2386
vn -0.3662 -0.8994 -0.2387
vn -0.3694 -0.8980 -0.2389
vn -0.3698 -0.8978 -0.2390
vn -0.3256 -0.9090 -0.2600
vn -0.3254 -0.9092 -0.2599
vn -0.3280 -0.9081 -0.2603
vn -0.3283 -0.9080 -0.2603
vn -0.2825 -0.9178 -0.2789
vn -0.2823 -0.9179 -0.2787
vn -0.2843 -0.9171 -0.2793
vn -0.2846 -0.9171 -0.2792
vn -0.2380 -0.9254 -0.2949
vn -0.2377 -0.9255 -0.2949
vn -0.2392 -0.9250 -0.2952
vn -0.2394 -0.9249 -0.2953
vn -0.1922 -0.9316 -0.3086
vn -0.1919 -0.9317 -0.3084
vn -0.1928 -0.9314 -0.3088
vn -0.1930 -0.9314 -0.3087
vn -0.1466 -0.9364 -0.3188
vn -0.1466 -0.9364 -0.3187
vn -0.1469 -0.9364 -0.3188
vn -0.1473 -0.9362 -0.3190
vn -0.1024 -0.9397 -0.3262
vn -0.1022 -0.9398 -0.3261
vn -0.1023 -0.9397 -0.3262
vn -0.1025 -0.9397 -0.3263
vn -0.0595 -0.9418 -0.3308
vn -0.0594 -0.9418 -0.3308
vn -0.0595 -0.9418 -0.3309
vn 0.0025 -0.9587 -0.2843
vn -0.0260 -0.9722 -0.2327
vn 0.0144 -0.9809 -0.1940
vn -0.0445 -0.9857 -0.1626
vn -0.0801 -0.9809 -0.1774
vn -0.0799 -0.9809 -0.1773
vn -0.0803 -0.9808 -0.1775
vn -0.0264 -0.9828 -0.1828
vn -0.0308 -0.9908 -0.1317
vn 0.0094 -0.9963 -0.0848
vn -0.0656 -0.9948 -0.0775
vn -0.0573 -0.9980 -0.0272
vn -0.0581 -0.9979 -0.0274
vn -0.0575 -0.9980 -0.0272
vn -0.0841 -0.9962 -0.0232
vn -0.0686 -0.9968 0.0406
vn -0.0632 -0.9972 0.0407
vn -0.0668 -0.9969 0.0407
vn -0.0904 -0.9949 0.0451
vn -0.1082 -0.9927 0.0525
vn -0.1070 -0.9929 0.0523
vn -0.1110 -0.9924 0.0527
vn -0.1123 -0.9923 0.0529
vn -0.0254 -0.9265 0.3755
vn -0.0175 -0.9266 0.3755
vn -0.0226 -0.9265 0.3755
vn -0.0520 -0.9934 0.1021
vn -0.0526 -0.9934 0.1019
vn -0.0493 -0.9934 0.1032
vn -0.0414 -0.9869 0.1561
vn -0.0778 -0.9834 0.1642
vn -0.0794 -0.9833 0.1639
vn -0.0721 -0.9836 0.1651
vn -0.0559 -0.9726 0.2256
vn -0.0948 -0.9667 0.2377
vn -0.0545 -0.9508 0.3050
vn -0.0952 -0.9420 0.3218
vn -0.0363 -0.9205 0.3890
vn -0.0805 -0.9078 0.4117
vn -0.0109 -0.8773 0.4799
vn -0.0194 -0.9992 0.0352
vn -0.0168 -0.9968 0.0780
vn -0.0214 -0.9949 0.0987
vn 0.0159 -0.9923 0.1232
vn -0.0244 -0.9880 0.1523
vn 0.0058 -0.9774 0.2114
vn 0.0119 -0.9770 0.2131
vn 0.0075 -0.9773 0.2119
vn -0.0403 -0.9755 0.2162
vn -0.0247 -0.9565 0.2906
vn -0.0317 -0.9566 0.2898
vn -0.0266 -0.9565 0.2905
vn -0.0542 -0.9535 0.2966
vn -0.0216 -0.9253 0.3785
vn -0.0514 -0.9204 0.3876
vn 0.0011 -0.8814 0.4723
vn -0.0080 -0.9187 0.3949
vn -0.0771 -0.9218 0.3800
vn -0.0076 -0.9374 0.3483
vn -0.0110 -0.9555 0.2949
vn 0.0134 -0.9769 0.2135
vn -0.0305 -0.9567 0.2894
vn -0.0312 -0.9567 0.2895
vn -0.0150 -0.9267 0.3755
vn -0.0386 -0.9241 0.3803
vn -0.0286 -0.9942 -0.1040
vn -0.0207 -0.9993 -0.0313
vn -0.0583 -0.9979 -0.0275
vn -0.0478 -0.9982 0.0362
vn -0.0616 -0.9973 0.0407
vn -0.0488 -0.9934 0.1033
vn -0.0908 -0.9896 0.1119
vn -0.0707 -0.9837 0.1654
vn -0.1128 -0.9775 0.1785
vn -0.0784 -0.9683 0.2372
vn -0.1215 -0.9593 0.2551
vn -0.0699 -0.9461 0.3162
vn -0.1153 -0.9334 0.3399
vn -0.0476 -0.9160 0.3983
vn -0.0941 -0.8992 0.4274
vn -0.0117 -0.8771 0.4802
vn -0.9302 -0.0553 0.3629
vn -0.9262 -0.0461 0.3742
vn -0.9144 -0.0524 0.4015
vn -0.9143 -0.0527 0.4016
vn -0.9140 -0.0550 0.4020
vn -0.9136 -0.0578 0.4025
vn -0.9026 -0.0557 0.4269
vn -0.8805 -0.0866 0.4660
vn -0.8843 -0.0867 0.4589
vn -0.8123 -0.2624 0.5209
vn -0.8275 -0.2258 0.5140
vn -0.8631 -0.2186 0.4552
vn -0.8605 -0.2159 0.4615
vn -0.8607 -0.2161 0.4609
vn -0.8499 -0.1929 0.4903
vn -0.8669 -0.1354 0.4797
vn -0.8786 -0.1647 0.4483
vn -0.8742 -0.1318 0.4674
vn -0.9893 -0.1334 0.0597
vn -0.9891 -0.1337 0.0621
vn -0.9883 -0.1347 0.0709
vn -0.9881 -0.1350 0.0734
vn -0.9852 -0.1183 0.1237
vn -0.9664 -0.2534 0.0444
vn -0.9759 -0.2178 0.0092
vn -0.9775 -0.1900 0.0917
vn -0.9444 -0.3032 0.1275
vn -0.9451 -0.2999 0.1300
vn -0.9443 -0.3031 0.1279
vn -0.9452 -0.2994 0.1300
vn -0.9254 -0.3499 0.1456
vn -0.9261 -0.3471 0.1476
vn -0.9254 -0.3498 0.1458
vn -0.7752 -0.3244 0.5421
vn -0.7923 -0.2920 0.5357
vn -0.6874 -0.6540 0.3158
vn -0.6784 -0.6149 0.4022
vn -0.7471 -0.5491 0.3747
vn -0.7232 -0.4990 0.4776
vn -0.7725 -0.4325 0.4650
vn -0.7750 -0.4346 0.4589
vn -0.7741 -0.4339 0.4610
vn -0.7398 -0.3846 0.5521
vn -0.7576 -0.3520 0.5496
vn -0.8073 -0.5654 0.1692
vn -0.8077 -0.5656 0.1664
vn -0.8076 -0.5655 0.1671
vn -0.8088 -0.5434 0.2248
vn -0.8090 -0.5435 0.2238
vn -0.8097 -0.5438 0.2208
vn -0.8521 -0.4838 0.1997
vn -0.8477 -0.4569 0.2696
vn -0.8477 -0.4569 0.2695
vn -0.8901 -0.3867 0.2413
vn -0.8890 -0.3866 0.2453
vn -0.8893 -0.3867 0.2443
vn -0.8748 -0.3528 0.3320
vn -0.8743 -0.3527 0.3333
vn -0.8729 -0.3526 0.3373
vn -0.9033 -0.2909 0.3153
vn -0.9028 -0.2965 0.3115
vn -0.9032 -0.2914 0.3150
vn -0.9028 -0.2969 0.3112
vn -0.9221 -0.2467 0.2982
vn -0.9217 -0.2541 0.2931
vn -0.9221 -0.2472 0.2978
vn -0.9217 -0.2546 0.2928
vn -0.9397 -0.1981 0.2789
vn -0.9396 -0.2071 0.2725
vn -0.9398 -0.1985 0.2783
vn -0.9395 -0.2078 0.2723
vn -0.9553 -0.1447 0.2577
vn -0.9555 -0.1558 0.2504
vn -0.9553 -0.1454 0.2574
vn -0.9556 -0.1563 0.2499
vn -0.9657 -0.1031 0.2383
vn -0.9434 -0.3288 0.0438
vn -0.9435 -0.3283 0.0439
vn -0.9442 -0.3263 0.0443
vn -0.9444 -0.3258 0.0444
vn -0.9253 -0.3745 0.0605
vn -0.9174 -0.3978 -0.0050
vn -0.8866 -0.4621 0.0193
vn -0.8848 -0.4659 0.0090
vn -0.8864 -0.4626 0.0180
vn -0.8069 -0.5876 0.0599
vn -0.8152 -0.5678 0.1147
vn -0.8477 -0.5223 0.0934
vn -0.8476 -0.5223 0.0941
vn -0.8476 -0.5223 0.0938
vn -0.8514 -0.5046 0.1428
vn -0.8514 -0.5046 0.1431
vn -0.8514 -0.5046 0.1429
vn -0.8952 -0.4313 0.1120
vn -0.8949 -0.4313 0.1141
vn -0.8950 -0.4313 0.1136
vn -0.8953 -0.4313 0.1115
vn -0.8916 -0.4483 0.0632
vn -0.8917 -0.4483 0.0629
vn -0.8918 -0.4482 0.0616
vn -0.8477 -0.5223 0.0933
vn -0.8424 -0.5361 0.0551
vn -0.7928 -0.6032 0.0874
vn -0.9507 -0.0687 0.3024
vn -0.9509 -0.0691 0.3016
vn -0.9491 -0.0818 0.3041
vn -0.9489 -0.0819 0.3049
vn -0.9377 -0.0790 0.3383
vn -0.9255 -0.1245 0.3576
vn -0.9296 -0.1235 0.3472
vn -0.9287 -0.1237 0.3496
vn -0.9245 -0.1247 0.3601
vn -0.9090 -0.1735 0.3789
vn -0.9127 -0.1730 0.3701
vn -0.9118 -0.1732 0.3722
vn -0.9081 -0.1736 0.3811
vn -0.8944 -0.2178 0.3906
vn -0.8634 -0.2188 0.4547
vn -0.8732 -0.2558 0.4148
vn -0.8447 -0.3133 0.4339
vn -0.8471 -0.3147 0.4283
vn -0.8463 -0.3142 0.4302
vn -0.8724 -0.3525 0.3386
vn -0.8335 -0.4201 0.3590
vn -0.8335 -0.4201 0.3589
vn -0.8073 -0.5158 0.2868
vn -0.8058 -0.5152 0.2920
vn -0.8062 -0.5153 0.2907
vn -0.8099 -0.5439 0.2197
vn -0.7642 -0.5968 0.2446
vn -0.7631 -0.6171 0.1918
vn -0.7482 -0.6408 0.1719
vn -0.9277 -0.3017 -0.2200
vn -0.9270 -0.3036 -0.2202
vn -0.9278 -0.3013 -0.2199
vn -0.9493 -0.2743 -0.1536
vn -0.9488 -0.2759 -0.1539
vn -0.9489 -0.2756 -0.1538
vn -0.9494 -0.2740 -0.1536
vn -0.9659 -0.2464 -0.0794
vn -0.9659 -0.2465 -0.0794
vn -0.9659 -0.2463 -0.0794
vn -0.9660 -0.2462 -0.0794
vn -0.9745 -0.2239 -0.0161
vn -0.9862 -0.1615 -0.0357
vn -0.9863 -0.1620 -0.0328
vn -0.9862 -0.1619 -0.0334
vn -0.9891 -0.1470 0.0092
vn -0.9339 -0.3306 -0.1360
vn -0.9340 -0.3305 -0.1360
vn -0.9340 -0.3304 -0.1360
vn -0.9506 -0.3041 -0.0616
vn -0.9509 -0.3033 -0.0616
vn -0.9507 -0.3040 -0.0617
vn -0.9609 -0.2755 0.0260
vn -0.9617 -0.2729 0.0265
vn -0.9615 -0.2734 0.0264
vn -0.9608 -0.2761 0.0259
vn -0.9625 -0.2475 0.1111
vn -0.9625 -0.2473 0.1113
vn -0.9618 -0.2515 0.1084
vn -0.9617 -0.2517 0.1083
vn -0.9205 -0.2673 -0.2849
vn -0.9197 -0.2670 -0.2879
vn -0.9199 -0.2670 -0.2873
vn -0.9405 -0.2437 -0.2368
vn -0.9397 -0.2459 -0.2377
vn -0.9405 -0.2436 -0.2367
vn -0.9414 -0.2414 -0.2358
vn -0.9619 -0.2136 -0.1707
vn -0.9614 -0.2151 -0.1714
vn -0.9619 -0.2135 -0.1707
vn -0.9624 -0.2120 -0.1700
vn -0.9782 -0.1837 -0.0972
vn -0.9782 -0.1835 -0.0971
vn -0.9781 -0.1838 -0.0973
vn -0.9862 -0.1614 -0.0362
vn -0.9924 -0.1130 -0.0482
vn -0.9925 -0.1218 0.0031
vn -0.9932 -0.1100 0.0391
vn -0.9922 -0.1124 0.0548
vn -0.9903 -0.0988 0.0973
vn -0.9875 -0.1022 0.1201
vn -0.9806 -0.0846 0.1767
vn -0.9047 -0.2833 -0.3182
vn -0.9040 -0.2830 -0.3205
vn -0.9049 -0.2834 -0.3176
vn -0.9158 -0.2168 -0.3380
vn -0.9211 -0.2316 -0.3130
vn -0.8631 -0.3904 -0.3203
vn -0.8868 -0.2993 -0.3522
vn -0.8860 -0.2990 -0.3545
vn -0.8861 -0.2991 -0.3540
vn -0.8870 -0.2994 -0.3517
vn -0.8957 -0.2523 -0.3662
vn -0.8954 -0.2522 -0.3669
vn -0.8955 -0.2522 -0.3666
vn -0.8957 -0.2524 -0.3660
vn -0.8533 -0.3684 -0.3690
vn -0.8662 -0.3156 -0.3874
vn -0.8656 -0.3153 -0.3891
vn -0.8657 -0.3154 -0.3888
vn -0.8664 -0.3156 -0.3869
vn -0.8754 -0.2665 -0.4033
vn -0.8754 -0.2665 -0.4032
vn -0.8583 -0.5096 -0.0599
vn -0.8581 -0.5100 -0.0600
vn -0.8567 -0.5123 -0.0603
vn -0.8564 -0.5129 -0.0603
vn -0.8791 -0.4700 -0.0793
vn -0.8788 -0.4705 -0.0794
vn -0.8778 -0.4724 -0.0797
vn -0.8775 -0.4729 -0.0797
vn -0.8987 -0.4273 -0.0985
vn -0.8985 -0.4277 -0.0985
vn -0.8979 -0.4291 -0.0987
vn -0.8977 -0.4294 -0.0988
vn -0.9171 -0.3810 -0.1174
vn -0.9169 -0.3814 -0.1174
vn -0.9167 -0.3820 -0.1175
vn -0.8395 -0.5293 -0.1226
vn -0.8391 -0.5299 -0.1226
vn -0.8372 -0.5329 -0.1229
vn -0.8368 -0.5335 -0.1230
vn -0.8595 -0.4907 -0.1433
vn -0.8591 -0.4913 -0.1433
vn -0.8577 -0.4937 -0.1435
vn -0.8574 -0.4942 -0.1436
vn -0.8783 -0.4492 -0.1635
vn -0.8781 -0.4496 -0.1636
vn -0.8772 -0.4513 -0.1637
vn -0.8770 -0.4517 -0.1638
vn -0.8960 -0.4046 -0.1832
vn -0.8958 -0.4050 -0.1832
vn -0.8955 -0.4055 -0.1833
vn -0.8954 -0.4058 -0.1833
vn -0.9122 -0.3563 -0.2022
vn -0.9124 -0.3559 -0.2021
vn -0.9123 -0.3561 -0.2021
vn -0.8152 -0.5490 -0.1846
vn -0.8147 -0.5497 -0.1846
vn -0.8123 -0.5531 -0.1848
vn -0.8119 -0.5538 -0.1848
vn -0.8342 -0.5114 -0.2064
vn -0.8338 -0.5120 -0.2064
vn -0.8320 -0.5148 -0.2066
vn -0.8317 -0.5154 -0.2066
vn -0.8521 -0.4713 -0.2275
vn -0.8519 -0.4718 -0.2274
vn -0.8507 -0.4738 -0.2276
vn -0.8505 -0.4742 -0.2277
vn -0.8689 -0.4284 -0.2479
vn -0.8687 -0.4288 -0.2479
vn -0.8684 -0.4294 -0.2479
vn -0.8682 -0.4298 -0.2480
vn -0.8845 -0.3822 -0.2675
vn -0.8846 -0.3819 -0.2675
vn -0.8846 -0.3821 -0.2675
vn -0.8847 -0.3818 -0.2674
vn -0.7908 -0.5675 -0.2290
vn -0.7867 -0.5524 -0.2755
vn -0.7472 -0.6272 -0.2197
vn -0.7430 -0.6284 -0.2301
vn -0.7435 -0.6284 -0.2288
vn -0.7258 -0.6391 -0.2543
vn -0.6795 -0.7037 -0.2075
vn -0.6729 -0.6953 -0.2525
vn -0.6349 -0.7147 -0.2935
vn -0.6319 -0.7284 -0.2647
vn -0.6203 -0.7190 -0.3133
vn -0.8035 -0.5938 0.0420
vn -0.7934 -0.6087 -0.0043
vn -0.7915 -0.6111 -0.0046
vn -0.7918 -0.6107 -0.0046
vn -0.7937 -0.6083 -0.0042
vn -0.7761 -0.6276 -0.0616
vn -0.7731 -0.6312 -0.0619
vn -0.7736 -0.6307 -0.0619
vn -0.7766 -0.6270 -0.0616
vn -0.7537 -0.6464 -0.1187
vn -0.7498 -0.6509 -0.1188
vn -0.7504 -0.6502 -0.1189
vn -0.7543 -0.6457 -0.1186
vn -0.7221 -0.6698 -0.1732
vn -0.8954 -0.4117 0.1697
vn -0.8950 -0.4117 0.1719
vn -0.8955 -0.4117 0.1690
vn -0.9262 -0.3469 0.1476
vn -0.9258 -0.3674 0.0893
vn -0.9392 -0.3426 0.0234
vn -0.8918 -0.4482 0.0612
vn -0.8865 -0.4622 0.0217
vn -0.8425 -0.5361 0.0532
vn -0.8407 -0.5398 0.0432
vn -0.8423 -0.5366 0.0519
vn -0.8404 -0.5404 0.0415
vn -0.8249 -0.5646 0.0273
vn -0.8144 -0.5799 -0.0217
vn -0.8124 -0.5827 -0.0220
vn -0.8127 -0.5823 -0.0220
vn -0.8148 -0.5794 -0.0216
vn -0.7968 -0.5987 -0.0810
vn -0.7938 -0.6027 -0.0814
vn -0.7943 -0.6021 -0.0813
vn -0.7974 -0.5980 -0.0810
vn -0.7740 -0.6175 -0.1401
vn -0.7702 -0.6222 -0.1402
vn -0.7708 -0.6215 -0.1403
vn -0.7746 -0.6167 -0.1400
vn -0.7509 -0.6349 -0.1817
vn -0.7166 -0.6810 -0.1508
vn -0.7562 -0.6375 0.1475
vn -0.7480 -0.6566 0.0966
vn -0.7486 -0.6559 0.0968
vn -0.7485 -0.6561 0.0968
vn -0.7478 -0.6568 0.0965
vn -0.7350 -0.6769 0.0391
vn -0.7335 -0.6786 0.0389
vn -0.7337 -0.6784 0.0389
vn -0.7352 -0.6767 0.0392
vn -0.7196 -0.6942 -0.0134
vn -0.7164 -0.6976 -0.0138
vn -0.7168 -0.6971 -0.0138
vn -0.7201 -0.6937 -0.0133
vn -0.6997 -0.7113 -0.0663
vn -0.6951 -0.7158 -0.0666
vn -0.6957 -0.7153 -0.0665
vn -0.7004 -0.7107 -0.0663
vn -0.6735 -0.7293 -0.1206
vn -0.6680 -0.7344 -0.1205
vn -0.6687 -0.7337 -0.1206
vn -0.6743 -0.7285 -0.1206
vn -0.9610 -0.0710 0.2672
vn -0.9728 -0.0990 0.2095
vn -0.9742 -0.0893 0.2074
vn -0.9741 -0.0898 0.2076
vn -0.9727 -0.0996 0.2095
vn -0.9821 -0.1207 0.1445
vn -0.9712 -0.1781 0.1581
vn -0.9717 -0.1706 0.1633
vn -0.9712 -0.1777 0.1585
vn -0.9718 -0.1700 0.1634
vn -0.9559 -0.2327 0.1794
vn -0.9565 -0.2264 0.1839
vn -0.9559 -0.2324 0.1798
vn -0.9566 -0.2259 0.1840
vn -0.9384 -0.2823 0.1993
vn -0.9392 -0.2771 0.2027
vn -0.9385 -0.2819 0.1994
vn -0.9392 -0.2768 0.2031
vn -0.9195 -0.3273 0.2178
vn -0.9202 -0.3234 0.2206
vn -0.9195 -0.3270 0.2180
vn -0.9203 -0.3230 0.2208
vn -0.8903 -0.3868 0.2403
vn -0.8948 -0.4117 0.1727
vn -0.8514 -0.5046 0.1432
vn -0.8072 -0.5653 0.1699
vn -0.8054 -0.5745 0.1456
vn -0.7899 -0.5998 0.1282
vn -0.7819 -0.6187 0.0761
vn -0.7820 -0.6187 0.0761
vn -0.7682 -0.6401 0.0153
vn -0.7666 -0.6420 0.0150
vn -0.7668 -0.6417 0.0150
vn -0.7684 -0.6398 0.0153
vn -0.7515 -0.6585 -0.0399
vn -0.7486 -0.6619 -0.0402
vn -0.7490 -0.6614 -0.0402
vn -0.7519 -0.6580 -0.0398
vn -0.7299 -0.6769 -0.0949
vn -0.7259 -0.6812 -0.0951
vn -0.7264 -0.6806 -0.0951
vn -0.7305 -0.6763 -0.0948
vn -0.7018 -0.6962 -0.1507
vn -0.6971 -0.7009 -0.1506
vn -0.6978 -0.7003 -0.1506
vn -0.7025 -0.6955 -0.1507
vn -0.8975 -0.3591 -0.2560
vn -0.8992 -0.3304 -0.2868
vn -0.9269 -0.3040 -0.2203
vn -0.9125 -0.3557 -0.2021
vn -0.9339 -0.3307 -0.1360
vn -0.9166 -0.3822 -0.1176
vn -0.9337 -0.3553 -0.0436
vn -0.9147 -0.4032 -0.0264
vn -0.9248 -0.3762 -0.0578
vn -0.8905 -0.4542 -0.0276
vn -0.8845 -0.4665 0.0073
vn -0.8694 -0.4941 -0.0081
vn -0.8473 -0.5310 0.0085
vn -0.8367 -0.5461 -0.0407
vn -0.8348 -0.5490 -0.0412
vn -0.8351 -0.5486 -0.0411
vn -0.8371 -0.5456 -0.0407
vn -0.8185 -0.5653 -0.1020
vn -0.8158 -0.5692 -0.1024
vn -0.8162 -0.5686 -0.1023
vn -0.8190 -0.5647 -0.1020
vn -0.7949 -0.5845 -0.1627
vn -0.7916 -0.5890 -0.1628
vn -0.7921 -0.5883 -0.1628
vn -0.7955 -0.5837 -0.1626
vn -0.7699 -0.6032 -0.2085
vn -0.7489 -0.6260 -0.2176
vn -0.7484 -0.6262 -0.2184
vn -0.7139 -0.6733 -0.1926
vn -0.6840 -0.6914 -0.2326
vn -0.6597 -0.7222 -0.2081
vn -0.6603 -0.7216 -0.2082
vn -0.6646 -0.7175 -0.2086
vn -0.6654 -0.7167 -0.2087
vn -0.6324 -0.7543 -0.1764
vn -0.6332 -0.7536 -0.1764
vn -0.6383 -0.7492 -0.1769
vn -0.6391 -0.7485 -0.1770
vn -0.9918 -0.1247 -0.0287
vn -0.9828 -0.1510 -0.1067
vn -0.9825 -0.1522 -0.1073
vn -0.9828 -0.1508 -0.1067
vn -0.9830 -0.1496 -0.1061
vn -0.9678 -0.1768 -0.1793
vn -0.9679 -0.1764 -0.1791
vn -0.9677 -0.1772 -0.1795
vn -0.9478 -0.2032 -0.2459
vn -0.9481 -0.2021 -0.2454
vn -0.9477 -0.2033 -0.2459
vn -0.9474 -0.2043 -0.2464
vn -0.9281 -0.2239 -0.2974
vn -0.9207 -0.2674 -0.2843
vn -0.9038 -0.2829 -0.3210
vn -0.8912 -0.3389 -0.3014
vn -0.8635 -0.3599 -0.3534
vn -0.8495 -0.4087 -0.3337
vn -0.8495 -0.4086 -0.3337
vn -0.8337 -0.4546 -0.3135
vn -0.8339 -0.4543 -0.3135
vn -0.8346 -0.4529 -0.3134
vn -0.8348 -0.4526 -0.3134
vn -0.8169 -0.4972 -0.2923
vn -0.8172 -0.4967 -0.2923
vn -0.8187 -0.4944 -0.2923
vn -0.8190 -0.4938 -0.2922
vn -0.7991 -0.5372 -0.2701
vn -0.7995 -0.5365 -0.2700
vn -0.8016 -0.5334 -0.2700
vn -0.8021 -0.5327 -0.2701
vn -0.7825 -0.5705 -0.2494
vn -0.7528 -0.5894 -0.2931
vn -0.7232 -0.6392 -0.2614
vn -0.7178 -0.6424 -0.2685
vn -0.7227 -0.6395 -0.2622
vn -0.7169 -0.6429 -0.2695
vn -0.6944 -0.6647 -0.2757
vn -0.6657 -0.6797 -0.3079
vn -0.6656 -0.6798 -0.3081
vn -0.6695 -0.6764 -0.3072
vn -0.6696 -0.6762 -0.3072
vn -0.6376 -0.6916 -0.3394
vn -0.6374 -0.6916 -0.3397
vn -0.6411 -0.6885 -0.3390
vn -0.6413 -0.6882 -0.3391
vn -0.6056 -0.7034 -0.3722
vn -0.6054 -0.7038 -0.3715
vn -0.6090 -0.7006 -0.3717
vn -0.6094 -0.7006 -0.3712
vn -0.5698 -0.7161 -0.4032
vn -0.5696 -0.7162 -0.4032
vn -0.5733 -0.7134 -0.4030
vn -0.5735 -0.7132 -0.4030
vn -0.5308 -0.7274 -0.4349
vn -0.5289 -0.7288 -0.4348
vn -0.5324 -0.7263 -0.4348
vn -0.5325 -0.7262 -0.4349
vn -0.4847 -0.7402 -0.4659
vn -0.4831 -0.7414 -0.4658
vn -0.4861 -0.7393 -0.4661
vn -0.4862 -0.7392 -0.4661
vn -0.4340 -0.7525 -0.4954
vn -0.4326 -0.7535 -0.4951
vn -0.4352 -0.7517 -0.4955
vn -0.4353 -0.7516 -0.4956
vn -0.3795 -0.7638 -0.5222
vn -0.3783 -0.7645 -0.5219
vn -0.3794 -0.7639 -0.5221
vn -0.3805 -0.7631 -0.5224
vn -0.3219 -0.7737 -0.5457
vn -0.3210 -0.7742 -0.5454
vn -0.3218 -0.7737 -0.5457
vn -0.3228 -0.7731 -0.5460
vn -0.2617 -0.7820 -0.5656
vn -0.2610 -0.7825 -0.5654
vn -0.2616 -0.7821 -0.5656
vn -0.2623 -0.7816 -0.5659
vn -0.2013 -0.7884 -0.5812
vn -0.2008 -0.7887 -0.5810
vn -0.2013 -0.7885 -0.5812
vn -0.2018 -0.7882 -0.5814
vn -0.1411 -0.7930 -0.5926
vn -0.1408 -0.7932 -0.5924
vn -0.1411 -0.7931 -0.5926
vn -0.1414 -0.7929 -0.5927
vn -0.0825 -0.7959 -0.5998
vn -0.0823 -0.7960 -0.5997
vn -0.0827 -0.7958 -0.5999
vn -0.0036 -0.7971 -0.6039
vn -0.0170 -0.7923 -0.6100
vn -0.6078 -0.6480 0.4591
vn -0.6296 -0.7209 0.2897
vn -0.6210 -0.7186 0.3130
vn -0.6339 -0.6950 0.3394
vn -0.6280 -0.6643 0.4053
vn -0.6846 -0.6197 0.3837
vn -0.6661 -0.5724 0.4783
vn -0.7310 -0.5068 0.4569
vn -0.7042 -0.4619 0.5392
vn -0.7328 -0.3795 0.5648
vn -0.5929 -0.6139 0.5212
vn -0.5918 -0.6092 0.5279
vn -0.5925 -0.6122 0.5236
vn -0.5914 -0.6077 0.5300
vn -0.5535 -0.6357 0.5381
vn -0.5185 -0.7055 0.4831
vn -0.5455 -0.6753 0.4964
vn -0.5458 -0.6741 0.4976
vn -0.5456 -0.6750 0.4966
vn -0.5459 -0.6739 0.4978
vn -0.5049 -0.6987 0.5069
vn -0.5055 -0.6937 0.5131
vn -0.5049 -0.6978 0.5081
vn -0.6849 -0.7165 0.1328
vn -0.6971 -0.6898 0.1957
vn -0.6945 -0.6927 0.1947
vn -0.6948 -0.6924 0.1948
vn -0.6973 -0.6895 0.1959
vn -0.7004 -0.6623 0.2660
vn -0.3124 -0.8569 0.4100
vn -0.2735 -0.8228 0.4982
vn -0.0715 -0.8905 0.4493
vn -0.0765 -0.8728 0.4821
vn -0.0772 -0.8713 0.4846
vn -0.0754 -0.8743 0.4796
vn -0.0752 -0.8719 0.4838
vn -0.0748 -0.8727 0.4824
vn -0.0745 -0.8737 0.4806
vn -0.6732 -0.7351 0.0805
vn -0.7845 -0.3476 0.5135
vn -0.8077 -0.3780 0.4524
vn -0.8078 -0.3781 0.4522
vn -0.7716 -0.4318 0.4670
vn -0.7970 -0.4777 0.3696
vn -0.7963 -0.4775 0.3714
vn -0.7946 -0.4767 0.3760
vn -0.7399 -0.5450 0.3942
vn -0.7524 -0.5871 0.2988
vn -0.6836 -0.6508 0.3304
vn -0.6847 -0.6615 0.3059
vn -0.6654 -0.6947 0.2731
vn -0.6597 -0.7216 0.2099
vn -0.6622 -0.7190 0.2111
vn -0.6620 -0.7192 0.2108
vn -0.6594 -0.7219 0.2099
vn -0.6440 -0.7554 0.1209
vn -0.6677 -0.7307 0.1422
vn -0.6591 -0.7440 0.1096
vn -0.6399 -0.7613 0.1050
vn -0.6559 -0.7541 0.0345
vn -0.6563 -0.7537 0.0345
vn -0.6601 -0.7503 0.0351
vn -0.6606 -0.7499 0.0352
vn -0.6226 -0.7803 0.0601
vn -0.6230 -0.7799 0.0602
vn -0.6271 -0.7765 0.0609
vn -0.6276 -0.7762 0.0609
vn -0.5917 -0.8018 0.0836
vn -0.6508 -0.5365 0.5372
vn -0.6728 -0.5807 0.4584
vn -0.6017 -0.6386 0.4797
vn -0.6082 -0.6577 0.4445
vn -0.5933 -0.6980 0.4010
vn -0.5958 -0.7362 0.3209
vn -0.5983 -0.7334 0.3227
vn -0.5932 -0.7391 0.3190
vn -0.5856 -0.7834 0.2081
vn -0.6047 -0.7622 0.2312
vn -0.5960 -0.7824 0.1807
vn -0.5959 -0.7825 0.1806
vn -0.5961 -0.7823 0.1808
vn -0.5841 -0.7999 0.1376
vn -0.5837 -0.8003 0.1373
vn -0.5869 -0.7975 0.1397
vn -0.5873 -0.7971 0.1401
vn -0.5781 -0.8075 0.1169
vn -0.5579 -0.8222 0.1126
vn -0.6365 -0.7712 -0.0135
vn -0.6371 -0.7707 -0.0135
vn -0.6422 -0.7665 -0.0130
vn -0.6428 -0.7659 -0.0129
vn -0.6041 -0.7968 0.0147
vn -0.6046 -0.7964 0.0146
vn -0.6102 -0.7921 0.0152
vn -0.6108 -0.7916 0.0153
vn -0.5705 -0.8202 0.0431
vn -0.5709 -0.8199 0.0431
vn -0.5769 -0.8156 0.0438
vn -0.5775 -0.8152 0.0439
vn -0.5358 -0.8413 0.0717
vn -0.5361 -0.8411 0.0722
vn -0.5423 -0.8370 0.0729
vn -0.5429 -0.8367 0.0727
vn -0.5041 -0.8581 0.0976
vn -0.5057 -0.6922 0.5149
vn -0.5259 -0.7853 0.3267
vn -0.5368 -0.7414 0.4028
vn -0.5387 -0.7711 0.3394
vn -0.5396 -0.7697 0.3412
vn -0.5356 -0.7759 0.3333
vn -0.5347 -0.7774 0.3313
vn -0.5297 -0.8058 0.2649
vn -0.5301 -0.8053 0.2655
vn -0.5277 -0.8079 0.2623
vn -0.5272 -0.8085 0.2616
vn -0.5193 -0.8260 0.2193
vn -0.5192 -0.8261 0.2191
vn -0.5193 -0.8260 0.2192
vn -0.5194 -0.8259 0.2194
vn -0.5089 -0.8411 0.1834
vn -0.5084 -0.8415 0.1830
vn -0.5114 -0.8391 0.1855
vn -0.5120 -0.8386 0.1860
vn -0.4969 -0.8549 0.1492
vn -0.4960 -0.8555 0.1486
vn -0.5017 -0.8515 0.1526
vn -0.5029 -0.8507 0.1533
vn -0.4929 -0.8595 0.1354
vn -0.4693 -0.8734 0.1306
vn -0.3542 -0.8756 0.3285
vn -0.3545 -0.8756 0.3281
vn -0.3544 -0.8756 0.3283
vn -0.3704 -0.8833 0.2873
vn -0.3601 -0.8969 0.2566
vn -0.3516 -0.8965 0.2695
vn -0.3579 -0.9026 0.2392
vn -0.0296 -0.8683 0.4952
vn -0.0293 -0.8684 0.4949
vn -0.1006 -0.8758 0.4720
vn -0.0764 -0.8955 0.4385
vn -0.1549 -0.9018 0.4035
vn -0.1126 -0.9247 0.3637
vn -0.1812 -0.9289 0.3229
vn -0.1406 -0.9464 0.2908
vn -0.1213 -0.9046 0.4087
vn -0.1302 -0.8927 0.4314
vn -0.1181 -0.9000 0.4195
vn -0.1237 -0.8792 0.4602
vn -0.1243 -0.8783 0.4618
vn -0.1226 -0.8809 0.4571
vn -0.1221 -0.8818 0.4555
vn -0.1237 -0.8632 0.4894
vn -0.1387 -0.8164 0.5605
vn -0.1657 -0.9749 0.1490
vn -0.1568 -0.9763 0.1490
vn -0.1552 -0.9766 0.1489
vn -0.2021 -0.9638 0.1741
vn -0.1872 -0.9670 0.1726
vn -0.2303 -0.9520 0.2014
vn -0.2141 -0.9565 0.1983
vn -0.2520 -0.9402 0.2293
vn -0.2356 -0.9455 0.2246
vn -0.2670 -0.9290 0.2562
vn -0.2515 -0.9349 0.2503
vn -0.2758 -0.9193 0.2807
vn -0.2622 -0.9253 0.2741
vn -0.2841 -0.9077 0.3087
vn -0.2694 -0.9135 0.3050
vn -0.2806 -0.8965 0.3429
vn -0.2831 -0.8953 0.3439
vn -0.2828 -0.8955 0.3438
vn -0.2780 -0.8977 0.3418
vn -0.2850 -0.8704 0.4015
vn -0.2848 -0.8706 0.4011
vn -0.2858 -0.8696 0.4026
vn -0.2860 -0.8694 0.4029
vn -0.2864 -0.8483 0.4453
vn -0.3644 -0.8297 0.4230
vn -0.3603 -0.7979 0.4833
vn -0.3589 -0.8173 0.4508
vn -0.1542 -0.9855 0.0703
vn -0.1556 -0.9853 0.0706
vn -0.1563 -0.9852 0.0707
vn -0.2016 -0.9753 0.0898
vn -0.1878 -0.9783 0.0879
vn -0.2430 -0.9629 0.1177
vn -0.2265 -0.9673 0.1137
vn -0.2770 -0.9495 0.1477
vn -0.2593 -0.9554 0.1416
vn -0.3036 -0.9359 0.1786
vn -0.2860 -0.9429 0.1705
vn -0.3229 -0.9232 0.2085
vn -0.3067 -0.9307 0.1992
vn -0.3355 -0.9120 0.2360
vn -0.2699 -0.9441 0.1893
vn -0.3158 -0.9073 0.2776
vn -0.3264 -0.9030 0.2794
vn -0.3252 -0.9035 0.2792
vn -0.3152 -0.9075 0.2775
vn -0.3304 -0.8873 0.3217
vn -0.3540 -0.8756 0.3288
vn -0.3597 -0.8525 0.3792
vn -0.3589 -0.8537 0.3773
vn -0.3613 -0.8499 0.3836
vn -0.3620 -0.8488 0.3854
vn -0.3615 -0.8221 0.4398
vn -0.1754 -0.8695 0.4616
vn -0.1747 -0.8822 0.4373
vn -0.1746 -0.8826 0.4366
vn -0.1755 -0.8812 0.4390
vn -0.1760 -0.8808 0.4397
vn -0.1694 -0.9044 0.3915
vn -0.1803 -0.8989 0.3993
vn -0.1695 -0.9131 0.3707
vn -0.1920 -0.9041 0.3817
vn -0.1703 -0.9214 0.3493
vn -0.1833 -0.9155 0.3580
vn -0.1201 -0.9139 0.3878
vn -0.1459 -0.8933 0.4251
vn -0.0765 -0.8898 0.4498
vn -0.0830 -0.8811 0.4655
vn -0.0239 -0.8757 0.4823
vn -0.1560 -0.9634 0.2182
vn -0.1992 -0.9484 0.2468
vn -0.1788 -0.9538 0.2414
vn -0.2174 -0.9372 0.2727
vn -0.1967 -0.9439 0.2652
vn -0.2290 -0.9269 0.2973
vn -0.2095 -0.9343 0.2883
vn -0.2347 -0.9182 0.3192
vn -0.2175 -0.9257 0.3094
vn -0.2391 -0.9086 0.3425
vn -0.2206 -0.9157 0.3359
vn -0.2322 -0.8998 0.3694
vn -0.2328 -0.8996 0.3695
vn -0.2288 -0.9015 0.3674
vn -0.2248 -0.9033 0.3653
vn -0.2314 -0.8782 0.4187
vn -0.2315 -0.8781 0.4188
vn -0.2314 -0.8781 0.4188
vn -0.2313 -0.8782 0.4187
vn -0.2326 -0.8398 0.4906
vn -0.2427 -0.8148 0.5266
vn -0.1549 -0.9863 -0.0572
vn -0.1533 -0.9865 -0.0569
vn -0.1529 -0.9866 -0.0570
vn -0.1853 -0.9816 -0.0466
vn -0.1858 -0.9815 -0.0467
vn -0.1834 -0.9819 -0.0464
vn -0.1828 -0.9821 -0.0465
vn -0.2153 -0.9760 -0.0343
vn -0.2159 -0.9758 -0.0343
vn -0.2129 -0.9765 -0.0342
vn -0.2122 -0.9766 -0.0342
vn -0.2596 -0.9656 -0.0140
vn -0.2599 -0.9655 -0.0138
vn -0.2571 -0.9663 -0.0132
vn -0.2541 -0.9671 -0.0126
vn -0.3112 -0.9502 0.0189
vn -0.3115 -0.9500 0.0191
vn -0.3079 -0.9512 0.0195
vn -0.3042 -0.9524 0.0198
vn -0.3533 -0.9340 0.0539
vn -0.3537 -0.9338 0.0542
vn -0.3496 -0.9353 0.0543
vn -0.3454 -0.9369 0.0543
vn -0.3869 -0.9177 0.0899
vn -0.3872 -0.9176 0.0904
vn -0.3829 -0.9194 0.0901
vn -0.3786 -0.9212 0.0897
vn -0.4086 -0.9045 0.1219
vn -0.4502 -0.8879 0.0941
vn -0.4501 -0.8881 0.0936
vn -0.4461 -0.8901 0.0936
vn -0.4420 -0.8921 0.0931
vn -0.4867 -0.8713 0.0623
vn -0.4863 -0.8716 0.0620
vn -0.4788 -0.8758 0.0607
vn -0.4785 -0.8759 0.0615
vn -0.5218 -0.8525 0.0306
vn -0.5213 -0.8528 0.0305
vn -0.5139 -0.8573 0.0299
vn -0.5136 -0.8575 0.0301
vn -0.5555 -0.8315 -0.0008
vn -0.5549 -0.8319 -0.0010
vn -0.5479 -0.8366 -0.0013
vn -0.5474 -0.8369 -0.0012
vn -0.5878 -0.8084 -0.0319
vn -0.5870 -0.8089 -0.0318
vn -0.5806 -0.8136 -0.0319
vn -0.5800 -0.8140 -0.0321
vn -0.6187 -0.7831 -0.0626
vn -0.6179 -0.7837 -0.0625
vn -0.6119 -0.7884 -0.0626
vn -0.6113 -0.7889 -0.0627
vn -0.1648 -0.9863 0.0002
vn -0.1627 -0.9867 0.0004
vn -0.1622 -0.9868 0.0004
vn -0.1917 -0.9814 0.0114
vn -0.1924 -0.9812 0.0114
vn -0.1893 -0.9819 0.0114
vn -0.1886 -0.9820 0.0114
vn -0.2319 -0.9723 0.0300
vn -0.2323 -0.9722 0.0299
vn -0.2266 -0.9735 0.0310
vn -0.2264 -0.9735 0.0309
vn -0.2789 -0.9584 0.0600
vn -0.2795 -0.9583 0.0599
vn -0.2725 -0.9603 0.0605
vn -0.2721 -0.9604 0.0603
vn -0.3180 -0.9436 0.0923
vn -0.3186 -0.9434 0.0921
vn -0.3105 -0.9461 0.0922
vn -0.3102 -0.9462 0.0918
vn -0.3493 -0.9286 0.1251
vn -0.3498 -0.9284 0.1254
vn -0.3416 -0.9316 0.1240
vn -0.3412 -0.9317 0.1243
vn -0.3734 -0.9141 0.1581
vn -0.4027 -0.9005 0.1641
vn -0.4101 -0.8951 0.1752
vn -0.4119 -0.8940 0.1763
vn -0.4037 -0.8987 0.1712
vn -0.4021 -0.8996 0.1703
vn -0.4219 -0.8832 0.2048
vn -0.4232 -0.8824 0.2058
vn -0.4174 -0.8861 0.2014
vn -0.4163 -0.8868 0.2006
vn -0.4298 -0.8727 0.2316
vn -0.4305 -0.8722 0.2323
vn -0.4275 -0.8744 0.2295
vn -0.4269 -0.8748 0.2289
vn -0.4364 -0.8619 0.2584
vn -0.4364 -0.8618 0.2584
vn -0.4363 -0.8619 0.2583
vn -0.4361 -0.8621 0.2581
vn -0.4436 -0.8468 0.2935
vn -0.4431 -0.8473 0.2927
vn -0.4453 -0.8451 0.2959
vn -0.4458 -0.8446 0.2966
vn -0.4515 -0.8187 0.3548
vn -0.4506 -0.8201 0.3526
vn -0.4542 -0.8146 0.3608
vn -0.4551 -0.8132 0.3628
vn -0.4539 -0.7901 0.4119
vn -0.4394 -0.8425 0.3115
vn -0.4279 -0.7585 0.4915
vn -0.4373 -0.7171 0.5427
vn -0.8228 -0.2879 0.4900
vn -0.8439 -0.3129 0.4358
vn -0.7939 -0.4765 0.3777
vn -0.8077 -0.5160 0.2853
vn -0.7480 -0.5843 0.3147
vn -0.7502 -0.5991 0.2797
vn -0.7330 -0.6326 0.2499
vn -0.7275 -0.6620 0.1805
vn -0.7304 -0.6585 0.1815
vn -0.7300 -0.6589 0.1815
vn -0.7272 -0.6624 0.1802
vn -0.7173 -0.6873 0.1145
vn -0.7175 -0.6871 0.1145
vn -0.7172 -0.6874 0.1145
vn -0.7170 -0.6876 0.1144
vn -0.7049 -0.7067 0.0605
vn -0.7031 -0.7085 0.0600
vn -0.7034 -0.7083 0.0602
vn -0.7052 -0.7064 0.0605
vn -0.6906 -0.7231 0.0106
vn -0.6869 -0.7267 0.0100
vn -0.6874 -0.7263 0.0101
vn -0.6911 -0.7227 0.0107
vn -0.6717 -0.7397 -0.0400
vn -0.6666 -0.7443 -0.0404
vn -0.6672 -0.7438 -0.0404
vn -0.6724 -0.7391 -0.0400
vn -0.6465 -0.7573 -0.0919
vn -0.6405 -0.7624 -0.0920
vn -0.6412 -0.7619 -0.0919
vn -0.6473 -0.7566 -0.0920
vn -0.6124 -0.7769 -0.1462
vn -0.6060 -0.7820 -0.1457
vn -0.6067 -0.7814 -0.1457
vn -0.6132 -0.7762 -0.1463
vn -0.5674 -0.7984 -0.2016
vn -0.5613 -0.8030 -0.2004
vn -0.5619 -0.8025 -0.2007
vn -0.5682 -0.7978 -0.2016
vn -0.5208 -0.8188 -0.2416
vn -0.5204 -0.8190 -0.2417
vn -0.5247 -0.8164 -0.2412
vn -0.5251 -0.8161 -0.2413
vn -0.4887 -0.8301 -0.2686
vn -0.4883 -0.8303 -0.2685
vn -0.4922 -0.8281 -0.2685
vn -0.4926 -0.8278 -0.2684
vn -0.4519 -0.8418 -0.2952
vn -0.4517 -0.8420 -0.2951
vn -0.4551 -0.8401 -0.2952
vn -0.4555 -0.8399 -0.2952
vn -0.4109 -0.8534 -0.3208
vn -0.4107 -0.8535 -0.3207
vn -0.4135 -0.8520 -0.3210
vn -0.4138 -0.8519 -0.3210
vn -0.3663 -0.8644 -0.3445
vn -0.3660 -0.8645 -0.3446
vn -0.3683 -0.8634 -0.3448
vn -0.3684 -0.8633 -0.3450
vn -0.3186 -0.8742 -0.3664
vn -0.3185 -0.8744 -0.3660
vn -0.3201 -0.8735 -0.3668
vn -0.3204 -0.8735 -0.3665
vn -0.2697 -0.8827 -0.3848
vn -0.2690 -0.8830 -0.3845
vn -0.2700 -0.8827 -0.3847
vn -0.2702 -0.8825 -0.3849
vn -0.2181 -0.8901 -0.4001
vn -0.2177 -0.8903 -0.4000
vn -0.2180 -0.8902 -0.4001
vn -0.2185 -0.8900 -0.4003
vn -0.1670 -0.8958 -0.4119
vn -0.1668 -0.8959 -0.4118
vn -0.1669 -0.8958 -0.4119
vn -0.1672 -0.8957 -0.4120
vn -0.1166 -0.8998 -0.4204
vn -0.1165 -0.8999 -0.4203
vn -0.1165 -0.8998 -0.4204
vn -0.0679 -0.9023 -0.4256
vn -0.0679 -0.9024 -0.4256
vn -0.0270 -0.9035 -0.4278
vn -0.0135 -0.9243 -0.3814
vn 0.0044 -0.9285 -0.3712
vn -0.0279 -0.9427 -0.3325
vn 0.0023 -0.9587 -0.2844
vn -0.0552 -0.9579 -0.2817
vn -0.0506 -0.9716 -0.2313
vn -0.0878 -0.9698 -0.2276
vn -0.0797 -0.9809 -0.1772
vn -0.1158 -0.9783 -0.1718
vn -0.1040 -0.9871 -0.1219
vn -0.1384 -0.9837 -0.1149
vn -0.1227 -0.9903 -0.0656
vn -0.1553 -0.9862 -0.0573
vn -0.1355 -0.9907 -0.0090
vn -0.1654 -0.9862 0.0002
vn -0.1350 -0.9890 0.0599
vn -0.1535 -0.9856 0.0702
vn -0.1202 -0.9843 0.1289
vn -0.1677 -0.9745 0.1489
vn -0.1291 -0.9719 0.1969
vn -0.1750 -0.9594 0.2214
vn -0.1221 -0.9549 0.2706
vn -0.1666 -0.9395 0.2995
vn -0.1009 -0.9325 0.3468
vn -0.1436 -0.9138 0.3800
vn -0.0692 -0.9040 0.4218
vn -0.1118 -0.8804 0.4608
vn -0.9844 -0.0365 0.1723
vn -0.9923 -0.0423 0.1165
vn -0.9913 -0.0570 0.1187
vn -0.9876 -0.0386 0.1524
vn -0.9858 -0.0616 0.1562
vn -0.9600 -0.0561 0.2745
vn -0.9587 -0.0487 0.2803
vn -0.9597 -0.0546 0.2756
vn -0.9583 -0.0466 0.2819
vn -0.9600 -0.0276 0.2788
vn -0.9692 -0.0484 0.2415
vn -0.9710 -0.0248 0.2378
vn -0.9787 -0.0455 0.2001
vn -0.9794 -0.0366 0.1986
vn -0.9447 -0.0545 0.3233
vn -0.9472 -0.0306 0.3193
vn -0.9787 -0.0666 0.1940
vn -0.9809 -0.0431 0.1899
vn -0.9940 -0.0725 0.0820
vn -0.9961 -0.0430 0.0770
vn -0.9980 -0.0635 -0.0026
vn -0.9979 -0.0650 -0.0044
vn -0.9983 -0.0582 -0.0004
vn -0.9883 -0.0569 0.1413
vn -0.9954 -0.0837 0.0475
vn -0.9955 -0.0659 0.0679
vn -0.9963 -0.0855 0.0004
vn -0.9973 -0.0723 0.0150
vn -0.9954 -0.0884 -0.0370
vn -0.9955 -0.0873 -0.0358
vn -0.9951 -0.0910 -0.0397
vn -0.9946 -0.0946 -0.0435
vn -0.9754 -0.0349 -0.2176
vn -0.9765 -0.0353 -0.2125
vn -0.9754 -0.0343 -0.2177
vn -0.9824 -0.0251 -0.1853
vn -0.9819 -0.0294 -0.1873
vn -0.9835 -0.0260 -0.1789
vn -0.9837 -0.0213 -0.1786
vn -0.9874 -0.0218 -0.1567
vn -0.9874 -0.0229 -0.1566
vn -0.9885 -0.0237 -0.1495
vn -0.9912 -0.0160 -0.1316
vn -0.9930 -0.0174 -0.1166
vn -0.9935 -0.0222 -0.1113
vn -0.9677 -0.0416 -0.2487
vn -0.9696 -0.0383 -0.2415
vn -0.9683 -0.0374 -0.2471
vn -0.9700 -0.0338 -0.2406
vn -0.9691 -0.0680 -0.2372
vn -0.9819 -0.0541 -0.1816
vn -0.9265 -0.1139 -0.3585
vn -0.9365 -0.0905 -0.3387
vn -0.9365 -0.0908 -0.3386
vn -0.9367 -0.0881 -0.3389
vn -0.9367 -0.0880 -0.3389
vn -0.9186 -0.0986 -0.3828
vn -0.9176 -0.0997 -0.3849
vn -0.8979 -0.0982 -0.4291
vn -0.8854 -0.1037 -0.4531
vn -0.8722 -0.1026 -0.4783
vn -0.8579 -0.1081 -0.5024
vn -0.8413 -0.1067 -0.5300
vn -0.8249 -0.1120 -0.5541
vn -0.8046 -0.1101 -0.5835
vn -0.7860 -0.1153 -0.6073
vn -0.7617 -0.1129 -0.6380
vn -0.7409 -0.1178 -0.6612
vn -0.7125 -0.1147 -0.6922
vn -0.6893 -0.1193 -0.7146
vn -0.6568 -0.1154 -0.7452
vn -0.5943 -0.1256 -0.7943
vn -0.5945 -0.1221 -0.7948
vn -0.5944 -0.1237 -0.7946
vn -0.5945 -0.1220 -0.7948
vn -0.5516 -0.1169 -0.8259
vn -0.5515 -0.1238 -0.8250
vn -0.5514 -0.1205 -0.8255
vn -0.5513 -0.1241 -0.8250
vn -0.5034 -0.1176 -0.8560
vn -0.9682 -0.0419 -0.2468
vn -0.9696 -0.0419 -0.2411
vn -0.9758 -0.0355 -0.2157
vn -0.9772 -0.0356 -0.2094
vn -0.9824 -0.0296 -0.1847
vn -0.9837 -0.0297 -0.1774
vn -0.9878 -0.0241 -0.1539
vn -0.9891 -0.0242 -0.1452
vn -0.9916 -0.0195 -0.1281
vn -0.9933 -0.0198 -0.1140
vn -0.9930 -0.0204 -0.1164
vn -0.9953 -0.0208 -0.0950
vn -0.9934 -0.0253 -0.1116
vn -0.9965 -0.0254 -0.0795
vn -0.9956 -0.0282 -0.0898
vn -0.9988 -0.0392 -0.0308
vn -0.9936 -0.0876 -0.0716
vn -0.9892 -0.0987 -0.1083
vn -0.9866 -0.1107 -0.1202
vn -0.9839 -0.1046 -0.1451
vn -0.9770 -0.1151 -0.1795
vn -0.9981 -0.0503 0.0358
vn -0.9989 -0.0468 0.0070
vn -0.9987 -0.0505 -0.0067
vn -0.9982 -0.0421 -0.0431
vn -0.9963 -0.0417 -0.0752
vn -0.9961 -0.0422 -0.0772
vn -0.9967 -0.0405 -0.0710
vn -0.9968 -0.0400 -0.0690
vn -0.9948 -0.0401 -0.0932
vn -0.9949 -0.0399 -0.0923
vn -0.9946 -0.0407 -0.0953
vn -0.9945 -0.0409 -0.0961
vn -0.9930 -0.0407 -0.1110
vn -0.9904 -0.0461 -0.1304
vn -0.9900 -0.0461 -0.1331
vn -0.9892 -0.0460 -0.1394
vn -0.9888 -0.0459 -0.1421
vn -0.9850 -0.0521 -0.1647
vn -0.9846 -0.0521 -0.1669
vn -0.9837 -0.0520 -0.1721
vn -0.9833 -0.0520 -0.1743
vn -0.9784 -0.0585 -0.1982
vn -0.9780 -0.0585 -0.2001
vn -0.9772 -0.0584 -0.2043
vn -0.9768 -0.0584 -0.2062
vn -0.9708 -0.0651 -0.2309
vn -0.9704 -0.0651 -0.2326
vn -0.9695 -0.0650 -0.2363
vn -0.9691 -0.0650 -0.2380
vn -0.9591 -0.0751 -0.2730
vn -0.9599 -0.0737 -0.2706
vn -0.9570 -0.0787 -0.2793
vn -0.9589 -0.0484 -0.2796
vn -0.9605 -0.0485 -0.2740
vn -0.9597 -0.0482 -0.2768
vn -0.9584 -0.0477 -0.2814
vn -0.9584 -0.0470 -0.2815
vn -0.9495 -0.0515 -0.3096
vn -0.9500 -0.0465 -0.3088
vn -0.9476 -0.0501 -0.3154
vn -0.9501 -0.0886 -0.2990
vn -0.9484 -0.0869 -0.3048
vn -0.9488 -0.0873 -0.3035
vn -0.9506 -0.0891 -0.2972
vn -0.9483 -0.1143 -0.2962
vn -0.9480 -0.0881 -0.3058
vn -0.9469 -0.0555 -0.3167
vn -0.9474 -0.0557 -0.3151
vn -0.9493 -0.0558 -0.3094
vn -0.9487 -0.0792 -0.3062
vn -0.9564 -0.0797 -0.2810
vn -0.9557 -0.0960 -0.2782
vn -0.9558 -0.0959 -0.2780
vn -0.9563 -0.0938 -0.2770
vn -0.9702 -0.0826 -0.2279
vn -0.9739 -0.0877 -0.2094
vn -0.9717 -0.0944 -0.2164
vn -0.9735 -0.0889 -0.2108
vn -0.9774 -0.0835 -0.1940
vn -0.9778 -0.0835 -0.1921
vn -0.9787 -0.0836 -0.1877
vn -0.9790 -0.0836 -0.1858
vn -0.9840 -0.0766 -0.1606
vn -0.9844 -0.0767 -0.1583
vn -0.9852 -0.0767 -0.1530
vn -0.9856 -0.0768 -0.1507
vn -0.9895 -0.0700 -0.1263
vn -0.9899 -0.0700 -0.1235
vn -0.9907 -0.0701 -0.1169
vn -0.9910 -0.0701 -0.1140
vn -0.9937 -0.0640 -0.0921
vn -0.9953 -0.0635 -0.0737
vn -0.9950 -0.0642 -0.0762
vn -0.9958 -0.0619 -0.0681
vn -0.9960 -0.0612 -0.0654
vn -0.9973 -0.0611 -0.0407
vn -0.9973 -0.0611 -0.0409
vn -0.9973 -0.0609 -0.0402
vn -0.9973 -0.0609 -0.0401
vn -0.9982 -0.0604 -0.0044
vn -0.9983 -0.0587 0.0019
vn -0.9968 -0.0671 0.0445
vn -0.9928 -0.0493 0.1092
vn -0.9902 -0.0798 0.1147
vn -0.9727 -0.0481 0.2272
vn -0.1138 -0.0897 -0.9895
vn -0.1177 -0.0898 -0.9890
vn -0.1206 -0.0912 -0.9885
vn -0.1326 -0.0927 -0.9868
vn -0.1704 -0.0924 -0.9810
vn -0.1704 -0.0918 -0.9811
vn -0.1704 -0.0925 -0.9810
vn -0.1850 -0.0962 -0.9780
vn -0.1850 -0.0960 -0.9780
vn -0.1850 -0.0940 -0.9782
vn -0.2310 -0.0957 -0.9682
vn -0.2310 -0.0953 -0.9683
vn -0.2311 -0.0957 -0.9682
vn -0.2490 -0.1004 -0.9633
vn -0.2490 -0.1002 -0.9633
vn -0.2490 -0.0996 -0.9634
vn -0.2954 -0.0990 -0.9502
vn -0.3162 -0.1046 -0.9429
vn -0.3162 -0.1042 -0.9430
vn -0.3162 -0.1043 -0.9429
vn -0.3597 -0.1024 -0.9274
vn -0.3597 -0.1027 -0.9274
vn -0.3640 -0.1019 -0.9258
vn -0.3828 -0.1085 -0.9174
vn -0.3828 -0.1089 -0.9174
vn -0.3828 -0.1088 -0.9174
vn -0.4229 -0.1057 -0.9000
vn -0.4229 -0.1062 -0.8999
vn -0.4213 -0.1056 -0.9007
vn -0.4479 -0.1120 -0.8870
vn -0.4481 -0.1121 -0.8869
vn -0.4480 -0.1141 -0.8867
vn -0.4833 -0.1088 -0.8686
vn -0.4833 -0.1093 -0.8686
vn -0.4833 -0.1087 -0.8687
vn -0.5098 -0.1148 -0.8526
vn -0.5096 -0.1151 -0.8527
vn -0.5096 -0.1188 -0.8522
vn -0.5390 -0.1118 -0.8349
vn -0.5390 -0.1120 -0.8348
vn -0.5319 -0.1125 -0.8393
vn -0.5666 -0.1173 -0.8156
vn -0.5663 -0.1176 -0.8158
vn -0.5663 -0.1228 -0.8150
vn -0.5972 -0.1135 -0.7940
vn -0.5972 -0.1136 -0.7940
vn -0.6235 -0.1180 -0.7729
vn -0.6235 -0.1183 -0.7728
vn -0.6235 -0.1257 -0.7717
vn -0.6577 -0.1117 -0.7450
vn -0.6577 -0.1129 -0.7448
vn -0.6577 -0.1115 -0.7450
vn -0.6799 -0.1163 -0.7240
vn -0.6799 -0.1167 -0.7239
vn -0.6798 -0.1268 -0.7224
vn -0.7121 -0.1087 -0.6936
vn -0.7121 -0.1104 -0.6934
vn -0.7121 -0.1086 -0.6936
vn -0.7304 -0.1129 -0.6736
vn -0.7301 -0.1133 -0.6739
vn -0.7298 -0.1259 -0.6719
vn -0.7602 -0.1043 -0.6413
vn -0.7601 -0.1063 -0.6410
vn -0.7602 -0.1042 -0.6413
vn -0.7749 -0.1081 -0.6227
vn -0.8020 -0.0987 -0.5891
vn -0.8020 -0.1008 -0.5888
vn -0.8020 -0.0986 -0.5891
vn -0.8136 -0.1021 -0.5724
vn -0.8381 -0.0921 -0.5377
vn -0.8380 -0.0942 -0.5375
vn -0.8381 -0.0921 -0.5378
vn -0.8470 -0.0951 -0.5231
vn -0.8686 -0.0849 -0.4881
vn -0.8686 -0.0869 -0.4879
vn -0.8754 -0.0875 -0.4754
vn -0.8942 -0.0774 -0.4410
vn -0.8954 -0.0793 -0.4382
vn -0.8974 -0.0788 -0.4341
vn -0.8993 -0.0795 -0.4300
vn -0.9152 -0.0713 -0.3967
vn -0.9161 -0.0713 -0.3945
vn -0.9182 -0.0715 -0.3896
vn -0.9191 -0.0715 -0.3874
vn -0.9552 -0.1364 -0.2626
vn -0.9549 -0.1375 -0.2632
vn -0.9553 -0.1362 -0.2625
vn -0.9571 -0.1064 -0.2697
vn -0.9568 -0.1062 -0.2705
vn -0.9559 -0.1102 -0.2724
vn -0.9308 -0.1232 -0.3442
vn -0.9303 -0.1193 -0.3470
vn -0.9307 -0.1244 -0.3439
vn -0.9303 -0.1186 -0.3470
vn -0.9213 -0.1109 -0.3726
vn -0.9052 -0.1164 -0.4088
vn -0.9042 -0.1352 -0.4052
vn -0.9062 -0.1319 -0.4017
vn -0.9046 -0.1345 -0.4045
vn -0.9317 -0.1205 -0.3427
vn -0.9291 -0.1566 -0.3350
vn -0.9297 -0.1550 -0.3342
vn -0.9296 -0.1551 -0.3343
vn -0.9556 -0.1351 -0.2619
vn -0.7636 -0.5249 -0.3760
vn -0.7627 -0.5260 -0.3763
vn -0.7626 -0.5261 -0.3764
vn -0.7617 -0.5272 -0.3767
vn -0.7782 -0.4852 -0.3987
vn -0.7776 -0.4860 -0.3989
vn -0.7776 -0.4860 -0.3990
vn -0.7770 -0.4868 -0.3992
vn -0.7918 -0.4432 -0.4203
vn -0.7915 -0.4435 -0.4205
vn -0.7913 -0.4439 -0.4206
vn -0.8042 -0.3988 -0.4407
vn -0.8043 -0.3986 -0.4407
vn -0.8045 -0.3984 -0.4406
vn -0.8162 -0.3479 -0.4612
vn -0.8163 -0.3478 -0.4611
vn -0.8164 -0.3477 -0.4610
vn -0.8165 -0.3476 -0.4610
vn -0.8265 -0.2936 -0.4804
vn -0.8254 -0.2949 -0.4814
vn -0.8262 -0.2939 -0.4806
vn -0.8252 -0.2951 -0.4816
vn -0.8324 -0.2435 -0.4978
vn -0.8574 -0.2318 -0.4596
vn -0.8576 -0.2320 -0.4591
vn -0.8586 -0.2325 -0.4570
vn -0.8619 -0.1867 -0.4715
vn -0.8851 -0.1764 -0.4306
vn -0.8855 -0.1759 -0.4301
vn -0.8835 -0.1787 -0.4329
vn -0.8832 -0.1792 -0.4334
vn -0.9052 -0.1679 -0.3903
vn -0.9055 -0.1675 -0.3899
vn -0.9042 -0.1696 -0.3921
vn -0.1292 -0.0910 -0.9874
vn -0.1382 -0.0911 -0.9862
vn -0.1426 -0.0935 -0.9854
vn -0.1445 -0.0951 -0.9849
vn -0.2017 -0.0987 -0.9745
vn -0.2030 -0.0961 -0.9745
vn -0.2086 -0.0992 -0.9730
vn -0.2112 -0.1011 -0.9722
vn -0.2694 -0.1044 -0.9573
vn -0.2707 -0.1020 -0.9572
vn -0.2772 -0.1056 -0.9550
vn -0.2805 -0.1079 -0.9538
vn -0.3395 -0.1102 -0.9341
vn -0.3393 -0.1074 -0.9345
vn -0.3394 -0.1078 -0.9345
vn -0.3518 -0.1149 -0.9290
vn -0.4080 -0.1149 -0.9057
vn -0.4080 -0.1139 -0.9059
vn -0.4080 -0.1141 -0.9058
vn -0.4213 -0.1219 -0.8987
vn -0.4744 -0.1206 -0.8720
vn -0.4744 -0.1202 -0.8721
vn -0.4744 -0.1207 -0.8720
vn -0.4882 -0.1282 -0.8633
vn -0.5370 -0.1257 -0.8342
vn -0.5370 -0.1259 -0.8341
vn -0.5370 -0.1256 -0.8342
vn -0.5509 -0.1338 -0.8238
vn -0.5941 -0.1301 -0.7938
vn -0.5941 -0.1309 -0.7936
vn -0.5941 -0.1307 -0.7937
vn -0.6078 -0.1386 -0.7819
vn -0.6488 -0.1315 -0.7495
vn -0.6490 -0.1347 -0.7488
vn -0.6489 -0.1343 -0.7489
vn -0.6616 -0.1418 -0.7364
vn -0.7011 -0.1315 -0.7008
vn -0.7013 -0.1369 -0.6996
vn -0.7012 -0.1365 -0.6998
vn -0.7119 -0.1430 -0.6876
vn -0.7481 -0.1297 -0.6508
vn -0.7478 -0.1372 -0.6496
vn -0.7479 -0.1365 -0.6496
vn -0.7564 -0.1423 -0.6384
vn -0.7885 -0.1359 -0.5998
vn -0.7896 -0.1366 -0.5982
vn -0.7943 -0.1395 -0.5914
vn -0.7954 -0.1401 -0.5897
vn -0.8239 -0.1330 -0.5510
vn -0.8247 -0.1335 -0.5495
vn -0.8284 -0.1358 -0.5435
vn -0.8292 -0.1364 -0.5420
vn -0.8544 -0.1288 -0.5034
vn -0.8551 -0.1292 -0.5021
vn -0.8578 -0.1311 -0.4969
vn -0.8585 -0.1315 -0.4957
vn -0.8838 -0.1223 -0.4516
vn -0.8829 -0.1418 -0.4477
vn -0.9066 -0.1313 -0.4010
vn -0.9039 -0.1700 -0.3925
vn -0.9302 -0.1535 -0.3335
vn -0.1850 -0.0938 -0.9783
vn -0.2019 -0.0990 -0.9744
vn -0.2490 -0.0986 -0.9635
vn -0.2694 -0.1046 -0.9573
vn -0.3162 -0.1039 -0.9430
vn -0.3394 -0.1104 -0.9342
vn -0.3828 -0.1092 -0.9173
vn -0.4080 -0.1160 -0.9056
vn -0.4479 -0.1143 -0.8867
vn -0.4744 -0.1211 -0.8720
vn -0.5098 -0.1190 -0.8520
vn -0.5370 -0.1255 -0.8342
vn -0.5666 -0.1231 -0.8147
vn -0.5941 -0.1291 -0.7939
vn -0.6234 -0.1261 -0.7717
vn -0.6490 -0.1313 -0.7494
vn -0.6798 -0.1271 -0.7223
vn -0.7014 -0.1312 -0.7006
vn -0.7302 -0.1263 -0.6715
vn -0.7480 -0.1294 -0.6510
vn -0.7745 -0.1238 -0.6203
vn -0.7888 -0.1260 -0.6016
vn -0.8131 -0.1198 -0.5697
vn -0.8242 -0.1214 -0.5531
vn -0.8464 -0.1145 -0.5201
vn -0.8549 -0.1156 -0.5057
vn -0.8748 -0.1083 -0.4723
vn -0.8763 -0.1084 -0.4694
vn -0.8797 -0.1088 -0.4630
vn -0.8812 -0.1090 -0.4600
vn -0.8986 -0.1014 -0.4269
vn -0.8998 -0.1015 -0.4244
vn -0.9023 -0.1018 -0.4190
vn -0.9034 -0.1019 -0.4165
vn -0.9184 -0.0942 -0.3842
vn -0.9193 -0.0943 -0.3821
vn -0.9212 -0.0945 -0.3776
vn -0.9220 -0.0945 -0.3755
vn -0.0954 -0.0879 -0.9915
vn -0.1138 -0.0905 -0.9894
vn -0.1445 -0.0898 -0.9854
vn -0.1704 -0.0931 -0.9810
vn -0.1975 -0.0922 -0.9760
vn -0.2311 -0.0961 -0.9682
vn -0.2542 -0.0950 -0.9625
vn -0.2954 -0.0991 -0.9502
vn -0.3110 -0.0982 -0.9453
vn -0.4833 -0.1082 -0.8687
vn -0.4691 -0.1097 -0.8763
vn -0.5972 -0.1134 -0.7940
vn -0.6357 -0.1074 -0.7644
vn -0.6577 -0.1103 -0.7451
vn -0.6898 -0.1043 -0.7165
vn -0.7122 -0.1069 -0.6938
vn -0.7416 -0.1003 -0.6633
vn -0.7602 -0.1022 -0.6415
vn -0.7869 -0.0951 -0.6097
vn -0.8021 -0.0965 -0.5894
vn -0.8259 -0.0890 -0.5567
vn -0.8381 -0.0900 -0.5380
vn -0.8591 -0.0822 -0.5052
vn -0.8687 -0.0829 -0.4884
vn -0.8867 -0.0751 -0.4561
vn -0.8942 -0.0756 -0.4412
vn -0.9192 -0.0627 -0.3887
vn -0.9186 -0.0623 -0.3903
vn -0.9163 -0.0607 -0.3958
vn -0.9154 -0.0601 -0.3980
vn -0.9326 -0.0610 -0.3557
vn -0.9326 -0.0622 -0.3556
vn -0.9345 -0.0631 -0.3504
vn -0.9333 -0.0635 -0.3535
vn -0.9356 -0.0636 -0.3473
vn -0.9370 -0.0869 -0.3383
vn -0.9349 -0.0867 -0.3440
vn -0.9356 -0.0868 -0.3422
vn -0.9377 -0.0869 -0.3365
vn -0.9369 -0.1060 -0.3332
vn -0.9569 -0.0915 -0.2757
vn -0.9559 -0.1107 -0.2721
vn -0.9711 -0.0963 -0.2184
vn -0.9693 -0.1224 -0.2130
vn -0.9731 -0.1276 -0.1918
vn -0.0043 -0.8924 0.4512
vn -0.2954 -0.8248 0.4821
vn -0.9327 -0.0337 0.3592
vn -0.9702 -0.0719 0.2315
vn -0.9631 -0.0535 0.2639
vn -0.9852 -0.0877 0.1471
vn -0.9828 -0.0654 0.1729
vn -0.9928 -0.0950 0.0736
vn -0.9926 -0.0779 0.0930
vn -0.9948 -0.1000 0.0207
vn -0.9956 -0.0876 0.0342
vn -0.9944 -0.1000 -0.0348
vn -0.9930 -0.1107 -0.0401
vn -0.9931 -0.1103 -0.0402
vn -0.9944 -0.0998 -0.0344
vn -0.9859 -0.1223 -0.1146
vn -0.9851 -0.1267 -0.1167
vn -0.9851 -0.1265 -0.1167
vn -0.9859 -0.1222 -0.1144
vn -0.9714 -0.1461 -0.1871
vn -0.9712 -0.1468 -0.1875
vn -0.9714 -0.1460 -0.1871
vn -0.9716 -0.1454 -0.1868
vn -0.9524 -0.1683 -0.2542
vn -0.9524 -0.1684 -0.2542
vn -0.9524 -0.1682 -0.2541
vn -0.9264 -0.1916 -0.3241
vn -0.9263 -0.1919 -0.3242
vn -0.9265 -0.1914 -0.3240
vn -0.9013 -0.2095 -0.3791
vn -0.9012 -0.2097 -0.3793
vn -0.9017 -0.2089 -0.3785
vn -0.9018 -0.2087 -0.3784
vn -0.8810 -0.2214 -0.4182
vn -0.8808 -0.2217 -0.4184
vn -0.8818 -0.2203 -0.4171
vn -0.8819 -0.2200 -0.4169
vn -0.8588 -0.2326 -0.4565
vn -0.8520 -0.2809 -0.4418
vn -0.8524 -0.2804 -0.4414
vn -0.8525 -0.2803 -0.4413
vn -0.8431 -0.3311 -0.4236
vn -0.8425 -0.3320 -0.4243
vn -0.8429 -0.3314 -0.4238
vn -0.8423 -0.3322 -0.4245
vn -0.8304 -0.3830 -0.4046
vn -0.8302 -0.3833 -0.4047
vn -0.8302 -0.3834 -0.4047
vn -0.8300 -0.3837 -0.4049
vn -0.8167 -0.4297 -0.3851
vn -0.8169 -0.4295 -0.3851
vn -0.8169 -0.4295 -0.3850
vn -0.8170 -0.4293 -0.3850
vn -0.8018 -0.4736 -0.3643
vn -0.8023 -0.4729 -0.3641
vn -0.8024 -0.4729 -0.3641
vn -0.8029 -0.4722 -0.3639
vn -0.7860 -0.5148 -0.3424
vn -0.7868 -0.5138 -0.3421
vn -0.7869 -0.5137 -0.3421
vn -0.7877 -0.5126 -0.3417
vn -0.7553 -0.5806 -0.3040
vn -0.7463 -0.5635 -0.3542
vn -0.7188 -0.5776 -0.3870
vn -0.7365 -0.5374 -0.4108
vn -0.7036 -0.5526 -0.4467
vn -0.7192 -0.5115 -0.4702
vn -0.6819 -0.5269 -0.5073
vn -0.6954 -0.4848 -0.5305
vn -0.6531 -0.5003 -0.5684
vn -0.6644 -0.4573 -0.5911
vn -0.6164 -0.4727 -0.6298
vn -0.6274 -0.4183 -0.6568
vn -0.5871 -0.4295 -0.6862
vn -0.5729 -0.4132 -0.7078
vn -0.5132 -0.4263 -0.7449
vn -0.5186 -0.3838 -0.7640
vn -0.4498 -0.3949 -0.8011
vn -0.4539 -0.3496 -0.8196
vn -0.3801 -0.3577 -0.8530
vn -0.3829 -0.3094 -0.8705
vn -0.3053 -0.3147 -0.8988
vn -0.3067 -0.2643 -0.9144
vn -0.2299 -0.2671 -0.9358
vn -0.2304 -0.2155 -0.9489
vn -0.1560 -0.2166 -0.9637
vn -0.1560 -0.1648 -0.9739
vn -0.0873 -0.1649 -0.9824
vn -0.0828 -0.1006 -0.9915
vn -0.0870 -0.1032 -0.9908
vn -0.0851 -0.1017 -0.9912
vn -0.0793 -0.0889 -0.9929
vn -0.0809 -0.0894 -0.9927
vn -0.0724 -0.0880 -0.9935
vn -0.0747 -0.0892 -0.9932
vn -0.0653 -0.0876 -0.9940
vn -0.0672 -0.0886 -0.9938
vn -0.0564 -0.0871 -0.9946
vn -0.0586 -0.0875 -0.9944
vn -0.0521 -0.0861 -0.9949
vn -0.0521 -0.0855 -0.9950
vn -0.0105 -0.0873 -0.9961
usemtl None.004
s 1
f 1/1/1 2/2/2 3/3/3
f 4/4/4 5/5/5 6/6/6
f 6/6/7 5/5/8 7/7/9
f 2/2/2 1/1/1 8/8/10
f 9/9/11 2/2/11 10/10/11
f 11/11/12 12/12/13 13/13/14
f 14/14/15 15/15/15 16/16/15
f 17/17/16 18/18/16 19/19/16
f 20/20/17 21/21/17 22/22/17
f 18/18/18 17/17/18 23/23/18
f 24/24/19 25/25/19 26/26/19
f 27/27/20 28/28/20 29/29/20
f 30/30/21 31/31/21 32/32/21
f 33/33/22 34/34/22 35/35/22
f 36/36/23 37/37/24 38/38/25
f 37/37/24 36/36/23 39/39/26
f 40/40/27 41/41/28 42/42/29
f 43/43/30 44/44/31 45/45/30
f 46/46/32 2/2/33 47/47/34
f 48/48/32 2/2/33 46/46/32
f 49/49/35 50/50/36 51/51/37
f 52/52/38 53/53/38 54/54/38
f 55/55/39 2/2/40 56/56/41
f 57/57/42 58/58/43 59/59/44
f 55/55/45 3/3/3 2/2/2
f 48/48/46 56/56/41 2/2/40
f 60/60/47 61/61/48 62/62/49
f 63/63/50 64/64/51 65/65/52
f 66/66/53 67/67/54 68/68/55
f 69/69/56 70/70/56 71/71/56
f 71/71/57 70/70/58 72/72/59
f 73/73/60 74/74/61 75/75/62
f 76/76/63 77/77/64 78/78/65
f 78/78/65 77/77/64 79/79/66
f 80/80/67 81/81/68 82/82/69
f 82/82/69 81/81/68 83/83/70
f 82/82/71 83/83/72 75/75/73
f 75/75/62 83/83/74 84/84/75
f 75/75/62 84/84/75 73/73/60
f 85/85/76 86/86/77 82/82/69
f 82/82/69 86/86/77 87/87/78
f 82/82/69 87/87/78 80/80/67
f 88/88/79 89/89/80 90/90/81
f 90/90/82 89/89/83 91/91/84
f 90/90/82 91/91/84 92/92/85
f 93/93/86 94/94/86 95/95/86
f 95/95/87 94/94/87 96/96/87
f 97/97/88 98/98/89 99/99/90
f 99/99/91 98/98/91 100/100/91
f 100/100/92 98/98/93 101/101/94
f 101/101/94 98/98/93 102/102/95
f 101/101/96 102/102/97 103/103/98
f 104/104/99 105/105/99 106/106/99
f 107/107/100 105/105/100 108/108/100
f 108/108/101 105/105/102 104/104/101
f 108/108/101 104/104/101 109/109/103
f 110/110/104 111/111/105 112/112/106
f 113/113/107 114/114/107 115/115/107
f 115/115/108 114/114/108 116/116/108
f 79/79/66 117/117/109 78/78/65
f 78/78/65 117/117/109 118/118/110
f 78/78/111 118/118/112 119/119/113
f 120/120/114 121/121/114 122/122/114
f 122/122/115 121/121/116 123/123/117
f 122/122/115 123/123/117 124/124/118
f 125/125/119 126/126/119 127/127/119
f 127/127/120 126/126/120 128/128/120
f 127/127/121 128/128/121 129/129/121
f 130/130/122 107/107/122 131/131/122
f 131/131/123 107/107/124 108/108/123
f 131/131/123 108/108/123 132/132/125
f 132/132/126 108/108/126 109/109/126
f 132/132/127 109/109/127 133/133/127
f 134/134/128 135/135/129 136/136/130
f 136/136/130 135/135/129 137/137/131
f 136/136/130 137/137/131 138/138/132
f 64/64/133 130/130/133 65/65/133
f 65/65/134 130/130/135 131/131/134
f 65/65/134 131/131/134 139/139/136
f 139/139/137 131/131/137 132/132/137
f 139/139/138 132/132/138 140/140/138
f 140/140/139 132/132/139 133/133/139
f 140/140/140 133/133/140 141/141/140
f 142/142/141 63/63/142 143/143/143
f 143/143/144 63/63/50 65/65/52
f 143/143/144 65/65/52 144/144/145
f 144/144/146 65/65/147 139/139/148
f 144/144/146 139/139/148 145/145/149
f 145/145/150 139/139/150 140/140/150
f 145/145/151 140/140/151 146/146/151
f 146/146/152 140/140/152 141/141/152
f 146/146/153 141/141/153 147/147/153
f 148/148/154 149/149/154 150/150/154
f 150/150/155 149/149/156 151/151/157
f 150/150/155 151/151/157 152/152/158
f 152/152/159 151/151/160 153/153/161
f 152/152/159 153/153/161 154/154/162
f 154/154/163 153/153/164 155/155/165
f 154/154/163 155/155/165 156/156/166
f 156/156/167 155/155/168 157/157/169
f 156/156/167 157/157/169 158/158/170
f 159/159/171 160/160/171 161/161/171
f 161/161/172 160/160/172 162/162/172
f 161/161/173 162/162/173 163/163/173
f 163/163/174 162/162/174 164/164/174
f 163/163/175 164/164/175 165/165/175
f 165/165/176 164/164/177 166/166/178
f 165/165/176 166/166/178 167/167/179
f 167/167/180 166/166/181 168/168/182
f 167/167/180 168/168/182 169/169/183
f 169/169/184 168/168/185 170/170/186
f 169/169/184 170/170/186 171/171/187
f 171/171/188 170/170/189 172/172/190
f 171/171/188 172/172/190 173/173/191
f 160/160/192 148/148/192 162/162/192
f 162/162/193 148/148/193 150/150/193
f 162/162/194 150/150/194 164/164/194
f 164/164/195 150/150/196 152/152/197
f 164/164/195 152/152/197 166/166/198
f 166/166/199 152/152/200 154/154/201
f 166/166/199 154/154/201 168/168/202
f 168/168/203 154/154/204 156/156/205
f 168/168/203 156/156/205 170/170/206
f 170/170/207 156/156/208 158/158/209
f 170/170/207 158/158/209 172/172/210
f 128/128/211 174/174/212 129/129/213
f 129/129/213 174/174/212 175/175/214
f 129/129/215 175/175/215 176/176/215
f 176/176/216 175/175/216 177/177/216
f 176/176/217 177/177/217 178/178/217
f 178/178/218 177/177/218 179/179/218
f 178/178/219 179/179/219 180/180/219
f 180/180/220 179/179/220 181/181/220
f 180/180/221 181/181/221 182/182/221
f 182/182/222 181/181/223 183/183/224
f 182/182/222 183/183/224 184/184/225
f 184/184/226 183/183/227 185/185/228
f 184/184/226 185/185/228 186/186/229
f 126/126/230 159/159/231 128/128/232
f 128/128/232 159/159/231 161/161/233
f 128/128/234 161/161/234 174/174/234
f 174/174/235 161/161/235 163/163/235
f 174/174/236 163/163/236 175/175/236
f 175/175/237 163/163/237 165/165/237
f 175/175/238 165/165/238 177/177/238
f 177/177/239 165/165/239 167/167/239
f 177/177/240 167/167/240 179/179/240
f 179/179/241 167/167/241 169/169/241
f 179/179/242 169/169/242 181/181/242
f 181/181/243 169/169/244 171/171/245
f 181/181/243 171/171/245 183/183/246
f 183/183/247 171/171/248 173/173/249
f 183/183/247 173/173/249 185/185/250
f 187/187/251 142/142/251 188/188/251
f 188/188/252 142/142/141 143/143/143
f 188/188/252 143/143/143 189/189/253
f 189/189/254 143/143/255 144/144/256
f 189/189/254 144/144/256 190/190/257
f 190/190/258 144/144/258 145/145/258
f 190/190/259 145/145/259 191/191/259
f 191/191/260 145/145/260 146/146/260
f 191/191/261 146/146/261 192/192/261
f 192/192/262 146/146/262 147/147/262
f 192/192/263 147/147/263 193/193/263
f 111/111/264 187/187/264 112/112/264
f 112/112/265 187/187/266 188/188/267
f 112/112/265 188/188/267 194/194/268
f 194/194/269 188/188/270 189/189/271
f 194/194/269 189/189/271 195/195/272
f 195/195/273 189/189/273 190/190/273
f 195/195/274 190/190/274 196/196/274
f 196/196/275 190/190/275 191/191/275
f 196/196/276 191/191/276 197/197/276
f 197/197/277 191/191/277 192/192/277
f 197/197/278 192/192/278 198/198/278
f 198/198/279 192/192/279 193/193/279
f 198/198/280 193/193/280 199/199/280
f 200/200/281 134/134/282 201/201/283
f 201/201/283 134/134/282 136/136/284
f 201/201/283 136/136/284 202/202/285
f 202/202/285 136/136/284 138/138/286
f 202/202/287 138/138/288 203/203/288
f 204/204/289 205/205/290 206/206/291
f 206/206/291 205/205/290 207/207/292
f 206/206/291 207/207/292 208/208/293
f 208/208/294 207/207/295 209/209/296
f 208/208/294 209/209/296 210/210/297
f 210/210/298 209/209/299 211/211/300
f 210/210/301 211/211/302 212/212/303
f 213/213/304 212/212/304 214/214/304
f 214/214/305 212/212/305 211/211/305
f 214/214/306 211/211/307 215/215/308
f 215/215/309 211/211/300 209/209/299
f 215/215/310 209/209/311 216/216/312
f 216/216/313 209/209/314 207/207/315
f 216/216/313 207/207/315 217/217/316
f 217/217/317 207/207/318 205/205/319
f 217/217/317 205/205/319 200/200/281
f 218/218/320 219/219/321 220/220/322
f 220/220/322 219/219/321 221/221/323
f 220/220/324 221/221/325 222/222/326
f 222/222/326 221/221/325 223/223/327
f 222/222/328 223/223/329 224/224/330
f 224/224/330 223/223/329 225/225/331
f 224/224/330 225/225/331 226/226/332
f 226/226/333 225/225/334 227/227/335
f 226/226/333 227/227/335 228/228/336
f 228/228/337 227/227/338 229/229/339
f 228/228/340 229/229/341 230/230/342
f 230/230/343 229/229/344 231/231/345
f 230/230/346 231/231/347 232/232/348
f 232/232/349 231/231/350 233/233/351
f 232/232/352 233/233/353 234/234/354
f 234/234/355 233/233/356 235/235/357
f 219/219/358 236/236/359 221/221/360
f 221/221/360 236/236/359 237/237/361
f 221/221/362 237/237/363 223/223/364
f 223/223/364 237/237/363 238/238/365
f 223/223/366 238/238/366 225/225/366
f 225/225/367 238/238/367 239/239/367
f 225/225/368 239/239/368 227/227/368
f 227/227/369 239/239/370 240/240/371
f 227/227/338 240/240/372 229/229/339
f 229/229/373 240/240/374 241/241/375
f 229/229/344 241/241/376 231/231/345
f 231/231/377 241/241/378 242/242/379
f 231/231/350 242/242/380 233/233/351
f 233/233/381 242/242/382 243/243/383
f 233/233/356 243/243/384 235/235/357
f 235/235/385 243/243/386 244/244/387
f 245/245/388 204/204/389 246/246/390
f 246/246/390 204/204/389 206/206/391
f 246/246/390 206/206/391 247/247/392
f 247/247/392 206/206/391 208/208/393
f 247/247/392 208/208/393 248/248/394
f 248/248/394 208/208/393 210/210/395
f 248/248/394 210/210/395 249/249/396
f 249/249/397 210/210/301 212/212/303
f 200/200/281 205/205/319 134/134/282
f 134/134/128 205/205/290 204/204/289
f 134/134/128 204/204/289 135/135/129
f 135/135/398 204/204/389 245/245/388
f 135/135/398 245/245/388 137/137/399
f 137/137/399 245/245/388 250/250/400
f 137/137/399 250/250/400 251/251/401
f 252/252/402 253/253/402 254/254/402
f 254/254/403 253/253/403 255/255/403
f 254/254/404 255/255/405 256/256/406
f 257/257/407 258/258/407 259/259/407
f 260/260/408 261/261/409 262/262/410
f 262/262/411 261/261/412 263/263/411
f 262/262/411 263/263/411 264/264/413
f 264/264/414 263/263/415 265/265/414
f 264/264/414 265/265/414 266/266/416
f 266/266/417 265/265/418 267/267/417
f 266/266/417 267/267/417 268/268/419
f 268/268/420 267/267/421 269/269/420
f 268/268/420 269/269/420 270/270/422
f 270/270/423 269/269/423 271/271/423
f 270/270/423 271/271/423 272/272/423
f 272/272/424 271/271/425 273/273/424
f 272/272/424 273/273/424 274/274/426
f 274/274/427 273/273/428 275/275/429
f 274/274/427 275/275/429 276/276/430
f 277/277/431 260/260/432 278/278/433
f 278/278/434 260/260/435 262/262/434
f 278/278/434 262/262/434 279/279/436
f 279/279/437 262/262/438 264/264/437
f 279/279/437 264/264/437 280/280/439
f 280/280/440 264/264/441 266/266/442
f 280/280/440 266/266/442 281/281/443
f 281/281/444 266/266/445 268/268/446
f 281/281/444 268/268/446 282/282/447
f 282/282/448 268/268/449 270/270/450
f 282/282/448 270/270/450 283/283/451
f 283/283/452 270/270/453 272/272/452
f 283/283/452 272/272/452 284/284/454
f 284/284/455 272/272/456 274/274/457
f 284/284/455 274/274/457 285/285/458
f 285/285/459 274/274/460 276/276/461
f 285/285/459 276/276/461 286/286/462
f 287/287/463 288/288/463 289/289/463
f 290/290/464 59/59/464 291/291/464
f 291/291/465 59/59/466 58/58/467
f 291/291/465 58/58/467 292/292/468
f 292/292/469 58/58/470 293/293/471
f 294/294/472 277/277/473 295/295/474
f 295/295/475 277/277/476 278/278/475
f 295/295/475 278/278/475 296/296/477
f 296/296/478 278/278/479 279/279/478
f 296/296/478 279/279/478 297/297/480
f 297/297/481 279/279/482 280/280/483
f 297/297/481 280/280/483 298/298/484
f 298/298/485 280/280/486 281/281/485
f 298/298/485 281/281/485 299/299/487
f 299/299/488 281/281/489 282/282/490
f 299/299/488 282/282/490 300/300/491
f 300/300/492 282/282/493 283/283/494
f 300/300/492 283/283/494 301/301/495
f 301/301/496 283/283/497 284/284/498
f 301/301/496 284/284/498 302/302/499
f 302/302/500 284/284/501 285/285/502
f 302/302/500 285/285/502 303/303/503
f 303/303/504 285/285/505 286/286/506
f 303/303/504 286/286/506 304/304/507
f 305/305/508 294/294/509 306/306/510
f 306/306/511 294/294/512 295/295/511
f 306/306/511 295/295/511 307/307/513
f 307/307/514 295/295/515 296/296/514
f 307/307/514 296/296/514 308/308/516
f 308/308/517 296/296/518 297/297/519
f 308/308/517 297/297/519 309/309/520
f 309/309/521 297/297/522 298/298/521
f 309/309/521 298/298/521 310/310/523
f 310/310/524 298/298/525 299/299/526
f 310/310/524 299/299/526 311/311/527
f 311/311/528 299/299/529 300/300/530
f 311/311/528 300/300/530 312/312/531
f 312/312/532 300/300/533 301/301/534
f 312/312/532 301/301/534 313/313/535
f 313/313/536 301/301/537 302/302/538
f 313/313/536 302/302/538 314/314/539
f 314/314/540 302/302/541 303/303/542
f 314/314/540 303/303/542 315/315/543
f 315/315/544 303/303/545 304/304/546
f 315/315/544 304/304/546 316/316/547
f 316/316/548 254/254/548 315/315/548
f 315/315/549 254/254/404 256/256/406
f 315/315/550 256/256/550 314/314/550
f 314/314/551 256/256/552 317/317/553
f 314/314/551 317/317/553 313/313/554
f 313/313/555 317/317/556 318/318/557
f 313/313/555 318/318/557 312/312/558
f 312/312/559 318/318/560 319/319/561
f 312/312/559 319/319/561 311/311/562
f 311/311/563 319/319/564 320/320/565
f 311/311/563 320/320/565 310/310/566
f 310/310/567 320/320/568 321/321/569
f 310/310/567 321/321/569 309/309/570
f 309/309/571 321/321/572 322/322/573
f 309/309/571 322/322/573 308/308/574
f 308/308/575 322/322/576 323/323/575
f 308/308/575 323/323/575 307/307/577
f 307/307/578 323/323/579 324/324/578
f 307/307/578 324/324/578 306/306/580
f 306/306/581 324/324/582 325/325/581
f 306/306/581 325/325/581 305/305/583
f 305/305/584 325/325/585 326/326/584
f 327/327/586 326/326/586 328/328/587
f 328/328/588 326/326/589 325/325/588
f 328/328/588 325/325/588 329/329/590
f 329/329/591 325/325/592 324/324/593
f 329/329/591 324/324/593 330/330/594
f 330/330/595 324/324/596 323/323/597
f 330/330/595 323/323/597 331/331/598
f 331/331/599 323/323/600 322/322/601
f 331/331/599 322/322/601 332/332/602
f 332/332/603 322/322/604 321/321/605
f 332/332/603 321/321/605 333/333/606
f 333/333/607 321/321/608 320/320/609
f 333/333/607 320/320/609 334/334/610
f 334/334/611 320/320/612 319/319/613
f 334/334/611 319/319/613 335/335/614
f 335/335/615 319/319/616 318/318/617
f 335/335/615 318/318/617 336/336/618
f 336/336/619 318/318/620 317/317/621
f 336/336/619 317/317/621 337/337/622
f 337/337/623 317/317/624 256/256/625
f 337/337/623 256/256/625 338/338/626
f 338/338/627 256/256/627 255/255/627
f 339/339/628 340/340/628 341/341/628
f 341/341/629 340/340/629 342/342/629
f 341/341/630 342/342/630 343/343/630
f 343/343/631 342/342/632 344/344/633
f 343/343/634 344/344/635 345/345/636
f 345/345/637 344/344/638 346/346/639
f 345/345/640 346/346/641 347/347/642
f 347/347/643 346/346/644 348/348/645
f 347/347/646 348/348/647 349/349/648
f 349/349/649 348/348/650 350/350/651
f 349/349/652 350/350/653 351/351/654
f 351/351/655 350/350/656 352/352/657
f 351/351/658 352/352/659 353/353/660
f 353/353/661 352/352/662 354/354/663
f 353/353/664 354/354/665 355/355/666
f 355/355/667 354/354/668 356/356/669
f 357/357/670 358/358/671 359/359/672
f 359/359/673 358/358/674 360/360/675
f 359/359/676 360/360/677 361/361/678
f 361/361/679 360/360/680 362/362/681
f 361/361/682 362/362/683 363/363/684
f 363/363/685 362/362/686 364/364/687
f 363/363/688 364/364/689 365/365/690
f 365/365/691 364/364/692 366/366/693
f 365/365/694 366/366/695 367/367/696
f 367/367/697 366/366/698 368/368/699
f 367/367/700 368/368/701 369/369/702
f 369/369/703 368/368/704 370/370/705
f 369/369/706 370/370/707 371/371/708
f 372/372/709 357/357/710 373/373/711
f 373/373/712 357/357/670 359/359/672
f 373/373/713 359/359/714 374/374/715
f 374/374/716 359/359/676 361/361/678
f 374/374/717 361/361/718 375/375/719
f 375/375/720 361/361/682 363/363/684
f 375/375/721 363/363/722 376/376/723
f 376/376/724 363/363/688 365/365/690
f 376/376/725 365/365/726 377/377/727
f 377/377/728 365/365/694 367/367/696
f 377/377/729 367/367/730 378/378/731
f 378/378/732 367/367/700 369/369/702
f 378/378/733 369/369/734 379/379/735
f 379/379/736 369/369/706 371/371/708
f 379/379/737 371/371/738 380/380/739
f 236/236/740 339/339/741 237/237/742
f 237/237/742 339/339/741 341/341/743
f 237/237/744 341/341/744 238/238/744
f 238/238/745 341/341/745 343/343/745
f 238/238/746 343/343/746 239/239/746
f 239/239/747 343/343/634 345/345/636
f 239/239/370 345/345/748 240/240/371
f 240/240/749 345/345/640 347/347/642
f 240/240/374 347/347/750 241/241/375
f 241/241/751 347/347/646 349/349/648
f 241/241/378 349/349/752 242/242/379
f 242/242/753 349/349/652 351/351/654
f 242/242/382 351/351/754 243/243/383
f 243/243/755 351/351/658 353/353/660
f 243/243/386 353/353/756 244/244/387
f 244/244/757 353/353/664 355/355/666
f 340/340/758 372/372/758 342/342/758
f 342/342/759 372/372/709 373/373/711
f 342/342/632 373/373/760 344/344/633
f 344/344/761 373/373/713 374/374/715
f 344/344/638 374/374/762 346/346/639
f 346/346/763 374/374/717 375/375/719
f 346/346/644 375/375/764 348/348/645
f 348/348/765 375/375/721 376/376/723
f 348/348/650 376/376/766 350/350/651
f 350/350/767 376/376/725 377/377/727
f 350/350/656 377/377/768 352/352/657
f 352/352/769 377/377/729 378/378/731
f 352/352/662 378/378/770 354/354/663
f 354/354/771 378/378/733 379/379/735
f 354/354/668 379/379/772 356/356/669
f 356/356/773 379/379/737 380/380/739
f 381/381/774 382/382/775 383/383/776
f 383/383/777 382/382/778 384/384/779
f 383/383/777 384/384/779 385/385/780
f 370/370/781 381/381/782 371/371/783
f 371/371/784 381/381/785 383/383/786
f 371/371/784 383/383/786 380/380/787
f 380/380/788 383/383/788 385/385/788
f 380/380/789 385/385/789 356/356/789
f 356/356/790 385/385/790 386/386/790
f 356/356/791 386/386/792 355/355/793
f 355/355/793 386/386/792 387/387/794
f 355/355/795 387/387/796 244/244/797
f 244/244/797 387/387/796 388/388/798
f 244/244/799 388/388/799 235/235/799
f 235/235/800 388/388/800 213/213/800
f 235/235/801 213/213/801 234/234/801
f 234/234/802 213/213/802 214/214/802
f 234/234/354 214/214/803 232/232/352
f 232/232/804 214/214/306 215/215/308
f 232/232/348 215/215/805 230/230/346
f 230/230/806 215/215/310 216/216/312
f 230/230/342 216/216/807 228/228/340
f 228/228/808 216/216/809 217/217/810
f 228/228/808 217/217/810 226/226/811
f 226/226/812 217/217/813 200/200/814
f 226/226/812 200/200/814 224/224/815
f 224/224/815 200/200/814 201/201/816
f 224/224/817 201/201/818 222/222/819
f 222/222/819 201/201/818 202/202/820
f 222/222/821 202/202/822 220/220/823
f 220/220/823 202/202/822 203/203/824
f 220/220/825 203/203/826 218/218/826
f 389/389/827 390/390/828 391/391/829
f 391/391/830 390/390/831 392/392/832
f 391/391/833 392/392/834 393/393/835
f 393/393/836 392/392/837 394/394/838
f 393/393/839 394/394/840 395/395/841
f 395/395/842 394/394/843 396/396/844
f 395/395/845 396/396/846 397/397/847
f 397/397/848 396/396/849 398/398/850
f 397/397/851 398/398/852 399/399/853
f 399/399/854 398/398/855 400/400/856
f 399/399/857 400/400/858 401/401/857
f 401/401/859 400/400/860 402/402/861
f 401/401/862 402/402/863 403/403/864
f 403/403/865 402/402/866 404/404/867
f 403/403/868 404/404/869 405/405/868
f 405/405/870 404/404/871 406/406/871
f 255/255/872 407/407/872 338/338/872
f 338/338/873 407/407/874 408/408/875
f 338/338/873 408/408/875 337/337/876
f 337/337/877 408/408/878 409/409/879
f 337/337/877 409/409/879 336/336/880
f 336/336/881 409/409/882 410/410/883
f 336/336/881 410/410/883 335/335/884
f 335/335/885 410/410/886 411/411/887
f 335/335/885 411/411/887 334/334/888
f 334/334/889 411/411/890 412/412/891
f 334/334/889 412/412/891 333/333/892
f 333/333/893 412/412/894 413/413/895
f 333/333/893 413/413/895 332/332/896
f 332/332/897 413/413/898 414/414/899
f 332/332/897 414/414/899 331/331/900
f 331/331/901 414/414/902 415/415/903
f 331/331/901 415/415/903 330/330/904
f 330/330/905 415/415/906 416/416/905
f 330/330/905 416/416/905 329/329/907
f 329/329/908 416/416/909 417/417/910
f 329/329/908 417/417/910 328/328/911
f 328/328/912 417/417/913 418/418/914
f 328/328/912 418/418/914 327/327/915
f 327/327/916 418/418/917 419/419/918
f 420/420/919 421/421/920 422/422/921
f 422/422/922 421/421/923 423/423/923
f 422/422/924 423/423/925 424/424/924
f 424/424/926 423/423/927 425/425/927
f 424/424/928 425/425/929 426/426/928
f 426/426/930 425/425/931 427/427/932
f 426/426/933 427/427/934 428/428/935
f 428/428/936 427/427/937 429/429/938
f 428/428/939 429/429/940 430/430/941
f 430/430/942 429/429/943 431/431/944
f 430/430/945 431/431/946 432/432/947
f 432/432/948 431/431/949 433/433/949
f 432/432/950 433/433/951 434/434/950
f 434/434/952 433/433/953 435/435/954
f 434/434/955 435/435/955 436/436/955
f 437/437/956 419/419/956 438/438/957
f 438/438/958 419/419/959 418/418/958
f 438/438/958 418/418/958 439/439/960
f 439/439/961 418/418/962 417/417/961
f 439/439/961 417/417/961 440/440/963
f 440/440/964 417/417/965 416/416/966
f 440/440/964 416/416/966 441/441/967
f 441/441/968 416/416/969 415/415/970
f 441/441/968 415/415/970 442/442/971
f 442/442/972 415/415/973 414/414/974
f 442/442/972 414/414/974 443/443/975
f 443/443/976 414/414/977 413/413/978
f 443/443/976 413/413/978 444/444/979
f 444/444/980 413/413/981 412/412/982
f 444/444/980 412/412/982 445/445/983
f 445/445/984 412/412/985 411/411/986
f 445/445/984 411/411/986 446/446/987
f 446/446/988 411/411/989 410/410/990
f 446/446/988 410/410/990 447/447/991
f 447/447/992 410/410/993 409/409/994
f 447/447/992 409/409/994 448/448/995
f 448/448/996 409/409/997 408/408/998
f 448/448/996 408/408/998 449/449/999
f 449/449/1000 408/408/1001 407/407/1002
f 449/449/1000 407/407/1002 450/450/1003
f 450/450/1004 407/407/1004 255/255/1004
f 451/451/1005 452/452/1005 389/389/1005
f 389/389/1006 452/452/1006 453/453/1006
f 389/389/1007 453/453/1007 390/390/1007
f 390/390/1008 453/453/1008 436/436/1008
f 390/390/831 436/436/1009 392/392/832
f 392/392/1010 436/436/1010 435/435/1010
f 392/392/837 435/435/1011 394/394/838
f 394/394/1012 435/435/954 433/433/953
f 394/394/843 433/433/1013 396/396/844
f 396/396/1014 433/433/949 431/431/949
f 396/396/849 431/431/1015 398/398/850
f 398/398/1016 431/431/944 429/429/943
f 398/398/855 429/429/1017 400/400/856
f 400/400/1018 429/429/938 427/427/937
f 400/400/860 427/427/1019 402/402/861
f 402/402/1020 427/427/932 425/425/931
f 402/402/866 425/425/1021 404/404/867
f 404/404/1022 425/425/927 423/423/927
f 404/404/871 423/423/1023 406/406/871
f 406/406/1024 423/423/923 421/421/923
f 53/53/1025 454/454/1026 455/455/1025
f 451/451/1027 389/389/1028 456/456/1029
f 456/456/1030 389/389/827 391/391/829
f 456/456/1031 391/391/1032 457/457/1033
f 457/457/1034 391/391/833 393/393/835
f 457/457/1035 393/393/1036 458/458/1037
f 458/458/1038 393/393/839 395/395/841
f 458/458/1039 395/395/1040 459/459/1041
f 459/459/1042 395/395/845 397/397/847
f 459/459/1043 397/397/1044 460/460/1045
f 460/460/1046 397/397/851 399/399/853
f 460/460/1047 399/399/1048 461/461/1049
f 461/461/1050 399/399/857 401/401/857
f 461/461/1051 401/401/1052 462/462/1051
f 462/462/1053 401/401/862 403/403/864
f 462/462/1054 403/403/1055 463/463/1056
f 463/463/1057 403/403/868 405/405/868
f 463/463/1058 405/405/1059 464/464/1060
f 464/464/1061 405/405/1061 406/406/1061
f 464/464/1062 406/406/1062 465/465/1062
f 465/465/1063 406/406/1063 421/421/1063
f 465/465/1064 421/421/1065 466/466/1066
f 466/466/1066 421/421/1065 420/420/1067
f 466/466/1068 420/420/1069 467/467/1070
f 464/464/1060 384/384/1071 463/463/1058
f 463/463/1072 384/384/1072 382/382/1072
f 463/463/1056 382/382/1073 462/462/1054
f 462/462/1074 382/382/775 381/381/774
f 462/462/1051 381/381/1075 461/461/1051
f 461/461/1076 381/381/782 370/370/781
f 461/461/1049 370/370/1077 460/460/1047
f 460/460/1078 370/370/705 368/368/704
f 460/460/1045 368/368/1079 459/459/1043
f 459/459/1080 368/368/699 366/366/698
f 459/459/1041 366/366/1081 458/458/1039
f 458/458/1082 366/366/693 364/364/692
f 458/458/1037 364/364/1083 457/457/1035
f 457/457/1084 364/364/687 362/362/686
f 457/457/1033 362/362/1085 456/456/1031
f 456/456/1086 362/362/681 360/360/680
f 456/456/1029 360/360/1087 451/451/1027
f 451/451/1088 360/360/675 358/358/674
f 451/451/1089 358/358/1089 452/452/1089
f 452/452/1090 358/358/1090 357/357/1090
f 452/452/1091 357/357/1091 199/199/1091
f 199/199/1092 357/357/1092 372/372/1092
f 199/199/1093 372/372/1093 198/198/1093
f 198/198/1094 372/372/1094 340/340/1094
f 198/198/1095 340/340/1095 197/197/1095
f 197/197/1096 340/340/1096 339/339/1096
f 197/197/1097 339/339/1097 196/196/1097
f 196/196/1098 339/339/1098 236/236/1098
f 196/196/1099 236/236/1099 195/195/1099
f 195/195/1100 236/236/1101 219/219/1102
f 195/195/1100 219/219/1102 194/194/1103
f 194/194/1104 219/219/1105 218/218/1106
f 194/194/1104 218/218/1106 112/112/1107
f 112/112/1108 218/218/826 203/203/826
f 112/112/106 203/203/1109 110/110/104
f 110/110/1110 203/203/288 138/138/288
f 110/110/1111 138/138/1111 468/468/1111
f 468/468/1112 138/138/132 137/137/131
f 468/468/1113 137/137/1113 469/469/1113
f 469/469/1114 137/137/399 251/251/401
f 469/469/1115 251/251/1115 470/470/1115
f 50/50/1116 293/293/1116 51/51/1116
f 51/51/1117 293/293/471 58/58/470
f 51/51/1118 58/58/1119 471/471/1120
f 471/471/1120 58/58/1119 57/57/1121
f 471/471/1122 57/57/1123 472/472/1124
f 473/473/1125 49/49/1125 474/474/1125
f 474/474/1126 49/49/35 51/51/37
f 474/474/1127 51/51/1128 475/475/1129
f 475/475/1129 51/51/1128 471/471/1130
f 475/475/1131 471/471/1132 476/476/1133
f 476/476/1133 471/471/1132 472/472/1134
f 476/476/1135 472/472/1136 477/477/1137
f 289/289/1138 288/288/1138 478/478/1138
f 478/478/1139 288/288/1140 479/479/1141
f 478/478/1139 479/479/1141 480/480/1142
f 480/480/1143 479/479/1144 481/481/1145
f 480/480/1143 481/481/1145 482/482/1146
f 482/482/1147 481/481/1148 483/483/1149
f 482/482/1147 483/483/1149 484/484/1150
f 484/484/1151 483/483/1152 485/485/1153
f 484/484/1151 485/485/1153 486/486/1154
f 486/486/1155 485/485/1156 487/487/1157
f 486/486/1155 487/487/1157 488/488/1158
f 488/488/1159 487/487/1160 489/489/1161
f 488/488/1159 489/489/1161 490/490/1162
f 490/490/1163 489/489/1164 491/491/1165
f 490/490/1163 491/491/1165 492/492/1166
f 492/492/1167 491/491/1168 493/493/1167
f 492/492/1167 493/493/1167 494/494/1169
f 495/495/1170 496/496/1170 497/497/1170
f 497/497/1171 496/496/1172 498/498/1173
f 497/497/1171 498/498/1173 499/499/1174
f 499/499/1175 498/498/1176 500/500/1177
f 499/499/1175 500/500/1177 501/501/1178
f 501/501/1179 500/500/1180 502/502/1181
f 501/501/1179 502/502/1181 503/503/1182
f 503/503/1183 502/502/1184 504/504/1185
f 503/503/1183 504/504/1185 505/505/1186
f 505/505/1187 504/504/1188 506/506/1189
f 505/505/1187 506/506/1189 507/507/1190
f 507/507/1191 506/506/1192 508/508/1193
f 507/507/1191 508/508/1193 509/509/1194
f 509/509/1195 508/508/1195 510/510/1195
f 509/509/1196 510/510/1196 511/511/1196
f 42/42/1197 494/494/1197 512/512/1197
f 512/512/1197 494/494/1197 493/493/1197
f 512/512/1198 493/493/1199 44/44/1200
f 513/513/1201 514/514/1202 515/515/1203
f 515/515/1204 514/514/1205 516/516/1206
f 515/515/1204 516/516/1206 517/517/1207
f 517/517/1208 516/516/1209 518/518/1210
f 517/517/1208 518/518/1210 519/519/1211
f 519/519/1212 518/518/1213 520/520/1214
f 519/519/1212 520/520/1214 521/521/1215
f 521/521/1216 520/520/1217 522/522/1218
f 521/521/1216 522/522/1218 523/523/1219
f 523/523/1220 522/522/1221 524/524/1222
f 523/523/1220 524/524/1222 525/525/1223
f 525/525/1224 524/524/1225 526/526/1226
f 525/525/1224 526/526/1226 527/527/1227
f 527/527/1228 526/526/1229 528/528/1230
f 527/527/1228 528/528/1230 529/529/1231
f 529/529/1232 528/528/1233 530/530/1234
f 529/529/1232 530/530/1234 531/531/1235
f 531/531/1236 530/530/1236 532/532/1237
f 531/531/1236 532/532/1237 533/533/1238
f 533/533/1239 532/532/1239 534/534/1239
f 533/533/1240 534/534/1240 535/535/1240
f 536/536/1241 537/537/1241 538/538/1241
f 539/539/1242 540/540/1243 477/477/1244
f 477/477/1245 540/540/1246 476/476/1247
f 476/476/1247 540/540/1246 541/541/1248
f 476/476/1249 541/541/1250 475/475/1251
f 475/475/1251 541/541/1250 542/542/1252
f 475/475/1253 542/542/1254 474/474/1255
f 543/543/1256 537/537/1257 544/544/1258
f 544/544/1258 537/537/1257 536/536/1259
f 544/544/1260 536/536/1260 545/545/1260
f 545/545/1261 536/536/1262 546/546/1263
f 547/547/1264 548/548/1264 539/539/1264
f 539/539/1265 548/548/1265 549/549/1265
f 539/539/1266 549/549/1266 540/540/1266
f 540/540/1267 549/549/1267 550/550/1267
f 540/540/1268 550/550/1269 541/541/1270
f 541/541/1270 550/550/1269 546/546/1271
f 541/541/1272 546/546/1272 542/542/1272
f 542/542/1273 546/546/1273 536/536/1273
f 542/542/1254 536/536/1274 474/474/1255
f 474/474/1275 536/536/1276 538/538/1277
f 474/474/1275 538/538/1277 473/473/1278
f 514/514/1279 290/290/1280 516/516/1281
f 516/516/1282 290/290/1283 291/291/1284
f 516/516/1282 291/291/1284 518/518/1285
f 518/518/1286 291/291/1287 292/292/1288
f 518/518/1286 292/292/1288 520/520/1289
f 520/520/1290 292/292/1291 293/293/1292
f 520/520/1290 293/293/1292 522/522/1293
f 522/522/1294 293/293/1295 50/50/1296
f 522/522/1294 50/50/1296 524/524/1297
f 524/524/1298 50/50/1299 49/49/1300
f 524/524/1298 49/49/1300 526/526/1301
f 526/526/1302 49/49/1303 473/473/1304
f 526/526/1302 473/473/1304 528/528/1305
f 528/528/1306 473/473/1307 538/538/1308
f 528/528/1306 538/538/1308 530/530/1309
f 530/530/1310 538/538/1311 537/537/1312
f 530/530/1310 537/537/1312 532/532/1313
f 532/532/1314 537/537/1315 543/543/1316
f 532/532/1314 543/543/1316 534/534/1317
f 551/551/1318 552/552/1318 553/553/1318
f 553/553/1319 552/552/1320 554/554/1321
f 553/553/1319 554/554/1321 555/555/1322
f 552/552/1323 556/556/1323 554/554/1323
f 554/554/1324 556/556/1324 557/557/1324
f 554/554/1325 557/557/1325 558/558/1325
f 558/558/1326 557/557/1326 559/559/1326
f 558/558/1327 559/559/1327 560/560/1327
f 34/34/1328 33/33/1329 561/561/1330
f 561/561/1331 33/33/1332 562/562/1333
f 561/561/1334 562/562/1334 563/563/1334
f 30/30/1335 32/32/1335 560/560/1335
f 560/560/1336 32/32/1336 558/558/1336
f 558/558/1337 32/32/1338 564/564/1339
f 558/558/1340 564/564/1340 554/554/1340
f 554/554/1341 564/564/1341 565/565/1341
f 554/554/1342 565/565/1342 555/555/1342
f 31/31/1343 566/566/1343 567/567/1343
f 567/567/1344 566/566/1344 568/568/1344
f 567/567/1345 568/568/1345 28/28/1345
f 28/28/1346 27/27/1346 567/567/1346
f 567/567/1347 27/27/1348 569/569/1349
f 567/567/1350 569/569/1350 570/570/1351
f 570/570/1352 569/569/1353 571/571/1352
f 570/570/1354 571/571/1355 572/572/1356
f 572/572/1357 571/571/1358 573/573/1359
f 572/572/1360 573/573/1361 574/574/1362
f 574/574/1362 573/573/1361 575/575/1363
f 574/574/1364 575/575/1365 576/576/1366
f 576/576/1366 575/575/1365 577/577/1367
f 576/576/1368 577/577/1369 578/578/1370
f 578/578/1370 577/577/1369 579/579/1371
f 578/578/1372 579/579/1373 580/580/1374
f 580/580/1374 579/579/1373 581/581/1375
f 580/580/1376 581/581/1376 582/582/1376
f 582/582/1377 581/581/1377 583/583/1377
f 582/582/1378 583/583/1378 584/584/1378
f 26/26/1379 585/585/1380 586/586/1381
f 586/586/1382 585/585/1383 587/587/1384
f 586/586/1385 587/587/1385 588/588/1386
f 588/588/1387 587/587/1387 589/589/1387
f 588/588/1388 589/589/1389 590/590/1390
f 590/590/1391 589/589/1392 591/591/1393
f 590/590/1394 591/591/1394 592/592/1394
f 592/592/1395 591/591/1395 593/593/1395
f 592/592/1396 593/593/1397 594/594/1398
f 594/594/1398 593/593/1397 595/595/1399
f 594/594/1400 595/595/1401 35/35/1402
f 35/35/1402 595/595/1401 596/596/1403
f 35/35/1404 596/596/1404 33/33/1404
f 33/33/1405 596/596/1405 597/597/1405
f 33/33/1332 597/597/1406 562/562/1333
f 585/585/1383 598/598/1407 587/587/1384
f 587/587/1408 598/598/1409 599/599/1410
f 587/587/1387 599/599/1387 589/589/1387
f 589/589/1411 599/599/1412 600/600/1411
f 589/589/1392 600/600/1413 591/591/1393
f 591/591/1414 600/600/1415 601/601/1416
f 591/591/1417 601/601/1417 593/593/1417
f 602/602/1418 603/603/1418 604/604/1418
f 604/604/1419 603/603/1420 605/605/1421
f 606/606/1422 602/602/1422 607/607/1422
f 607/607/1423 602/602/1423 604/604/1423
f 607/607/1424 604/604/1425 608/608/1426
f 608/608/1427 604/604/1419 605/605/1421
f 608/608/1428 605/605/1429 17/17/1430
f 17/17/1431 605/605/1431 609/609/1431
f 17/17/1432 609/609/1432 23/23/1432
f 610/610/1433 611/611/1434 22/22/1435
f 22/22/1436 611/611/1436 606/606/1436
f 22/22/1437 606/606/1437 20/20/1437
f 20/20/1438 606/606/1438 607/607/1438
f 20/20/1439 607/607/1440 21/21/1441
f 612/612/1442 186/186/1443 613/613/1444
f 613/613/1445 186/186/1446 185/185/1447
f 613/613/1445 185/185/1447 614/614/1448
f 614/614/1449 185/185/1450 173/173/1451
f 614/614/1449 173/173/1451 615/615/1452
f 615/615/1453 173/173/1454 172/172/1455
f 615/615/1453 172/172/1455 616/616/1456
f 616/616/1457 172/172/1458 158/158/1459
f 616/616/1457 158/158/1459 617/617/1460
f 617/617/1461 158/158/1462 157/157/1463
f 617/617/1461 157/157/1463 618/618/1464
f 618/618/1465 157/157/1465 619/619/1465
f 618/618/1466 619/619/1467 620/620/1468
f 620/620/1469 619/619/1470 621/621/1471
f 620/620/1472 621/621/1472 622/622/1472
f 623/623/1473 624/624/1473 625/625/1473
f 625/625/1474 624/624/1474 257/257/1474
f 625/625/1475 257/257/1475 626/626/1475
f 626/626/1476 257/257/1476 259/259/1476
f 52/52/38 54/54/38 627/627/38
f 627/627/1477 54/54/1478 628/628/1479
f 627/627/1477 628/628/1479 629/629/1480
f 629/629/1481 628/628/1482 630/630/1483
f 629/629/1481 630/630/1483 631/631/1484
f 631/631/1485 630/630/1486 632/632/1487
f 631/631/1485 632/632/1487 633/633/1488
f 633/633/1489 632/632/1490 634/634/1491
f 633/633/1489 634/634/1491 635/635/1492
f 635/635/1493 634/634/1494 636/636/1495
f 635/635/1493 636/636/1495 637/637/1496
f 637/637/1497 636/636/1498 638/638/1499
f 637/637/1497 638/638/1499 639/639/1500
f 639/639/1501 638/638/1502 640/640/1503
f 639/639/1501 640/640/1503 641/641/1504
f 641/641/1505 640/640/1506 642/642/1507
f 641/641/1505 642/642/1507 643/643/1508
f 643/643/1509 642/642/1510 644/644/1511
f 643/643/1509 644/644/1511 645/645/1512
f 645/645/1513 644/644/1514 646/646/1515
f 645/645/1513 646/646/1515 647/647/1516
f 647/647/1517 646/646/1518 648/648/1519
f 647/647/1517 648/648/1519 649/649/1520
f 649/649/1521 648/648/1522 650/650/1523
f 649/649/1521 650/650/1523 651/651/1524
f 651/651/1525 650/650/1526 652/652/1527
f 651/651/1525 652/652/1527 653/653/1528
f 53/53/1025 455/455/1025 54/54/1025
f 54/54/1529 455/455/1530 654/654/1529
f 54/54/1529 654/654/1529 628/628/1531
f 628/628/1532 654/654/1533 655/655/1534
f 628/628/1532 655/655/1534 630/630/1535
f 630/630/1536 655/655/1537 656/656/1538
f 630/630/1536 656/656/1538 632/632/1539
f 632/632/1540 656/656/1541 657/657/1542
f 632/632/1540 657/657/1542 634/634/1543
f 634/634/1544 657/657/1545 658/658/1546
f 634/634/1544 658/658/1546 636/636/1547
f 636/636/1548 658/658/1549 659/659/1550
f 636/636/1548 659/659/1550 638/638/1551
f 638/638/1552 659/659/1553 660/660/1554
f 638/638/1552 660/660/1554 640/640/1555
f 640/640/1556 660/660/1557 661/661/1558
f 640/640/1556 661/661/1558 642/642/1559
f 642/642/1560 661/661/1561 662/662/1562
f 642/642/1560 662/662/1562 644/644/1563
f 644/644/1564 662/662/1565 663/663/1566
f 644/644/1564 663/663/1566 646/646/1567
f 646/646/1568 663/663/1569 258/258/1570
f 646/646/1568 258/258/1570 648/648/1571
f 648/648/1572 258/258/1573 257/257/1574
f 648/648/1572 257/257/1574 650/650/1575
f 650/650/1576 257/257/1577 624/624/1578
f 650/650/1576 624/624/1578 652/652/1579
f 252/252/1580 625/625/1581 253/253/1582
f 253/253/1582 625/625/1581 626/626/1583
f 253/253/1584 626/626/1585 255/255/1586
f 255/255/1586 626/626/1585 259/259/1587
f 255/255/1588 259/259/1588 450/450/1588
f 450/450/1589 259/259/1589 258/258/1589
f 450/450/1590 258/258/1590 449/449/1590
f 449/449/1591 258/258/1591 663/663/1591
f 449/449/1592 663/663/1592 448/448/1592
f 448/448/1593 663/663/1594 662/662/1595
f 448/448/1593 662/662/1595 447/447/1596
f 447/447/1597 662/662/1598 661/661/1599
f 447/447/1597 661/661/1599 446/446/1600
f 446/446/1601 661/661/1602 660/660/1603
f 446/446/1601 660/660/1603 445/445/1604
f 445/445/1605 660/660/1606 659/659/1607
f 445/445/1605 659/659/1607 444/444/1608
f 444/444/1609 659/659/1610 658/658/1611
f 444/444/1609 658/658/1611 443/443/1612
f 443/443/1613 658/658/1614 657/657/1615
f 443/443/1613 657/657/1615 442/442/1616
f 442/442/1617 657/657/1618 656/656/1619
f 442/442/1617 656/656/1619 441/441/1620
f 441/441/1621 656/656/1622 655/655/1623
f 441/441/1621 655/655/1623 440/440/1624
f 440/440/1625 655/655/1626 654/654/1625
f 440/440/1625 654/654/1625 439/439/1627
f 439/439/1628 654/654/1629 455/455/1630
f 439/439/1628 455/455/1630 438/438/1631
f 438/438/1632 455/455/1633 454/454/1632
f 438/438/1632 454/454/1632 437/437/1634
f 261/261/1635 612/612/1636 263/263/1637
f 263/263/1638 612/612/1639 613/613/1640
f 263/263/1638 613/613/1640 265/265/1641
f 265/265/1642 613/613/1643 614/614/1644
f 265/265/1642 614/614/1644 267/267/1645
f 267/267/1646 614/614/1647 615/615/1648
f 267/267/1646 615/615/1648 269/269/1649
f 269/269/1650 615/615/1651 616/616/1652
f 269/269/1650 616/616/1652 271/271/1653
f 271/271/1654 616/616/1655 617/617/1656
f 271/271/1654 617/617/1656 273/273/1657
f 273/273/1658 617/617/1659 618/618/1660
f 273/273/1658 618/618/1660 275/275/1661
f 275/275/1662 618/618/1466 620/620/1468
f 275/275/1663 620/620/1663 276/276/1663
f 276/276/1664 620/620/1664 622/622/1664
f 276/276/1665 622/622/1666 286/286/1665
f 286/286/1665 622/622/1666 664/664/1667
f 286/286/1668 664/664/1669 304/304/1670
f 304/304/1670 664/664/1669 665/665/1671
f 304/304/1672 665/665/1673 316/316/1674
f 316/316/1674 665/665/1673 666/666/1675
f 316/316/1676 666/666/1677 254/254/1678
f 254/254/1678 666/666/1677 667/667/1679
f 254/254/1680 667/667/1680 252/252/1680
f 252/252/1681 667/667/1681 668/668/1681
f 252/252/1682 668/668/1682 625/625/1682
f 625/625/1683 668/668/1683 669/669/1683
f 625/625/1684 669/669/1684 623/623/1684
f 610/610/1685 670/670/1686 611/611/1687
f 611/611/1687 670/670/1686 671/671/1687
f 611/611/1688 671/671/1689 606/606/1690
f 606/606/1690 671/671/1689 672/672/1691
f 606/606/1692 672/672/1693 602/602/1693
f 602/602/1693 672/672/1693 673/673/1693
f 602/602/1694 673/673/1694 603/603/1694
f 603/603/1695 673/673/1695 674/674/1695
f 603/603/1696 674/674/1696 605/605/1696
f 605/605/1697 674/674/1697 675/675/1697
f 605/605/1698 675/675/1698 609/609/1698
f 676/676/1699 677/677/1700 678/678/1701
f 678/678/1702 677/677/1702 679/679/1702
f 680/680/1703 681/681/1703 682/682/1703
f 24/24/1704 683/683/1704 684/684/1704
f 684/684/1705 683/683/1705 685/685/1705
f 684/684/1706 685/685/1707 686/686/1708
f 686/686/1708 685/685/1707 687/687/1709
f 686/686/1710 687/687/1710 688/688/1710
f 689/689/1711 690/690/1711 11/11/1711
f 11/11/1712 690/690/1712 691/691/1712
f 11/11/12 691/691/1713 12/12/13
f 681/681/1714 689/689/1714 682/682/1714
f 682/682/1715 689/689/1715 11/11/1715
f 682/682/1716 11/11/1716 692/692/1716
f 692/692/1717 11/11/1717 13/13/1717
f 692/692/1718 13/13/1719 693/693/1720
f 693/693/1721 13/13/1721 694/694/1721
f 695/695/1722 696/696/1722 697/697/1722
f 697/697/1723 696/696/1723 698/698/1723
f 697/697/1724 698/698/1724 699/699/1724
f 699/699/1725 698/698/1725 700/700/1725
f 699/699/1726 700/700/1726 701/701/1726
f 699/699/1727 12/12/1727 697/697/1727
f 697/697/1728 12/12/1728 691/691/1728
f 697/697/1729 691/691/1729 695/695/1729
f 695/695/1730 691/691/1730 690/690/1730
f 695/695/1731 690/690/1732 702/702/1733
f 702/702/1733 690/690/1732 689/689/1734
f 702/702/1735 689/689/1736 688/688/1737
f 688/688/1737 689/689/1736 681/681/1738
f 688/688/1739 681/681/1739 686/686/1739
f 686/686/1740 681/681/1740 680/680/1740
f 686/686/1741 680/680/1741 684/684/1741
f 9/9/1742 10/10/1743 703/703/1744
f 2/2/1745 704/704/1745 10/10/1745
f 10/10/1743 704/704/1746 705/705/1747
f 10/10/1743 705/705/1747 703/703/1744
f 703/703/1748 705/705/1748 706/706/1748
f 14/14/1749 16/16/1749 707/707/1749
f 707/707/1750 16/16/1751 708/708/1752
f 707/707/1753 708/708/1753 709/709/1753
f 709/709/1754 708/708/1755 710/710/1756
f 709/709/1757 710/710/1758 711/711/1759
f 711/711/1760 710/710/1761 712/712/1762
f 711/711/1763 712/712/1764 713/713/1765
f 714/714/1766 715/715/1766 716/716/1766
f 289/289/1767 717/717/1767 287/287/1767
f 287/287/1768 717/717/1769 718/718/1770
f 287/287/1768 718/718/1770 719/719/1771
f 719/719/1772 718/718/1773 720/720/1774
f 719/719/1772 720/720/1774 721/721/1775
f 721/721/1776 720/720/1777 722/722/1778
f 721/721/1776 722/722/1778 723/723/1779
f 43/43/30 45/45/30 724/724/1780
f 724/724/1781 45/45/1782 725/725/1783
f 724/724/1781 725/725/1783 726/726/1784
f 726/726/1785 725/725/1786 727/727/1787
f 726/726/1785 727/727/1787 728/728/1788
f 728/728/1789 727/727/1790 729/729/1791
f 728/728/1789 729/729/1791 730/730/1792
f 730/730/1793 729/729/1794 731/731/1795
f 730/730/1793 731/731/1795 732/732/1796
f 732/732/1797 731/731/1798 733/733/1799
f 732/732/1797 733/733/1799 734/734/1800
f 734/734/1801 733/733/1802 735/735/1803
f 734/734/1801 735/735/1803 736/736/1804
f 736/736/1805 735/735/1806 737/737/1807
f 736/736/1805 737/737/1807 738/738/1808
f 738/738/1809 737/737/1810 739/739/1811
f 738/738/1809 739/739/1811 740/740/1812
f 740/740/1813 739/739/1814 741/741/1815
f 740/740/1813 741/741/1815 742/742/1816
f 742/742/1817 741/741/1818 743/743/1819
f 742/742/1817 743/743/1819 744/744/1820
f 744/744/1821 743/743/1822 745/745/1823
f 744/744/1821 745/745/1823 746/746/1824
f 746/746/1825 745/745/1826 747/747/1827
f 746/746/1825 747/747/1827 748/748/1828
f 44/44/1200 493/493/1199 45/45/1200
f 45/45/1829 493/493/1830 491/491/1831
f 45/45/1829 491/491/1831 725/725/1832
f 725/725/1833 491/491/1834 489/489/1835
f 725/725/1833 489/489/1835 727/727/1836
f 727/727/1837 489/489/1838 487/487/1839
f 727/727/1837 487/487/1839 729/729/1840
f 729/729/1841 487/487/1842 485/485/1843
f 729/729/1841 485/485/1843 731/731/1844
f 731/731/1845 485/485/1846 483/483/1847
f 731/731/1845 483/483/1847 733/733/1848
f 733/733/1849 483/483/1850 481/481/1851
f 733/733/1849 481/481/1851 735/735/1852
f 735/735/1853 481/481/1854 479/479/1855
f 735/735/1853 479/479/1855 737/737/1856
f 737/737/1857 479/479/1858 288/288/1859
f 737/737/1857 288/288/1859 739/739/1860
f 739/739/1861 288/288/1862 287/287/1863
f 739/739/1861 287/287/1863 741/741/1864
f 741/741/1865 287/287/1866 719/719/1867
f 741/741/1865 719/719/1867 743/743/1868
f 743/743/1869 719/719/1870 721/721/1871
f 743/743/1869 721/721/1871 745/745/1872
f 745/745/1873 721/721/1874 723/723/1875
f 745/745/1873 723/723/1875 747/747/1876
f 510/510/1877 749/749/1877 511/511/1877
f 511/511/1878 749/749/1879 750/750/1880
f 511/511/1878 750/750/1880 751/751/1881
f 751/751/1882 750/750/1883 752/752/1884
f 751/751/1882 752/752/1884 753/753/1885
f 753/753/1886 752/752/1887 754/754/1888
f 753/753/1886 754/754/1888 755/755/1889
f 755/755/1890 754/754/1891 756/756/1892
f 755/755/1890 756/756/1892 757/757/1893
f 758/758/1894 495/495/1894 535/535/1894
f 535/535/1895 495/495/1895 497/497/1895
f 535/535/1896 497/497/1896 533/533/1896
f 533/533/1897 497/497/1898 499/499/1899
f 533/533/1897 499/499/1899 531/531/1900
f 531/531/1901 499/499/1902 501/501/1903
f 531/531/1901 501/501/1903 529/529/1904
f 529/529/1905 501/501/1906 503/503/1907
f 529/529/1905 503/503/1907 527/527/1908
f 527/527/1909 503/503/1910 505/505/1911
f 527/527/1909 505/505/1911 525/525/1912
f 525/525/1913 505/505/1914 507/507/1915
f 525/525/1913 507/507/1915 523/523/1916
f 523/523/1917 507/507/1918 509/509/1919
f 523/523/1917 509/509/1919 521/521/1920
f 521/521/1921 509/509/1922 511/511/1923
f 521/521/1921 511/511/1923 519/519/1924
f 519/519/1925 511/511/1926 751/751/1927
f 519/519/1925 751/751/1927 517/517/1928
f 517/517/1929 751/751/1930 753/753/1931
f 517/517/1929 753/753/1931 515/515/1932
f 515/515/1933 753/753/1934 755/755/1935
f 515/515/1933 755/755/1935 513/513/1936
f 513/513/1937 755/755/1938 757/757/1939
f 42/42/1940 512/512/1940 40/40/1940
f 40/40/1941 512/512/1941 44/44/1941
f 40/40/1942 44/44/1943 758/758/1944
f 758/758/1944 44/44/1943 43/43/1945
f 758/758/1946 43/43/1946 495/495/1946
f 495/495/1947 43/43/1948 724/724/1949
f 495/495/1947 724/724/1949 496/496/1950
f 496/496/1951 724/724/1952 726/726/1953
f 496/496/1951 726/726/1953 498/498/1954
f 498/498/1955 726/726/1956 728/728/1957
f 498/498/1955 728/728/1957 500/500/1958
f 500/500/1959 728/728/1960 730/730/1961
f 500/500/1959 730/730/1961 502/502/1962
f 502/502/1963 730/730/1964 732/732/1965
f 502/502/1963 732/732/1965 504/504/1966
f 504/504/1967 732/732/1968 734/734/1969
f 504/504/1967 734/734/1969 506/506/1970
f 506/506/1971 734/734/1972 736/736/1973
f 506/506/1971 736/736/1973 508/508/1974
f 508/508/1975 736/736/1976 738/738/1977
f 508/508/1975 738/738/1977 510/510/1978
f 510/510/1979 738/738/1980 740/740/1981
f 510/510/1979 740/740/1981 749/749/1982
f 749/749/1983 740/740/1984 742/742/1985
f 749/749/1983 742/742/1985 750/750/1986
f 750/750/1987 742/742/1988 744/744/1989
f 750/750/1987 744/744/1989 752/752/1990
f 752/752/1991 744/744/1992 746/746/1993
f 752/752/1991 746/746/1993 754/754/1994
f 754/754/1995 746/746/1996 748/748/1997
f 754/754/1995 748/748/1997 756/756/1998
f 26/26/1999 25/25/1999 585/585/1999
f 585/585/2000 25/25/2000 759/759/2000
f 585/585/2001 759/759/2001 598/598/2001
f 598/598/2002 759/759/2002 679/679/2002
f 598/598/2003 679/679/2003 760/760/2003
f 760/760/2004 679/679/2004 677/677/2004
f 760/760/2005 677/677/2006 761/761/2007
f 761/761/2008 677/677/1700 676/676/1699
f 761/761/2009 676/676/2009 762/762/2009
f 762/762/2010 676/676/2011 763/763/2011
f 762/762/2012 763/763/2013 764/764/2014
f 764/764/2015 763/763/2016 765/765/2017
f 764/764/2018 765/765/2019 766/766/2020
f 766/766/2021 765/765/2022 767/767/2023
f 766/766/2024 767/767/2025 768/768/2026
f 15/15/2027 680/680/2027 16/16/2027
f 16/16/2028 680/680/2028 682/682/2028
f 16/16/1751 682/682/2029 708/708/1752
f 708/708/2030 682/682/2030 692/692/2030
f 708/708/1755 692/692/2031 710/710/1756
f 710/710/2032 692/692/1718 693/693/1720
f 710/710/1761 693/693/2033 712/712/1762
f 712/712/2034 693/693/2034 694/694/2034
f 712/712/2035 694/694/2036 713/713/2037
f 713/713/2037 694/694/2036 769/769/2038
f 770/770/2039 771/771/2040 772/772/2041
f 772/772/2041 771/771/2040 773/773/2042
f 772/772/2043 773/773/2043 774/774/2043
f 774/774/2044 773/773/2045 775/775/2046
f 774/774/2044 775/775/2046 776/776/2047
f 24/24/2048 684/684/2048 25/25/2048
f 25/25/2049 684/684/2049 680/680/2049
f 25/25/2050 680/680/2050 759/759/2050
f 759/759/2051 680/680/2051 15/15/2051
f 759/759/2052 15/15/2052 679/679/2052
f 679/679/2053 15/15/2053 14/14/2053
f 679/679/2054 14/14/2054 678/678/2054
f 678/678/2055 14/14/2055 707/707/2055
f 678/678/2056 707/707/2056 676/676/2056
f 676/676/2057 707/707/2057 709/709/2057
f 676/676/2011 709/709/2058 763/763/2011
f 763/763/2059 709/709/1757 711/711/1759
f 763/763/2016 711/711/2060 765/765/2017
f 765/765/2061 711/711/1763 713/713/1765
f 765/765/2022 713/713/2062 767/767/2023
f 767/767/2063 713/713/2063 769/769/2063
f 767/767/2064 769/769/2064 768/768/2064
f 777/777/2065 778/778/2065 779/779/2065
f 779/779/2066 778/778/2066 780/780/2066
f 779/779/2067 780/780/2067 781/781/2067
f 781/781/2068 780/780/2069 782/782/2070
f 781/781/2068 782/782/2070 783/783/2071
f 783/783/2072 782/782/2072 784/784/2072
f 783/783/2073 784/784/2073 785/785/2073
f 785/785/2074 784/784/2075 786/786/2076
f 785/785/2074 786/786/2076 787/787/2077
f 787/787/2078 786/786/2079 788/788/2080
f 787/787/2078 788/788/2080 789/789/2081
f 790/790/2082 791/791/2083 792/792/2084
f 792/792/2084 791/791/2083 793/793/2085
f 792/792/2086 793/793/2087 794/794/2088
f 794/794/2088 793/793/2087 795/795/2089
f 794/794/2090 795/795/2091 796/796/2092
f 796/796/2092 795/795/2091 797/797/2093
f 796/796/2094 797/797/2094 770/770/2094
f 770/770/2095 797/797/2095 798/798/2095
f 770/770/2096 798/798/2096 771/771/2096
f 799/799/2097 8/8/2097 800/800/2097
f 800/800/2098 8/8/2098 1/1/2098
f 800/800/2099 1/1/2099 801/801/2099
f 801/801/2100 1/1/2100 3/3/2100
f 801/801/2101 3/3/2101 802/802/2101
f 802/802/2102 3/3/2102 55/55/2102
f 802/802/2103 55/55/2103 803/803/2103
f 803/803/2104 55/55/2104 56/56/2104
f 803/803/2105 56/56/2105 804/804/2105
f 804/804/2106 56/56/2106 48/48/2106
f 804/804/2107 48/48/2108 805/805/2109
f 805/805/2109 48/48/2108 46/46/2110
f 805/805/2111 46/46/2112 806/806/2113
f 806/806/2113 46/46/2112 47/47/2114
f 806/806/2115 790/790/2116 805/805/2117
f 805/805/2117 790/790/2116 792/792/2118
f 805/805/2119 792/792/2120 804/804/2121
f 804/804/2121 792/792/2120 794/794/2122
f 804/804/2123 794/794/2124 803/803/2125
f 803/803/2125 794/794/2124 796/796/2126
f 803/803/2127 796/796/2128 802/802/2129
f 802/802/2129 796/796/2128 770/770/2130
f 802/802/2131 770/770/2132 801/801/2133
f 801/801/2133 770/770/2132 772/772/2134
f 801/801/2135 772/772/2135 800/800/2135
f 800/800/2136 772/772/2136 774/774/2136
f 800/800/2137 774/774/2137 799/799/2137
f 799/799/2138 774/774/2139 776/776/2140
f 791/791/2141 777/777/2141 793/793/2141
f 793/793/2142 777/777/2142 779/779/2142
f 793/793/2143 779/779/2144 795/795/2145
f 795/795/2145 779/779/2144 781/781/2146
f 795/795/2147 781/781/2148 797/797/2149
f 797/797/2149 781/781/2148 783/783/2150
f 797/797/2151 783/783/2152 798/798/2153
f 798/798/2153 783/783/2152 785/785/2154
f 798/798/2155 785/785/2155 771/771/2155
f 771/771/2156 785/785/2157 787/787/2158
f 771/771/2156 787/787/2158 773/773/2159
f 773/773/2160 787/787/2161 789/789/2162
f 773/773/2160 789/789/2162 775/775/2163
f 778/778/2164 768/768/2165 780/780/2166
f 780/780/2166 768/768/2165 769/769/2167
f 780/780/2168 769/769/2168 782/782/2168
f 782/782/2169 769/769/2170 694/694/2171
f 782/782/2169 694/694/2171 784/784/2172
f 784/784/2173 694/694/2173 13/13/2173
f 784/784/2174 13/13/2174 786/786/2174
f 786/786/2175 13/13/2176 12/12/2177
f 786/786/2175 12/12/2177 788/788/2178
f 788/788/2179 12/12/2179 699/699/2179
f 788/788/2180 699/699/2180 789/789/2180
f 789/789/2181 699/699/2181 701/701/2181
f 789/789/2182 701/701/2182 775/775/2182
f 775/775/2183 701/701/2183 706/706/2183
f 775/775/2184 706/706/2184 776/776/2184
f 776/776/2185 706/706/2185 705/705/2185
f 776/776/2140 705/705/2186 799/799/2138
f 799/799/2187 705/705/1747 704/704/1746
f 799/799/2188 704/704/2188 8/8/2188
f 8/8/2189 704/704/2189 2/2/2189
f 807/807/2190 808/808/2190 809/809/2190
f 106/106/2191 125/125/2192 104/104/2193
f 104/104/2193 125/125/2192 127/127/2194
f 104/104/2195 127/127/2195 109/109/2195
f 109/109/2196 127/127/2196 129/129/2196
f 109/109/2197 129/129/2197 133/133/2197
f 133/133/2198 129/129/2198 176/176/2198
f 133/133/2199 176/176/2199 141/141/2199
f 141/141/2200 176/176/2200 178/178/2200
f 141/141/2201 178/178/2201 147/147/2201
f 147/147/2202 178/178/2202 180/180/2202
f 147/147/2203 180/180/2203 193/193/2203
f 193/193/2204 180/180/2204 182/182/2204
f 193/193/2205 182/182/2205 199/199/2205
f 199/199/2206 182/182/2206 184/184/2206
f 199/199/2207 184/184/2207 452/452/2207
f 452/452/2208 184/184/2209 186/186/2210
f 452/452/2208 186/186/2210 453/453/2211
f 453/453/2212 186/186/1443 612/612/1442
f 453/453/2213 612/612/2213 436/436/2213
f 436/436/2214 612/612/1636 261/261/1635
f 436/436/2215 261/261/2215 434/434/2215
f 434/434/2216 261/261/409 260/260/408
f 434/434/950 260/260/2217 432/432/950
f 432/432/2218 260/260/432 277/277/431
f 432/432/947 277/277/2219 430/430/945
f 430/430/2220 277/277/473 294/294/472
f 430/430/941 294/294/2221 428/428/939
f 428/428/2222 294/294/509 305/305/508
f 428/428/935 305/305/2223 426/426/933
f 426/426/2224 305/305/584 326/326/584
f 426/426/928 326/326/2225 424/424/928
f 424/424/2226 326/326/586 327/327/586
f 424/424/924 327/327/2227 422/422/924
f 422/422/2228 327/327/916 419/419/918
f 422/422/921 419/419/2229 420/420/919
f 420/420/2230 419/419/956 437/437/956
f 420/420/1069 437/437/2231 467/467/1070
f 467/467/2232 437/437/2232 454/454/2232
f 467/467/2233 454/454/2233 810/810/2233
f 810/810/2234 454/454/2234 53/53/2234
f 810/810/2235 53/53/2235 41/41/2235
f 41/41/2236 53/53/2236 52/52/2236
f 41/41/2237 52/52/2237 42/42/2237
f 42/42/2238 52/52/2238 627/627/2238
f 42/42/2238 627/627/2238 494/494/2239
f 494/494/2240 627/627/2241 629/629/2241
f 494/494/2240 629/629/2241 492/492/2242
f 492/492/2243 629/629/2244 631/631/2243
f 492/492/2243 631/631/2243 490/490/2245
f 490/490/2246 631/631/2247 633/633/2248
f 490/490/2246 633/633/2248 488/488/2249
f 488/488/2250 633/633/2251 635/635/2252
f 488/488/2250 635/635/2252 486/486/2253
f 486/486/2254 635/635/2255 637/637/2256
f 486/486/2254 637/637/2256 484/484/2257
f 484/484/2258 637/637/2259 639/639/2260
f 484/484/2258 639/639/2260 482/482/2261
f 482/482/2262 639/639/2263 641/641/2264
f 482/482/2262 641/641/2264 480/480/2265
f 480/480/2266 641/641/2267 643/643/2268
f 480/480/2266 643/643/2268 478/478/2269
f 478/478/2270 643/643/2271 645/645/2272
f 478/478/2270 645/645/2272 289/289/2273
f 289/289/2274 645/645/2275 647/647/2276
f 289/289/2274 647/647/2276 717/717/2277
f 717/717/2278 647/647/2279 649/649/2280
f 717/717/2278 649/649/2280 718/718/2281
f 718/718/2282 649/649/2283 651/651/2284
f 718/718/2282 651/651/2284 720/720/2285
f 720/720/2286 651/651/2287 653/653/2288
f 720/720/2286 653/653/2288 722/722/2289
f 811/811/2290 88/88/2291 812/812/2292
f 812/812/2293 88/88/79 90/90/81
f 812/812/2293 90/90/81 813/813/2294
f 92/92/85 85/85/2295 90/90/82
f 90/90/2296 85/85/2297 82/82/2298
f 90/90/2296 82/82/2298 813/813/2299
f 813/813/2300 82/82/71 75/75/73
f 813/813/2300 75/75/73 814/814/2301
f 61/61/2302 815/815/2303 62/62/2304
f 62/62/2304 815/815/2303 816/816/2305
f 62/62/2306 816/816/2306 817/817/2306
f 817/817/2307 816/816/2307 818/818/2307
f 817/817/2308 818/818/2308 819/819/2308
f 820/820/2309 821/821/2309 822/822/2309
f 822/822/2310 821/821/2310 823/823/2310
f 822/822/2311 823/823/2311 824/824/2311
f 824/824/2312 823/823/2312 819/819/2312
f 824/824/2313 819/819/2314 825/825/2315
f 825/825/2315 819/819/2314 818/818/2316
f 116/116/2317 60/60/2317 115/115/2317
f 115/115/2318 60/60/47 62/62/49
f 115/115/2318 62/62/49 826/826/2319
f 826/826/2320 62/62/2321 817/817/2322
f 826/826/2320 817/817/2322 827/827/2323
f 827/827/2324 817/817/2325 819/819/2326
f 827/827/2324 819/819/2326 828/828/2327
f 828/828/2328 819/819/2329 823/823/2330
f 828/828/2328 823/823/2330 829/829/2331
f 829/829/2332 823/823/2332 821/821/2332
f 829/829/2333 821/821/2333 36/36/2333
f 36/36/2334 821/821/2334 820/820/2334
f 36/36/2335 820/820/2335 39/39/2335
f 74/74/61 76/76/2336 75/75/62
f 75/75/2337 76/76/2338 78/78/2338
f 75/75/2337 78/78/2338 814/814/2339
f 814/814/2340 78/78/111 119/119/113
f 814/814/2340 119/119/113 830/830/2341
f 119/119/2342 831/831/2342 830/830/2342
f 830/830/2343 831/831/2344 832/832/2345
f 830/830/2343 832/832/2345 833/833/2346
f 833/833/2347 832/832/2348 834/834/2349
f 833/833/2347 834/834/2349 835/835/2350
f 835/835/2351 834/834/2351 836/836/2351
f 835/835/2352 836/836/2352 837/837/2352
f 837/837/2353 836/836/2353 838/838/2353
f 837/837/2354 838/838/2354 551/551/2354
f 551/551/2355 838/838/2355 839/839/2355
f 551/551/2356 839/839/2356 552/552/2356
f 552/552/2357 839/839/2357 840/840/2357
f 552/552/2358 840/840/2358 556/556/2358
f 118/118/2359 113/113/2359 119/119/2359
f 119/119/2360 113/113/2361 115/115/2360
f 119/119/2360 115/115/2360 831/831/2362
f 831/831/2363 115/115/2364 826/826/2365
f 831/831/2363 826/826/2365 832/832/2366
f 832/832/2367 826/826/2368 827/827/2369
f 832/832/2367 827/827/2369 834/834/2370
f 834/834/2371 827/827/2372 828/828/2373
f 834/834/2371 828/828/2373 836/836/2374
f 836/836/2375 828/828/2375 829/829/2375
f 836/836/2376 829/829/2376 838/838/2376
f 838/838/2377 829/829/2377 36/36/2377
f 838/838/2378 36/36/2378 839/839/2378
f 839/839/2379 36/36/2379 38/38/2379
f 839/839/2380 38/38/2380 840/840/2380
f 841/841/2381 842/842/2381 843/843/2381
f 843/843/2382 842/842/2382 844/844/2382
f 843/843/2383 844/844/2384 845/845/2385
f 845/845/2385 844/844/2384 846/846/2386
f 847/847/2387 846/846/2387 848/848/2387
f 848/848/2388 846/846/2388 844/844/2388
f 848/848/2389 844/844/2389 849/849/2389
f 849/849/2390 844/844/2391 842/842/2392
f 849/849/2390 842/842/2392 811/811/2290
f 850/850/2393 851/851/2393 852/852/2393
f 852/852/2394 851/851/2394 853/853/2394
f 852/852/2395 853/853/2395 854/854/2395
f 854/854/2396 853/853/2397 855/855/2398
f 854/854/2399 855/855/2400 856/856/2401
f 856/856/2402 855/855/2403 857/857/2404
f 856/856/2402 857/857/2404 95/95/2405
f 858/858/2406 859/859/2406 563/563/2406
f 563/563/2407 859/859/2408 584/584/2409
f 563/563/2407 584/584/2409 561/561/2410
f 561/561/2411 584/584/2411 583/583/2411
f 561/561/1330 583/583/2412 34/34/1328
f 34/34/2413 583/583/2413 581/581/2413
f 34/34/2414 581/581/2415 35/35/2416
f 35/35/2416 581/581/2415 579/579/2417
f 35/35/2418 579/579/2419 594/594/2420
f 594/594/2420 579/579/2419 577/577/2421
f 594/594/2422 577/577/2423 592/592/2424
f 592/592/2424 577/577/2423 575/575/2425
f 592/592/2426 575/575/2427 590/590/2428
f 590/590/2428 575/575/2427 573/573/2429
f 590/590/1390 573/573/2430 588/588/1388
f 588/588/2431 573/573/1359 571/571/1358
f 588/588/1386 571/571/1386 586/586/1385
f 586/586/1353 571/571/1352 569/569/1353
f 586/586/1381 569/569/2432 26/26/1379
f 26/26/2433 569/569/1349 27/27/1348
f 26/26/2434 27/27/2434 24/24/2434
f 24/24/2435 27/27/2435 29/29/2435
f 24/24/2436 29/29/2436 683/683/2436
f 31/31/2437 567/567/2437 32/32/2437
f 32/32/1351 567/567/1350 570/570/1351
f 32/32/1338 570/570/2438 564/564/1339
f 564/564/2439 570/570/1354 572/572/1356
f 564/564/2440 572/572/2441 565/565/2442
f 565/565/2442 572/572/2441 574/574/2443
f 565/565/2444 574/574/2445 555/555/2446
f 555/555/2446 574/574/2445 576/576/2447
f 555/555/2448 576/576/2449 553/553/2450
f 553/553/2450 576/576/2449 578/578/2451
f 553/553/2452 578/578/2453 551/551/2454
f 551/551/2454 578/578/2453 580/580/2455
f 551/551/2456 580/580/2456 837/837/2456
f 837/837/2457 580/580/2457 582/582/2457
f 837/837/2458 582/582/2458 835/835/2458
f 835/835/2459 582/582/2459 584/584/2459
f 835/835/2460 584/584/2460 833/833/2460
f 833/833/2461 584/584/2462 859/859/2463
f 833/833/2461 859/859/2463 830/830/2464
f 96/96/2465 841/841/2465 95/95/2465
f 95/95/2466 841/841/2466 843/843/2466
f 95/95/2405 843/843/2467 856/856/2402
f 856/856/2401 843/843/2468 845/845/2469
f 856/856/2401 845/845/2469 854/854/2399
f 854/854/2470 845/845/2470 846/846/2470
f 854/854/2471 846/846/2471 852/852/2471
f 852/852/2472 846/846/2472 847/847/2472
f 852/852/2473 847/847/2473 850/850/2473
f 851/851/2474 860/860/2474 853/853/2474
f 853/853/2475 860/860/2476 861/861/2477
f 853/853/2397 861/861/2478 855/855/2398
f 855/855/2479 861/861/2480 862/862/2481
f 855/855/2403 862/862/2482 857/857/2404
f 857/857/2483 862/862/2484 863/863/2485
f 857/857/2483 863/863/2485 95/95/2486
f 95/95/2487 863/863/2488 72/72/2489
f 95/95/2490 72/72/2490 93/93/2490
f 93/93/2491 72/72/2491 70/70/2491
f 97/97/88 864/864/2492 98/98/89
f 98/98/89 864/864/2492 865/865/2493
f 98/98/93 865/865/2494 102/102/95
f 102/102/97 865/865/2495 866/866/2496
f 102/102/97 866/866/2496 103/103/98
f 103/103/2497 866/866/2497 867/867/2497
f 811/811/2290 812/812/2292 849/849/2390
f 849/849/2498 812/812/2498 813/813/2498
f 849/849/2499 813/813/2499 848/848/2499
f 848/848/2500 813/813/2500 814/814/2500
f 848/848/2501 814/814/2501 847/847/2501
f 847/847/2502 814/814/2502 830/830/2502
f 847/847/2503 830/830/2503 850/850/2503
f 850/850/2504 830/830/2504 859/859/2504
f 850/850/2505 859/859/2506 851/851/2507
f 851/851/2507 859/859/2506 858/858/2508
f 851/851/2509 858/858/2509 860/860/2509
f 860/860/2510 858/858/2510 868/868/2510
f 860/860/2476 868/868/2511 861/861/2477
f 861/861/2512 868/868/2513 869/869/2514
f 861/861/2480 869/869/2515 862/862/2481
f 862/862/2516 869/869/2517 870/870/2518
f 862/862/2484 870/870/2519 863/863/2485
f 863/863/2488 870/870/2520 871/871/2521
f 863/863/2488 871/871/2521 72/72/2489
f 872/872/2522 7/7/2523 873/873/2524
f 873/873/2525 7/7/9 5/5/8
f 873/873/2525 5/5/8 864/864/2526
f 864/864/2527 5/5/5 4/4/4
f 864/864/2528 4/4/2529 865/865/2530
f 874/874/2531 875/875/2531 876/876/2531
f 876/876/2532 875/875/2533 877/877/2534
f 878/878/2535 867/867/2535 879/879/2535
f 879/879/2536 867/867/2537 866/866/2538
f 879/879/2536 866/866/2538 880/880/2539
f 880/880/2540 866/866/2540 865/865/2540
f 880/880/2541 865/865/2541 881/881/2541
f 881/881/2542 865/865/2530 4/4/2529
f 881/881/2543 4/4/2544 882/882/2545
f 882/882/2546 4/4/4 6/6/6
f 882/882/2547 6/6/2548 883/883/2549
f 883/883/2550 6/6/2550 7/7/2550
f 883/883/2551 7/7/2552 884/884/2553
f 884/884/2553 7/7/2552 872/872/2554
f 884/884/2555 872/872/2556 877/877/2557
f 885/885/2558 120/120/2558 886/886/2558
f 886/886/2559 120/120/2560 122/122/2561
f 886/886/2559 122/122/2561 887/887/2562
f 887/887/2563 122/122/2564 124/124/2565
f 887/887/2563 124/124/2565 888/888/2566
f 888/888/2567 124/124/2568 889/889/2569
f 888/888/2567 889/889/2569 890/890/2570
f 890/890/2571 889/889/2572 891/891/2573
f 890/890/2571 891/891/2573 892/892/2574
f 892/892/2575 891/891/2576 893/893/2577
f 892/892/2578 893/893/2579 894/894/2580
f 894/894/2581 893/893/2582 895/895/2583
f 894/894/2584 895/895/2584 896/896/2584
f 896/896/2585 895/895/2586 897/897/2587
f 896/896/2585 897/897/2587 898/898/2588
f 898/898/2588 897/897/2587 899/899/2589
f 898/898/2590 899/899/2591 900/900/2592
f 900/900/2592 899/899/2591 901/901/2593
f 900/900/2594 901/901/2595 902/902/2595
f 902/902/2595 901/901/2595 903/903/2596
f 902/902/2597 903/903/2597 904/904/2597
f 904/904/2598 903/903/2598 905/905/2598
f 904/904/2599 905/905/2600 906/906/2601
f 67/67/2602 885/885/2602 68/68/2602
f 68/68/2603 885/885/2604 886/886/2603
f 68/68/2603 886/886/2603 907/907/2605
f 907/907/2606 886/886/2607 887/887/2608
f 907/907/2606 887/887/2608 908/908/2609
f 908/908/2610 887/887/2611 888/888/2612
f 908/908/2610 888/888/2612 909/909/2613
f 909/909/2614 888/888/2615 890/890/2616
f 909/909/2614 890/890/2616 910/910/2617
f 910/910/2618 890/890/2618 892/892/2618
f 910/910/2619 892/892/2619 911/911/2619
f 911/911/2620 892/892/2578 894/894/2580
f 911/911/2621 894/894/2621 912/912/2621
f 912/912/2622 894/894/2623 896/896/2624
f 912/912/2622 896/896/2624 913/913/2625
f 913/913/2626 896/896/2626 898/898/2626
f 913/913/2627 898/898/2628 914/914/2629
f 914/914/2629 898/898/2628 900/900/2630
f 914/914/2631 900/900/2632 915/915/2633
f 915/915/2633 900/900/2632 902/902/2634
f 915/915/2635 902/902/2636 916/916/2637
f 916/916/2638 902/902/2638 904/904/2638
f 916/916/2639 904/904/2640 917/917/2641
f 917/917/2642 904/904/2599 906/906/2601
f 917/917/2643 906/906/2643 918/918/2643
f 897/897/2644 919/919/2645 899/899/2646
f 899/899/2647 919/919/2647 920/920/2647
f 899/899/2648 920/920/2649 901/901/2650
f 901/901/2650 920/920/2649 921/921/2651
f 901/901/2652 921/921/2653 903/903/2653
f 903/903/2653 921/921/2653 922/922/2654
f 903/903/2655 922/922/2656 905/905/2657
f 905/905/2657 922/922/2656 923/923/2658
f 905/905/2659 923/923/2660 906/906/2661
f 906/906/2661 923/923/2660 924/924/2662
f 906/906/2663 924/924/2664 918/918/2665
f 918/918/2665 924/924/2664 925/925/2666
f 918/918/2667 925/925/2668 926/926/2669
f 926/926/2669 925/925/2668 927/927/2670
f 926/926/2671 927/927/2672 928/928/2673
f 928/928/2673 927/927/2672 929/929/2674
f 928/928/2675 929/929/2676 930/930/2677
f 930/930/2677 929/929/2676 931/931/2678
f 930/930/2679 931/931/2680 932/932/2681
f 932/932/2681 931/931/2680 933/933/2682
f 932/932/2683 933/933/2684 934/934/2685
f 934/934/2685 933/933/2684 935/935/2686
f 934/934/2687 935/935/2688 936/936/2689
f 936/936/2689 935/935/2688 937/937/2690
f 936/936/2691 937/937/2692 938/938/2693
f 938/938/2693 937/937/2692 939/939/2694
f 938/938/2695 939/939/2696 940/940/2697
f 940/940/2697 939/939/2696 941/941/2698
f 940/940/2699 941/941/2700 942/942/2701
f 942/942/2701 941/941/2700 943/943/2702
f 942/942/2703 943/943/2704 944/944/2705
f 944/944/2705 943/943/2704 945/945/2706
f 944/944/2707 945/945/2708 946/946/2709
f 946/946/2709 945/945/2708 947/947/2710
f 946/946/2711 947/947/2712 948/948/2713
f 948/948/2713 947/947/2712 949/949/2714
f 948/948/2715 949/949/2716 950/950/2717
f 715/715/2718 950/950/2718 716/716/2718
f 716/716/2719 950/950/2717 949/949/2716
f 716/716/2720 949/949/2720 670/670/2720
f 670/670/2721 949/949/2721 947/947/2721
f 670/670/2722 947/947/2723 671/671/2724
f 671/671/2724 947/947/2723 945/945/2725
f 671/671/2726 945/945/2727 672/672/2728
f 672/672/2728 945/945/2727 943/943/2729
f 672/672/2730 943/943/2731 673/673/2732
f 673/673/2732 943/943/2731 941/941/2733
f 673/673/2734 941/941/2735 674/674/2736
f 674/674/2736 941/941/2735 939/939/2737
f 674/674/2738 939/939/2739 675/675/2740
f 675/675/2740 939/939/2739 937/937/2741
f 675/675/2742 937/937/2743 609/609/2744
f 609/609/2744 937/937/2743 935/935/2745
f 609/609/2746 935/935/2747 23/23/2748
f 23/23/2748 935/935/2747 933/933/2749
f 23/23/2750 933/933/2751 18/18/2752
f 18/18/2752 933/933/2751 931/931/2753
f 18/18/2754 931/931/2755 19/19/2756
f 19/19/2756 931/931/2755 929/929/2757
f 19/19/2758 929/929/2759 951/951/2760
f 951/951/2760 929/929/2759 927/927/2761
f 951/951/2762 927/927/2763 952/952/2764
f 952/952/2764 927/927/2763 925/925/2763
f 952/952/2765 925/925/2766 953/953/2767
f 953/953/2767 925/925/2766 924/924/2768
f 953/953/2769 924/924/2770 954/954/2771
f 954/954/2771 924/924/2770 923/923/2772
f 954/954/2773 923/923/2774 955/955/2774
f 955/955/2774 923/923/2774 922/922/2775
f 955/955/2776 922/922/2777 874/874/2777
f 874/874/2777 922/922/2777 921/921/2778
f 874/874/2779 921/921/2779 875/875/2779
f 875/875/2780 921/921/2780 920/920/2780
f 875/875/2781 920/920/2781 877/877/2781
f 877/877/2782 920/920/2782 919/919/2782
f 877/877/2783 919/919/2783 884/884/2783
f 884/884/2784 919/919/2645 897/897/2644
f 884/884/2785 897/897/2785 883/883/2785
f 883/883/2786 897/897/2786 895/895/2786
f 883/883/2549 895/895/2787 882/882/2547
f 882/882/2788 895/895/2583 893/893/2582
f 882/882/2545 893/893/2789 881/881/2543
f 881/881/2790 893/893/2577 891/891/2576
f 881/881/2790 891/891/2576 880/880/2791
f 880/880/2792 891/891/2793 889/889/2794
f 880/880/2792 889/889/2794 879/879/2795
f 879/879/2796 889/889/2797 124/124/2796
f 879/879/2796 124/124/2796 878/878/2798
f 878/878/2799 124/124/2799 123/123/2799
f 878/878/2800 123/123/2800 956/956/2800
f 956/956/2801 123/123/2801 121/121/2801
f 957/957/2802 2/2/2802 958/958/2802
f 808/808/2803 807/807/2804 959/959/2805
f 959/959/2806 807/807/2806 960/960/2806
f 959/959/2807 960/960/2807 961/961/2807
f 961/961/2808 960/960/2809 962/962/2810
f 961/961/2811 962/962/2812 963/963/2813
f 963/963/2814 962/962/2814 964/964/2814
f 963/963/2815 964/964/2816 965/965/2817
f 965/965/2818 964/964/2819 966/966/2820
f 965/965/2818 966/966/2820 967/967/2821
f 967/967/2822 966/966/2822 968/968/2822
f 967/967/2823 968/968/2824 969/969/2825
f 969/969/2826 968/968/2827 970/970/2828
f 969/969/2826 970/970/2828 957/957/2829
f 957/957/2830 970/970/2831 2/2/33
f 99/99/2832 69/69/2832 97/97/2832
f 97/97/2833 69/69/2834 71/71/2835
f 97/97/2833 71/71/2835 864/864/2836
f 864/864/2837 71/71/57 72/72/59
f 864/864/2526 72/72/2838 873/873/2525
f 873/873/2524 72/72/2839 871/871/2840
f 873/873/2524 871/871/2840 872/872/2522
f 872/872/2841 871/871/2521 870/870/2520
f 872/872/2556 870/870/2842 877/877/2557
f 877/877/2843 870/870/2518 869/869/2517
f 877/877/2534 869/869/2844 876/876/2532
f 876/876/2845 869/869/2514 868/868/2513
f 876/876/2846 868/868/2846 874/874/2846
f 874/874/2847 868/868/2848 858/858/2849
f 874/874/2847 858/858/2849 955/955/2850
f 955/955/2851 858/858/2851 563/563/2851
f 955/955/2852 563/563/2853 954/954/2854
f 954/954/2854 563/563/2853 562/562/2855
f 954/954/2856 562/562/2857 953/953/2857
f 953/953/2857 562/562/2857 597/597/2858
f 953/953/2859 597/597/2860 952/952/2861
f 952/952/2861 597/597/2860 596/596/2862
f 952/952/2863 596/596/2864 951/951/2865
f 951/951/2865 596/596/2864 595/595/2866
f 951/951/2867 595/595/2868 19/19/2869
f 19/19/2869 595/595/2868 593/593/2870
f 19/19/2871 593/593/2871 17/17/2871
f 17/17/2872 593/593/2872 601/601/2872
f 17/17/1430 601/601/2873 608/608/1428
f 608/608/2874 601/601/1416 600/600/1415
f 608/608/1426 600/600/2875 607/607/1424
f 607/607/2876 600/600/1411 599/599/1412
f 607/607/1440 599/599/2877 21/21/1441
f 21/21/2878 599/599/1410 598/598/1409
f 21/21/2879 598/598/2879 22/22/2879
f 22/22/2880 598/598/2880 760/760/2880
f 22/22/1435 760/760/2881 610/610/1433
f 610/610/2882 760/760/2005 761/761/2007
f 610/610/2883 761/761/2883 670/670/2883
f 670/670/2884 761/761/2884 762/762/2884
f 670/670/2885 762/762/2885 716/716/2885
f 716/716/2886 762/762/2012 764/764/2014
f 716/716/2887 764/764/2887 714/714/2887
f 714/714/2888 764/764/2018 766/766/2020
f 714/714/2889 766/766/2889 809/809/2889
f 809/809/2890 766/766/2024 768/768/2026
f 809/809/2891 768/768/2891 807/807/2891
f 807/807/2892 768/768/2892 778/778/2892
f 807/807/2893 778/778/2893 960/960/2893
f 960/960/2894 778/778/2894 777/777/2894
f 960/960/2809 777/777/2895 962/962/2810
f 962/962/2896 777/777/2896 791/791/2896
f 962/962/2897 791/791/2897 964/964/2897
f 964/964/2898 791/791/2899 790/790/2900
f 964/964/2898 790/790/2900 966/966/2901
f 966/966/2902 790/790/2903 806/806/2904
f 966/966/2902 806/806/2904 968/968/2905
f 968/968/2906 806/806/2907 47/47/2908
f 968/968/2906 47/47/2908 970/970/2909
f 970/970/2831 47/47/34 2/2/33
f 958/958/2910 547/547/2910 957/957/2911
f 957/957/2912 547/547/2912 539/539/2912
f 957/957/2829 539/539/2913 969/969/2826
f 969/969/2914 539/539/1242 477/477/1244
f 969/969/2825 477/477/2915 967/967/2823
f 967/967/2916 477/477/1137 472/472/1136
f 967/967/2917 472/472/2917 965/965/2917
f 965/965/2918 472/472/1124 57/57/1123
f 965/965/2817 57/57/2919 963/963/2815
f 963/963/2920 57/57/42 59/59/44
f 963/963/2813 59/59/2921 961/961/2811
f 961/961/2922 59/59/2922 290/290/2922
f 961/961/2923 290/290/2923 959/959/2923
f 959/959/2924 290/290/1280 514/514/1279
f 959/959/2805 514/514/2925 808/808/2803
f 808/808/2926 514/514/1202 513/513/1201
f 808/808/2927 513/513/2927 809/809/2927
f 809/809/2928 513/513/1937 757/757/1939
f 809/809/2929 757/757/2929 714/714/2929
f 714/714/2930 757/757/2930 756/756/2930
f 714/714/2931 756/756/2932 715/715/2933
f 715/715/2933 756/756/2932 748/748/2934
f 715/715/2935 748/748/2936 950/950/2937
f 950/950/2937 748/748/2936 747/747/2938
f 950/950/2939 747/747/2940 948/948/2941
f 948/948/2941 747/747/2940 723/723/2942
f 948/948/2943 723/723/2944 946/946/2945
f 946/946/2945 723/723/2944 722/722/2946
f 946/946/2947 722/722/2948 944/944/2949
f 944/944/2949 722/722/2948 653/653/2950
f 944/944/2951 653/653/2952 942/942/2953
f 942/942/2953 653/653/2952 652/652/2954
f 942/942/2955 652/652/2956 940/940/2957
f 940/940/2957 652/652/2956 624/624/2958
f 940/940/2959 624/624/2960 938/938/2961
f 938/938/2961 624/624/2960 623/623/2962
f 938/938/2963 623/623/2964 936/936/2965
f 936/936/2965 623/623/2964 669/669/2966
f 936/936/2967 669/669/2968 934/934/2969
f 934/934/2969 669/669/2968 668/668/2970
f 934/934/2971 668/668/2972 932/932/2973
f 932/932/2973 668/668/2972 667/667/2974
f 932/932/2975 667/667/2976 930/930/2977
f 930/930/2977 667/667/2976 666/666/2978
f 930/930/2979 666/666/2980 928/928/2981
f 928/928/2981 666/666/2980 665/665/2982
f 928/928/2983 665/665/2984 926/926/2985
f 926/926/2985 665/665/2984 664/664/2986
f 926/926/2987 664/664/2988 918/918/2989
f 918/918/2989 664/664/2988 622/622/2990
f 918/918/2991 622/622/2991 917/917/2991
f 917/917/2992 622/622/2992 621/621/2992
f 917/917/2641 621/621/2993 916/916/2639
f 916/916/2994 621/621/1471 619/619/1470
f 916/916/2637 619/619/2995 915/915/2635
f 915/915/2996 619/619/1465 157/157/1465
f 915/915/2997 157/157/2998 914/914/2999
f 914/914/2999 157/157/2998 155/155/3000
f 914/914/3001 155/155/3002 913/913/3003
f 913/913/3003 155/155/3002 153/153/3004
f 913/913/3005 153/153/3005 912/912/3005
f 912/912/3006 153/153/3007 151/151/3008
f 912/912/3006 151/151/3008 911/911/3009
f 911/911/3010 151/151/3010 149/149/3010
f 911/911/3011 149/149/3011 910/910/3011
f 910/910/3012 149/149/3012 148/148/3012
f 910/910/3013 148/148/3013 909/909/3013
f 909/909/3014 148/148/3014 160/160/3014
f 909/909/3015 160/160/3015 908/908/3015
f 908/908/3016 160/160/3017 159/159/3018
f 908/908/3016 159/159/3018 907/907/3019
f 907/907/3020 159/159/3020 126/126/3020
f 907/907/3021 126/126/3021 68/68/3021
f 68/68/55 126/126/3022 125/125/3023
f 68/68/55 125/125/3023 66/66/53
f 66/66/3024 125/125/3024 106/106/3024
f 971/971/3025 972/972/3026 973/973/3027
f 974/974/3028 975/975/3029 972/972/3030
f 976/976/3031 977/977/3032 978/978/3033
f 979/979/3034 980/980/3035 981/981/3036
f 982/982/3037 983/983/3038 984/984/3039
f 985/985/3040 986/986/3040 987/987/3040
f 988/988/3041 2/2/3042 989/989/3043
f 990/990/3044 2/2/3042 988/988/3041
f 991/991/3045 992/992/3045 993/993/3045
f 994/994/3046 995/995/3046 996/996/3046
f 997/997/3047 998/998/3047 999/999/3047
f 1000/1000/3048 1001/1001/3048 1002/1002/3048
f 998/998/3049 997/997/3049 1003/1003/3049
f 1004/1004/3050 1005/1005/3050 1006/1006/3050
f 1006/1006/3051 1005/1005/3051 1007/1007/3051
f 1008/1008/3052 1007/1007/3052 1009/1009/3052
f 1010/1010/3053 1011/1011/3054 1012/1012/3055
f 1013/1013/3056 1014/1014/3057 1015/1015/3058
f 1016/1016/3059 1017/1017/3060 1014/1014/3061
f 534/534/3062 543/543/3063 1018/1018/3064
f 1019/1019/3065 2/2/3066 1020/1020/3067
f 1018/1018/3068 543/543/3069 1021/1021/3070
f 1022/1022/3071 1023/1023/3072 1024/1024/3073
f 1025/1025/3074 1026/1026/3075 1027/1027/3076
f 385/385/3077 384/384/3078 1028/1028/3079
f 1029/1029/3080 1030/1030/3080 1031/1031/3080
f 1031/1031/3081 1030/1030/3081 1032/1032/3081
f 1033/1033/3082 1034/1034/3083 1035/1035/3084
f 1036/1036/3085 1037/1037/3086 1038/1038/3087
f 1039/1039/3088 1040/1040/3089 1041/1041/3090
f 1042/1042/3091 1043/1043/3092 1044/1044/3093
f 1045/1045/3094 1046/1046/3095 1047/1047/3096
f 1048/1048/3097 1049/1049/3098 1050/1050/3099
f 1051/1051/3100 1052/1052/3100 1053/1053/3100
f 1054/1054/3101 1055/1055/3102 1056/1056/3103
f 1057/1057/3104 1058/1058/3105 1059/1059/3104
f 1059/1059/3106 1058/1058/3106 1060/1060/3106
f 1059/1059/3107 1060/1060/3107 1061/1061/3107
f 1062/1062/3108 1063/1063/3108 1064/1064/3108
f 1064/1064/3109 1063/1063/3110 1065/1065/3110
f 1064/1064/3111 1065/1065/3111 1066/1066/3111
f 1066/1066/3112 1065/1065/3113 1067/1067/3114
f 1066/1066/3115 1067/1067/3115 1068/1068/3115
f 1068/1068/3116 1067/1067/3117 1069/1069/3118
f 1068/1068/3119 1069/1069/3119 1070/1070/3119
f 1070/1070/3120 1069/1069/3121 1071/1071/3122
f 1070/1070/3123 1071/1071/3123 1072/1072/3123
f 1072/1072/3124 1071/1071/3124 1073/1073/3124
f 1073/1073/3125 1071/1071/3126 1074/1074/3126
f 1073/1073/3127 1074/1074/3127 1075/1075/3127
f 1075/1075/3128 1074/1074/3129 1076/1076/3130
f 1075/1075/3131 1076/1076/3131 1077/1077/3131
f 1077/1077/3132 1076/1076/3133 1078/1078/3134
f 1077/1077/3135 1078/1078/3135 1079/1079/3135
f 1080/1080/3136 1081/1081/3136 1082/1082/3136
f 1082/1082/3137 1081/1081/3138 1083/1083/3139
f 1082/1082/3140 1083/1083/3140 1084/1084/3140
f 1084/1084/3141 1083/1083/3142 1085/1085/3143
f 1084/1084/3144 1085/1085/3144 1086/1086/3144
f 1055/1055/3145 1054/1054/3145 1085/1085/3145
f 1085/1085/3146 1054/1054/3146 1087/1087/3146
f 1085/1085/3147 1087/1087/3147 1086/1086/3147
f 1088/1088/3148 1089/1089/3148 1090/1090/3148
f 1090/1090/3149 1089/1089/3149 1091/1091/3149
f 1090/1090/3150 1091/1091/3151 1092/1092/3150
f 1090/1090/3152 1093/1093/3152 1088/1088/3153
f 1088/1088/3154 1093/1093/3155 1094/1094/3156
f 1088/1088/3157 1094/1094/3157 1095/1095/3157
f 1095/1095/3158 1094/1094/3159 1096/1096/3160
f 1095/1095/3161 1096/1096/3161 1097/1097/3161
f 1097/1097/3162 1096/1096/3163 1098/1098/3164
f 1097/1097/3165 1098/1098/3165 1099/1099/3165
f 1051/1051/3166 1053/1053/3167 1100/1100/3168
f 1049/1049/3169 1048/1048/3170 1101/1101/3171
f 1102/1102/3172 1103/1103/3173 983/983/3174
f 983/983/3175 1103/1103/3176 1104/1104/3177
f 983/983/3175 1104/1104/3177 984/984/3178
f 984/984/3178 1104/1104/3177 1105/1105/3179
f 984/984/3180 1105/1105/3181 1106/1106/3182
f 1107/1107/3183 1108/1108/3184 982/982/3185
f 982/982/3185 1108/1108/3184 1109/1109/3186
f 1109/1109/3186 1110/1110/3187 982/982/3185
f 982/982/3185 1110/1110/3187 1111/1111/3188
f 982/982/3189 1111/1111/3189 983/983/3189
f 983/983/3174 1111/1111/3190 1112/1112/3191
f 983/983/3174 1112/1112/3191 1102/1102/3172
f 1113/1113/3192 1114/1114/3193 979/979/3194
f 979/979/3195 1114/1114/3196 1115/1115/3197
f 979/979/3195 1115/1115/3197 1116/1116/3198
f 1116/1116/3199 1117/1117/3200 979/979/3201
f 979/979/3201 1117/1117/3200 1118/1118/3202
f 979/979/3203 1118/1118/3204 980/980/3205
f 980/980/3205 1118/1118/3204 1119/1119/3206
f 980/980/3205 1119/1119/3206 1120/1120/3207
f 1121/1121/3208 978/978/3033 1122/1122/3209
f 1122/1122/3209 978/978/3033 977/977/3032
f 1122/1122/3210 977/977/3210 1123/1123/3210
f 1123/1123/3211 977/977/3212 1124/1124/3213
f 1125/1125/3214 1126/1126/3215 1127/1127/3216
f 1081/1081/3138 1128/1128/3217 1083/1083/3139
f 1083/1083/3218 1128/1128/3219 1129/1129/3219
f 1083/1083/3142 1129/1129/3220 1085/1085/3143
f 1085/1085/3221 1129/1129/3222 1130/1130/3222
f 1085/1085/3223 1130/1130/3223 1055/1055/3223
f 1055/1055/3224 1130/1130/3225 1092/1092/3225
f 1055/1055/3102 1092/1092/3226 1056/1056/3103
f 1056/1056/3227 1092/1092/3227 1091/1091/3227
f 1131/1131/3228 1078/1078/3229 1132/1132/3230
f 1132/1132/3231 1078/1078/3134 1076/1076/3133
f 1132/1132/3232 1076/1076/3233 1133/1133/3234
f 1133/1133/3235 1076/1076/3130 1074/1074/3129
f 1133/1133/3235 1074/1074/3129 1134/1134/3236
f 1134/1134/3237 1074/1074/3126 1071/1071/3126
f 1134/1134/3238 1071/1071/3239 1135/1135/3240
f 1135/1135/3241 1071/1071/3122 1069/1069/3121
f 1135/1135/3242 1069/1069/3243 1136/1136/3244
f 1136/1136/3245 1069/1069/3118 1067/1067/3117
f 1136/1136/3246 1067/1067/3247 1137/1137/3248
f 1137/1137/3249 1067/1067/3114 1065/1065/3113
f 1137/1137/3250 1065/1065/3251 1138/1138/3252
f 1138/1138/3253 1065/1065/3110 1063/1063/3110
f 1138/1138/3254 1063/1063/3255 1057/1057/3256
f 1057/1057/3256 1063/1063/3255 1062/1062/3257
f 1057/1057/3258 1062/1062/3258 1058/1058/3258
f 1139/1139/3259 1046/1046/3260 1140/1140/3261
f 1140/1140/3261 1046/1046/3260 1045/1045/3262
f 1140/1140/3263 1045/1045/3264 1141/1141/3265
f 1142/1142/3266 1047/1047/3267 1143/1143/3268
f 1143/1143/3269 1047/1047/3270 1046/1046/3271
f 1143/1143/3269 1046/1046/3271 1144/1144/3272
f 1144/1144/3273 1046/1046/3274 1139/1139/3275
f 1144/1144/3273 1139/1139/3275 1145/1145/3276
f 1146/1146/3277 1147/1147/3278 1148/1148/3279
f 1148/1148/3280 1147/1147/3281 1149/1149/3282
f 1148/1148/3280 1149/1149/3282 1150/1150/3283
f 1151/1151/3284 1150/1150/3284 1152/1152/3284
f 1152/1152/3285 1150/1150/3285 1149/1149/3285
f 1152/1152/3286 1149/1149/3286 1153/1153/3286
f 1153/1153/3287 1149/1149/3288 1147/1147/3289
f 1154/1154/3290 1142/1142/3291 1155/1155/3292
f 1155/1155/3293 1142/1142/3294 1143/1143/3295
f 1155/1155/3293 1143/1143/3295 1156/1156/3296
f 1156/1156/3297 1143/1143/3298 1144/1144/3299
f 1156/1156/3297 1144/1144/3299 1157/1157/3300
f 1157/1157/3301 1144/1144/3301 1145/1145/3301
f 1157/1157/3302 1145/1145/3303 1158/1158/3304
f 1151/1151/3305 1159/1159/3305 1150/1150/3305
f 1150/1150/3306 1159/1159/3307 1160/1160/3308
f 1150/1150/3309 1160/1160/3309 1148/1148/3309
f 1148/1148/3310 1160/1160/3311 1161/1161/3312
f 1148/1148/3313 1161/1161/3313 1146/1146/3313
f 1146/1146/3314 1161/1161/3315 1162/1162/3316
f 1163/1163/3317 1164/1164/3318 1165/1165/3319
f 1166/1166/3320 1152/1152/3320 1167/1167/3320
f 1167/1167/3321 1152/1152/3321 1153/1153/3321
f 1167/1167/3322 1153/1153/3323 1168/1168/3324
f 1168/1168/3325 1153/1153/3287 1147/1147/3289
f 1168/1168/3326 1147/1147/3327 1169/1169/3328
f 1169/1169/3329 1147/1147/3278 1146/1146/3277
f 1169/1169/3330 1146/1146/3331 1170/1170/3332
f 1170/1170/3333 1146/1146/3333 1162/1162/3333
f 1170/1170/3334 1162/1162/3335 1163/1163/3336
f 249/249/3337 212/212/3338 1171/1171/3339
f 1171/1171/3340 212/212/3340 1172/1172/3340
f 1171/1171/3341 1172/1172/3342 1173/1173/3343
f 1174/1174/3344 1173/1173/3345 1175/1175/3346
f 1175/1175/3347 1173/1173/3348 1172/1172/3349
f 1175/1175/3347 1172/1172/3349 1176/1176/3350
f 1176/1176/3351 1172/1172/3351 212/212/3351
f 1176/1176/3352 212/212/3352 213/213/3352
f 1177/1177/3353 246/246/3354 1178/1178/3355
f 1178/1178/3355 246/246/3354 247/247/3356
f 1178/1178/3355 247/247/3356 1179/1179/3357
f 1179/1179/3357 247/247/3356 248/248/3358
f 1179/1179/3357 248/248/3358 1180/1180/3359
f 1180/1180/3359 248/248/3358 249/249/3360
f 1180/1180/3359 249/249/3360 1181/1181/3361
f 1181/1181/3362 249/249/3337 1171/1171/3339
f 1181/1181/3363 1171/1171/3364 1182/1182/3365
f 1182/1182/3366 1171/1171/3341 1173/1173/3343
f 1182/1182/3367 1173/1173/3368 1183/1183/3369
f 1183/1183/3370 1173/1173/3345 1174/1174/3344
f 1183/1183/3371 1174/1174/3372 1184/1184/3373
f 1163/1163/3374 1165/1165/3374 1170/1170/3374
f 1170/1170/3375 1165/1165/3376 1185/1185/3377
f 1170/1170/3332 1185/1185/3378 1169/1169/3330
f 1169/1169/3379 1185/1185/3380 1186/1186/3381
f 1169/1169/3328 1186/1186/3382 1168/1168/3326
f 1168/1168/3383 1186/1186/3384 1187/1187/3385
f 1168/1168/3324 1187/1187/3386 1167/1167/3322
f 1167/1167/3387 1187/1187/3388 1188/1188/3389
f 1167/1167/3390 1188/1188/3390 1166/1166/3390
f 470/470/3391 251/251/3391 1189/1189/3392
f 1189/1189/3392 251/251/3391 250/250/3393
f 1189/1189/3392 250/250/3393 1177/1177/3353
f 1177/1177/3353 250/250/3393 245/245/3394
f 1177/1177/3353 245/245/3394 246/246/3354
f 1190/1190/3395 1141/1141/3396 1191/1191/3397
f 1191/1191/3398 1141/1141/3265 1045/1045/3264
f 1191/1191/3399 1045/1045/3400 1192/1192/3401
f 1192/1192/3402 1045/1045/3094 1047/1047/3096
f 1192/1192/3403 1047/1047/3404 1193/1193/3405
f 1193/1193/3406 1047/1047/3267 1142/1142/3266
f 1193/1193/3407 1142/1142/3408 1194/1194/3409
f 1194/1194/3409 1142/1142/3408 1154/1154/3410
f 1194/1194/3411 1154/1154/3412 1195/1195/3413
f 1196/1196/3414 1195/1195/3414 1197/1197/3414
f 1197/1197/3415 1195/1195/3413 1154/1154/3412
f 1197/1197/3416 1154/1154/3417 1198/1198/3418
f 1198/1198/3419 1154/1154/3290 1155/1155/3292
f 1198/1198/3420 1155/1155/3421 1199/1199/3422
f 1199/1199/3423 1155/1155/3424 1156/1156/3425
f 1199/1199/3423 1156/1156/3425 1200/1200/3426
f 1200/1200/3427 1156/1156/3428 1157/1157/3429
f 1200/1200/3427 1157/1157/3429 1201/1201/3430
f 1201/1201/3431 1157/1157/3431 1158/1158/3431
f 1201/1201/3432 1158/1158/3433 1202/1202/3434
f 1040/1040/3435 1203/1203/3436 1204/1204/3437
f 1205/1205/3438 1196/1196/3439 1206/1206/3440
f 1206/1206/3414 1196/1196/3414 1197/1197/3414
f 1206/1206/3441 1197/1197/3442 1207/1207/3441
f 1207/1207/3443 1197/1197/3416 1198/1198/3418
f 1207/1207/3444 1198/1198/3445 1208/1208/3446
f 1208/1208/3447 1198/1198/3420 1199/1199/3422
f 1208/1208/3448 1199/1199/3449 1166/1166/3450
f 1166/1166/3451 1199/1199/3452 1200/1200/3453
f 1166/1166/3451 1200/1200/3453 1152/1152/3454
f 1152/1152/3455 1200/1200/3455 1201/1201/3455
f 1152/1152/3456 1201/1201/3456 1151/1151/3456
f 1151/1151/3457 1201/1201/3457 1202/1202/3457
f 1151/1151/3458 1202/1202/3459 1159/1159/3460
f 1209/1209/3461 1205/1205/3462 1210/1210/3463
f 1210/1210/3464 1205/1205/3438 1206/1206/3440
f 1210/1210/3465 1206/1206/3466 1211/1211/3467
f 1211/1211/3468 1206/1206/3441 1207/1207/3441
f 1211/1211/3469 1207/1207/3470 1212/1212/3469
f 1212/1212/3471 1207/1207/3444 1208/1208/3446
f 1212/1212/3472 1208/1208/3473 1213/1213/3474
f 1213/1213/3475 1208/1208/3448 1166/1166/3450
f 1213/1213/3476 1166/1166/3476 1214/1214/3476
f 1214/1214/3477 1166/1166/3477 1188/1188/3477
f 1214/1214/3478 1188/1188/3479 1215/1215/3480
f 1215/1215/3481 1188/1188/3389 1187/1187/3388
f 1215/1215/3482 1187/1187/3483 1216/1216/3484
f 1216/1216/3485 1187/1187/3385 1186/1186/3384
f 1216/1216/3486 1186/1186/3487 1217/1217/3488
f 1217/1217/3489 1186/1186/3381 1185/1185/3380
f 1217/1217/3490 1185/1185/3491 1218/1218/3492
f 1218/1218/3493 1185/1185/3377 1165/1165/3376
f 1218/1218/3494 1165/1165/3495 1219/1219/3496
f 1219/1219/3497 1165/1165/3497 1164/1164/3497
f 1219/1219/3498 1164/1164/3498 1220/1220/3498
f 1221/1221/3499 1209/1209/3500 1222/1222/3501
f 1222/1222/3502 1209/1209/3461 1210/1210/3463
f 1222/1222/3503 1210/1210/3504 1223/1223/3505
f 1223/1223/3506 1210/1210/3465 1211/1211/3467
f 1223/1223/3507 1211/1211/3508 1224/1224/3507
f 1224/1224/3509 1211/1211/3469 1212/1212/3469
f 1224/1224/3510 1212/1212/3511 1225/1225/3510
f 1225/1225/3512 1212/1212/3472 1213/1213/3474
f 1225/1225/3513 1213/1213/3514 1226/1226/3515
f 1226/1226/3516 1213/1213/3516 1214/1214/3516
f 1226/1226/3517 1214/1214/3518 1227/1227/3519
f 1227/1227/3520 1214/1214/3478 1215/1215/3480
f 1227/1227/3521 1215/1215/3522 1228/1228/3523
f 1228/1228/3524 1215/1215/3482 1216/1216/3484
f 1228/1228/3525 1216/1216/3526 1229/1229/3527
f 1229/1229/3528 1216/1216/3486 1217/1217/3488
f 1229/1229/3529 1217/1217/3530 1230/1230/3531
f 1230/1230/3532 1217/1217/3490 1218/1218/3492
f 1230/1230/3533 1218/1218/3534 1231/1231/3535
f 1231/1231/3536 1218/1218/3494 1219/1219/3496
f 1231/1231/3537 1219/1219/3538 1232/1232/3539
f 1232/1232/3540 1219/1219/3541 1220/1220/3542
f 1232/1232/3540 1220/1220/3542 1042/1042/3543
f 1233/1233/3544 1036/1036/3545 1234/1234/3546
f 1036/1036/3085 1038/1038/3087 1234/1234/3547
f 1234/1234/3548 1038/1038/3549 1235/1235/3550
f 1234/1234/3548 1235/1235/3550 1236/1236/3551
f 1236/1236/3552 1235/1235/3552 1237/1237/3552
f 1236/1236/3553 1237/1237/3553 1238/1238/3553
f 1033/1033/3082 1035/1035/3084 1239/1239/3554
f 1239/1239/3555 1035/1035/3556 1240/1240/3557
f 1239/1239/3555 1240/1240/3557 1241/1241/3558
f 1241/1241/3559 1240/1240/3560 1242/1242/3561
f 1241/1241/3559 1242/1242/3561 1243/1243/3562
f 1243/1243/3563 1242/1242/3563 1244/1244/3563
f 1243/1243/3564 1244/1244/3564 1245/1245/3564
f 1042/1042/3091 1044/1044/3093 1232/1232/3565
f 1232/1232/3566 1044/1044/3567 1246/1246/3568
f 1232/1232/3539 1246/1246/3569 1231/1231/3537
f 1231/1231/3570 1246/1246/3571 1247/1247/3572
f 1231/1231/3535 1247/1247/3573 1230/1230/3533
f 1230/1230/3574 1247/1247/3575 1248/1248/3576
f 1230/1230/3531 1248/1248/3577 1229/1229/3529
f 1229/1229/3578 1248/1248/3579 1249/1249/3580
f 1229/1229/3527 1249/1249/3581 1228/1228/3525
f 1228/1228/3582 1249/1249/3583 1250/1250/3584
f 1228/1228/3523 1250/1250/3585 1227/1227/3521
f 1227/1227/3586 1250/1250/3587 1251/1251/3588
f 1227/1227/3519 1251/1251/3589 1226/1226/3517
f 1252/1252/3590 1253/1253/3591 1254/1254/3592
f 1254/1254/3593 1253/1253/3594 1255/1255/3595
f 1254/1254/3593 1255/1255/3595 1256/1256/3596
f 1256/1256/3597 1255/1255/3598 1257/1257/3599
f 1256/1256/3597 1257/1257/3599 1258/1258/3600
f 1258/1258/3601 1257/1257/3602 1259/1259/3603
f 1258/1258/3601 1259/1259/3603 1260/1260/3604
f 1260/1260/3605 1259/1259/3606 1261/1261/3607
f 1260/1260/3605 1261/1261/3607 1262/1262/3608
f 1263/1263/3609 1264/1264/3610 1265/1265/3611
f 1265/1265/3612 1264/1264/3613 1266/1266/3614
f 1265/1265/3612 1266/1266/3614 1267/1267/3615
f 1267/1267/3616 1266/1266/3617 1268/1268/3618
f 1267/1267/3616 1268/1268/3618 1269/1269/3619
f 1269/1269/3620 1268/1268/3621 1270/1270/3622
f 1269/1269/3620 1270/1270/3622 1271/1271/3623
f 1271/1271/3624 1270/1270/3625 1272/1272/3626
f 1271/1271/3624 1272/1272/3626 1273/1273/3627
f 1273/1273/3628 1272/1272/3629 1274/1274/3630
f 1273/1273/3628 1274/1274/3630 1275/1275/3631
f 1275/1275/3632 1274/1274/3633 1276/1276/3634
f 1275/1275/3632 1276/1276/3634 1277/1277/3635
f 1264/1264/3636 1252/1252/3637 1266/1266/3638
f 1266/1266/3639 1252/1252/3640 1254/1254/3641
f 1266/1266/3639 1254/1254/3641 1268/1268/3642
f 1268/1268/3643 1254/1254/3644 1256/1256/3645
f 1268/1268/3643 1256/1256/3645 1270/1270/3646
f 1270/1270/3647 1256/1256/3648 1258/1258/3649
f 1270/1270/3647 1258/1258/3649 1272/1272/3650
f 1272/1272/3651 1258/1258/3652 1260/1260/3653
f 1272/1272/3651 1260/1260/3653 1274/1274/3654
f 1274/1274/3655 1260/1260/3656 1262/1262/3657
f 1274/1274/3655 1262/1262/3657 1276/1276/3658
f 1278/1278/3659 1263/1263/3659 1279/1279/3659
f 1279/1279/3660 1263/1263/3661 1265/1265/3662
f 1279/1279/3660 1265/1265/3662 1280/1280/3663
f 1280/1280/3664 1265/1265/3665 1267/1267/3666
f 1280/1280/3664 1267/1267/3666 1281/1281/3667
f 1281/1281/3668 1267/1267/3669 1269/1269/3670
f 1281/1281/3668 1269/1269/3670 1282/1282/3671
f 1282/1282/3672 1269/1269/3673 1271/1271/3674
f 1282/1282/3672 1271/1271/3674 1283/1283/3675
f 1283/1283/3676 1271/1271/3677 1273/1273/3678
f 1283/1283/3676 1273/1273/3678 1284/1284/3679
f 1284/1284/3680 1273/1273/3681 1275/1275/3682
f 1284/1284/3680 1275/1275/3682 1285/1285/3683
f 1285/1285/3684 1275/1275/3685 1277/1277/3686
f 1285/1285/3684 1277/1277/3686 1286/1286/3687
f 1287/1287/3688 1278/1278/3688 1288/1288/3689
f 1288/1288/3690 1278/1278/3691 1279/1279/3692
f 1288/1288/3690 1279/1279/3692 1289/1289/3693
f 1289/1289/3694 1279/1279/3695 1280/1280/3696
f 1289/1289/3694 1280/1280/3696 1290/1290/3697
f 1290/1290/3698 1280/1280/3699 1281/1281/3698
f 1290/1290/3698 1281/1281/3698 1291/1291/3700
f 1291/1291/3701 1281/1281/3702 1282/1282/3703
f 1291/1291/3701 1282/1282/3703 1292/1292/3704
f 1292/1292/3705 1282/1282/3706 1283/1283/3707
f 1292/1292/3705 1283/1283/3707 1293/1293/3708
f 1293/1293/3709 1283/1283/3710 1284/1284/3711
f 1293/1293/3709 1284/1284/3711 1294/1294/3712
f 1294/1294/3713 1284/1284/3714 1285/1285/3715
f 1294/1294/3713 1285/1285/3715 1295/1295/3716
f 1295/1295/3717 1285/1285/3718 1286/1286/3719
f 1295/1295/3717 1286/1286/3719 1296/1296/3720
f 1297/1297/3721 1287/1287/3722 1298/1298/3723
f 1298/1298/3724 1287/1287/3725 1288/1288/3724
f 1298/1298/3724 1288/1288/3724 1299/1299/3726
f 1299/1299/3727 1288/1288/3728 1289/1289/3727
f 1299/1299/3727 1289/1289/3727 1300/1300/3729
f 1300/1300/3730 1289/1289/3731 1290/1290/3732
f 1300/1300/3730 1290/1290/3732 1301/1301/3733
f 1301/1301/3734 1290/1290/3735 1291/1291/3736
f 1301/1301/3734 1291/1291/3736 1302/1302/3737
f 1302/1302/3738 1291/1291/3739 1292/1292/3740
f 1302/1302/3738 1292/1292/3740 1303/1303/3741
f 1303/1303/3742 1292/1292/3743 1293/1293/3744
f 1303/1303/3742 1293/1293/3744 1304/1304/3745
f 1304/1304/3746 1293/1293/3747 1294/1294/3746
f 1304/1304/3746 1294/1294/3746 1305/1305/3748
f 1305/1305/3749 1294/1294/3750 1295/1295/3749
f 1305/1305/3749 1295/1295/3749 1306/1306/3751
f 1306/1306/3752 1295/1295/3753 1296/1296/3754
f 1253/1253/3755 1184/1184/3756 1255/1255/3757
f 1255/1255/3758 1184/1184/3759 1174/1174/3760
f 1255/1255/3758 1174/1174/3760 1257/1257/3761
f 1257/1257/3762 1174/1174/3763 1175/1175/3764
f 1257/1257/3762 1175/1175/3764 1259/1259/3765
f 1259/1259/3766 1175/1175/3767 1176/1176/3768
f 1259/1259/3766 1176/1176/3768 1261/1261/3769
f 1261/1261/3770 1176/1176/3770 213/213/3770
f 1261/1261/3771 213/213/3771 1262/1262/3771
f 1262/1262/3772 213/213/3772 388/388/3772
f 1262/1262/3773 388/388/3774 1276/1276/3775
f 1276/1276/3775 388/388/3774 387/387/3776
f 1276/1276/3777 387/387/3778 1277/1277/3779
f 1277/1277/3779 387/387/3778 386/386/3780
f 1277/1277/3781 386/386/3781 1286/1286/3781
f 1286/1286/3782 386/386/3782 385/385/3782
f 1286/1286/3783 385/385/3783 1296/1296/3783
f 1296/1296/3784 385/385/3077 1028/1028/3079
f 1296/1296/3754 1028/1028/3785 1306/1306/3752
f 1307/1307/3786 1308/1308/3787 1309/1309/3788
f 1309/1309/3789 1308/1308/3790 1310/1310/3791
f 1309/1309/3789 1310/1310/3791 1311/1311/3792
f 1311/1311/3793 1310/1310/3794 1312/1312/3795
f 1311/1311/3793 1312/1312/3795 1313/1313/3796
f 1313/1313/3797 1312/1312/3798 1314/1314/3799
f 1313/1313/3797 1314/1314/3799 1315/1315/3800
f 1315/1315/3801 1314/1314/3802 1316/1316/3803
f 1315/1315/3801 1316/1316/3803 1317/1317/3804
f 1317/1317/3805 1316/1316/3806 1318/1318/3805
f 1317/1317/3805 1318/1318/3805 1319/1319/3807
f 1319/1319/3808 1318/1318/3809 1320/1320/3808
f 1319/1319/3808 1320/1320/3808 1321/1321/3810
f 1321/1321/3811 1320/1320/3812 1322/1322/3813
f 1321/1321/3811 1322/1322/3813 1323/1323/3814
f 1323/1323/3815 1322/1322/3816 1324/1324/3815
f 1323/1323/3815 1324/1324/3815 1325/1325/3817
f 1325/1325/3818 1324/1324/3819 1326/1326/3820
f 1325/1325/3818 1326/1326/3820 1327/1327/3821
f 1327/1327/3822 1326/1326/3823 1328/1328/3824
f 1327/1327/3822 1328/1328/3824 1329/1329/3825
f 1329/1329/3826 1328/1328/3827 1330/1330/3826
f 1329/1329/3826 1330/1330/3826 1331/1331/3828
f 1332/1332/3829 1333/1333/3830 1334/1334/3831
f 1334/1334/3832 1333/1333/3833 1335/1335/3834
f 1334/1334/3832 1335/1335/3834 1336/1336/3835
f 1336/1336/3836 1335/1335/3837 1337/1337/3838
f 1336/1336/3836 1337/1337/3838 1338/1338/3839
f 1338/1338/3840 1337/1337/3841 1339/1339/3840
f 1338/1338/3840 1339/1339/3840 1340/1340/3842
f 1340/1340/3843 1339/1339/3844 1341/1341/3845
f 1340/1340/3843 1341/1341/3845 1342/1342/3846
f 1342/1342/3847 1341/1341/3848 1343/1343/3849
f 1342/1342/3847 1343/1343/3849 1344/1344/3850
f 1344/1344/3851 1343/1343/3852 1345/1345/3853
f 1344/1344/3851 1345/1345/3853 1346/1346/3854
f 1346/1346/3855 1345/1345/3856 1347/1347/3857
f 1346/1346/3855 1347/1347/3857 1348/1348/3858
f 1348/1348/3859 1347/1347/3860 1349/1349/3861
f 1348/1348/3859 1349/1349/3861 1350/1350/3862
f 1350/1350/3863 1349/1349/3864 1351/1351/3865
f 1350/1350/3863 1351/1351/3865 1352/1352/3866
f 1352/1352/3867 1351/1351/3868 1353/1353/3869
f 1352/1352/3867 1353/1353/3869 1354/1354/3870
f 1354/1354/3871 1353/1353/3872 1355/1355/3873
f 1354/1354/3871 1355/1355/3873 1356/1356/3874
f 1356/1356/3875 1355/1355/3875 1357/1357/3875
f 1356/1356/3876 1357/1357/3876 1358/1358/3876
f 1359/1359/3877 1307/1307/3878 1360/1360/3879
f 1360/1360/3880 1307/1307/3881 1309/1309/3882
f 1360/1360/3880 1309/1309/3882 1361/1361/3883
f 1361/1361/3884 1309/1309/3885 1311/1311/3886
f 1361/1361/3884 1311/1311/3886 1362/1362/3887
f 1362/1362/3888 1311/1311/3889 1313/1313/3890
f 1362/1362/3888 1313/1313/3890 1363/1363/3891
f 1363/1363/3892 1313/1313/3893 1315/1315/3894
f 1363/1363/3892 1315/1315/3894 1364/1364/3895
f 1364/1364/3896 1315/1315/3897 1317/1317/3898
f 1364/1364/3896 1317/1317/3898 1365/1365/3899
f 1365/1365/3900 1317/1317/3901 1319/1319/3902
f 1365/1365/3900 1319/1319/3902 1366/1366/3903
f 1366/1366/3904 1319/1319/3905 1321/1321/3904
f 1366/1366/3904 1321/1321/3904 1367/1367/3906
f 1367/1367/3907 1321/1321/3908 1323/1323/3907
f 1367/1367/3907 1323/1323/3907 1368/1368/3909
f 1368/1368/3910 1323/1323/3911 1325/1325/3910
f 1368/1368/3910 1325/1325/3910 1369/1369/3912
f 1369/1369/3913 1325/1325/3914 1327/1327/3913
f 1369/1369/3913 1327/1327/3913 1370/1370/3915
f 1370/1370/3916 1327/1327/3917 1329/1329/3916
f 1370/1370/3916 1329/1329/3916 1371/1371/3918
f 1371/1371/3919 1329/1329/3920 1331/1331/3919
f 1371/1371/3919 1331/1331/3919 1372/1372/3921
f 1373/1373/3922 1374/1374/3923 1375/1375/3924
f 1372/1372/3925 1332/1332/3925 1371/1371/3926
f 1371/1371/3927 1332/1332/3928 1334/1334/3927
f 1371/1371/3927 1334/1334/3927 1370/1370/3929
f 1370/1370/3930 1334/1334/3931 1336/1336/3930
f 1370/1370/3930 1336/1336/3930 1369/1369/3932
f 1369/1369/3933 1336/1336/3934 1338/1338/3933
f 1369/1369/3933 1338/1338/3933 1368/1368/3935
f 1368/1368/3936 1338/1338/3937 1340/1340/3938
f 1368/1368/3936 1340/1340/3938 1367/1367/3939
f 1367/1367/3940 1340/1340/3941 1342/1342/3942
f 1367/1367/3940 1342/1342/3942 1366/1366/3943
f 1366/1366/3944 1342/1342/3945 1344/1344/3946
f 1366/1366/3944 1344/1344/3946 1365/1365/3947
f 1365/1365/3948 1344/1344/3949 1346/1346/3950
f 1365/1365/3948 1346/1346/3950 1364/1364/3951
f 1364/1364/3952 1346/1346/3953 1348/1348/3954
f 1364/1364/3952 1348/1348/3954 1363/1363/3955
f 1363/1363/3956 1348/1348/3957 1350/1350/3958
f 1363/1363/3956 1350/1350/3958 1362/1362/3959
f 1362/1362/3960 1350/1350/3961 1352/1352/3962
f 1362/1362/3960 1352/1352/3962 1361/1361/3963
f 1361/1361/3964 1352/1352/3965 1354/1354/3966
f 1361/1361/3964 1354/1354/3966 1360/1360/3967
f 1360/1360/3968 1354/1354/3969 1356/1356/3970
f 1360/1360/3968 1356/1356/3970 1359/1359/3971
f 1359/1359/3972 1356/1356/3972 1358/1358/3972
f 1359/1359/3973 1358/1358/3973 1376/1376/3973
f 466/466/3974 1374/1374/3974 465/465/3974
f 465/465/3975 1374/1374/3975 1373/1373/3975
f 465/465/3976 1373/1373/3976 464/464/3976
f 1039/1039/3088 1041/1041/3090 1377/1377/3977
f 1377/1377/3978 1041/1041/3979 1378/1378/3980
f 1377/1377/3978 1378/1378/3980 1379/1379/3981
f 1379/1379/3982 1378/1378/3983 1380/1380/3984
f 1379/1379/3982 1380/1380/3984 1381/1381/3985
f 1381/1381/3986 1380/1380/3987 1382/1382/3988
f 1381/1381/3986 1382/1382/3988 1383/1383/3989
f 1383/1383/3990 1382/1382/3991 1384/1384/3992
f 1383/1383/3990 1384/1384/3992 1385/1385/3993
f 1385/1385/3994 1384/1384/3995 1386/1386/3996
f 1385/1385/3994 1386/1386/3996 1387/1387/3997
f 1387/1387/3998 1386/1386/3999 1388/1388/4000
f 1387/1387/3998 1388/1388/4000 1389/1389/4001
f 1389/1389/4002 1388/1388/4003 1390/1390/4004
f 1389/1389/4002 1390/1390/4004 1391/1391/4005
f 1391/1391/4006 1390/1390/4007 1392/1392/4008
f 1391/1391/4006 1392/1392/4008 1393/1393/4009
f 1393/1393/4010 1392/1392/4011 1394/1394/4012
f 1393/1393/4010 1394/1394/4012 1395/1395/4013
f 1395/1395/4014 1394/1394/4015 1396/1396/4016
f 1395/1395/4014 1396/1396/4016 1397/1397/4017
f 1397/1397/4018 1396/1396/4018 1398/1398/4018
f 1397/1397/4018 1398/1398/4018 1399/1399/4018
f 1040/1040/3435 1204/1204/3437 1041/1041/4019
f 1041/1041/4020 1204/1204/4021 1400/1400/4022
f 1041/1041/4020 1400/1400/4022 1378/1378/4023
f 1378/1378/4024 1400/1400/4025 1401/1401/4026
f 1378/1378/4024 1401/1401/4026 1380/1380/4027
f 1380/1380/4028 1401/1401/4029 1402/1402/4030
f 1380/1380/4028 1402/1402/4030 1382/1382/4031
f 1382/1382/4032 1402/1402/4033 1403/1403/4034
f 1382/1382/4032 1403/1403/4034 1384/1384/4035
f 1384/1384/4036 1403/1403/4037 1404/1404/4038
f 1384/1384/4036 1404/1404/4038 1386/1386/4039
f 1386/1386/4040 1404/1404/4041 1405/1405/4042
f 1386/1386/4040 1405/1405/4042 1388/1388/4043
f 1388/1388/4044 1405/1405/4045 1406/1406/4046
f 1388/1388/4044 1406/1406/4046 1390/1390/4047
f 1390/1390/4048 1406/1406/4049 1407/1407/4050
f 1390/1390/4048 1407/1407/4050 1392/1392/4051
f 1392/1392/4052 1407/1407/4053 1408/1408/4052
f 1392/1392/4052 1408/1408/4052 1394/1394/4054
f 1394/1394/4055 1408/1408/4056 1409/1409/4055
f 1394/1394/4055 1409/1409/4055 1396/1396/4057
f 1396/1396/4058 1409/1409/4059 1410/1410/4058
f 1396/1396/4058 1410/1410/4058 1398/1398/4058
f 41/41/4060 1399/1399/4060 810/810/4060
f 810/810/4061 1399/1399/4061 1398/1398/4061
f 810/810/4062 1398/1398/4062 467/467/4062
f 467/467/4063 1398/1398/4063 1410/1410/4063
f 467/467/4064 1410/1410/4064 1411/1411/4064
f 1411/1411/4065 1410/1410/4066 1409/1409/4065
f 1411/1411/4065 1409/1409/4065 1412/1412/4067
f 1412/1412/4068 1409/1409/4069 1408/1408/4070
f 1412/1412/4068 1408/1408/4070 1413/1413/4071
f 1413/1413/4072 1408/1408/4073 1407/1407/4074
f 1413/1413/4072 1407/1407/4074 1414/1414/4075
f 1414/1414/4076 1407/1407/4077 1406/1406/4078
f 1414/1414/4076 1406/1406/4078 1415/1415/4079
f 1415/1415/4080 1406/1406/4081 1405/1405/4082
f 1415/1415/4080 1405/1405/4082 1416/1416/4083
f 1416/1416/4084 1405/1405/4085 1404/1404/4086
f 1416/1416/4084 1404/1404/4086 1417/1417/4087
f 1417/1417/4088 1404/1404/4089 1403/1403/4090
f 1417/1417/4088 1403/1403/4090 1418/1418/4091
f 1418/1418/4092 1403/1403/4093 1402/1402/4094
f 1418/1418/4092 1402/1402/4094 1419/1419/4095
f 1419/1419/4096 1402/1402/4097 1401/1401/4098
f 1419/1419/4096 1401/1401/4098 1420/1420/4099
f 1420/1420/4100 1401/1401/4101 1400/1400/4102
f 1420/1420/4100 1400/1400/4102 1421/1421/4103
f 1421/1421/4104 1400/1400/4105 1204/1204/4106
f 1421/1421/4104 1204/1204/4106 1422/1422/4107
f 1308/1308/4108 1297/1297/4109 1310/1310/4110
f 1310/1310/4111 1297/1297/4112 1298/1298/4113
f 1310/1310/4111 1298/1298/4113 1312/1312/4114
f 1312/1312/4115 1298/1298/4116 1299/1299/4117
f 1312/1312/4115 1299/1299/4117 1314/1314/4118
f 1314/1314/4119 1299/1299/4120 1300/1300/4121
f 1314/1314/4119 1300/1300/4121 1316/1316/4122
f 1316/1316/4123 1300/1300/4124 1301/1301/4123
f 1316/1316/4123 1301/1301/4123 1318/1318/4125
f 1318/1318/4126 1301/1301/4127 1302/1302/4126
f 1318/1318/4126 1302/1302/4126 1320/1320/4128
f 1320/1320/4129 1302/1302/4130 1303/1303/4131
f 1320/1320/4129 1303/1303/4131 1322/1322/4132
f 1322/1322/4133 1303/1303/4134 1304/1304/4135
f 1322/1322/4133 1304/1304/4135 1324/1324/4136
f 1324/1324/4137 1304/1304/4138 1305/1305/4139
f 1324/1324/4137 1305/1305/4139 1326/1326/4140
f 1326/1326/4141 1305/1305/4142 1306/1306/4143
f 1326/1326/4141 1306/1306/4143 1328/1328/4144
f 1328/1328/4145 1306/1306/4146 1028/1028/4147
f 1328/1328/4145 1028/1028/4147 1330/1330/4148
f 1330/1330/4149 1028/1028/4149 384/384/4149
f 1330/1330/4150 384/384/4151 1331/1331/4152
f 1331/1331/4152 384/384/4151 464/464/4153
f 1331/1331/4154 464/464/4154 1372/1372/4154
f 1372/1372/4155 464/464/4155 1373/1373/4155
f 1372/1372/3925 1373/1373/4156 1332/1332/3925
f 1332/1332/4157 1373/1373/3922 1375/1375/3924
f 1332/1332/3829 1375/1375/4158 1333/1333/3830
f 1423/1423/4159 1424/1424/4160 1425/1425/4161
f 1425/1425/4162 1424/1424/4163 1426/1426/4164
f 1425/1425/4162 1426/1426/4164 1427/1427/4165
f 1427/1427/4166 1426/1426/4167 1428/1428/4168
f 1427/1427/4166 1428/1428/4168 1429/1429/4169
f 1429/1429/4170 1428/1428/4171 1430/1430/4172
f 1429/1429/4170 1430/1430/4172 1431/1431/4173
f 1431/1431/4174 1430/1430/4175 1245/1245/4176
f 1431/1431/4174 1245/1245/4176 1432/1432/4177
f 1432/1432/4178 1245/1245/4178 1244/1244/4178
f 1424/1424/4179 1433/1433/4180 1426/1426/4181
f 1426/1426/4182 1433/1433/4183 1434/1434/4184
f 1426/1426/4182 1434/1434/4184 1428/1428/4185
f 1428/1428/4186 1434/1434/4187 1435/1435/4188
f 1428/1428/4186 1435/1435/4188 1430/1430/4189
f 1430/1430/4190 1435/1435/4191 1436/1436/4192
f 1430/1430/4190 1436/1436/4192 1245/1245/4193
f 1245/1245/4194 1436/1436/4195 1437/1437/4194
f 1245/1245/4194 1437/1437/4194 1243/1243/4196
f 1243/1243/4197 1437/1437/4198 1438/1438/4199
f 1243/1243/4197 1438/1438/4199 1241/1241/4200
f 1241/1241/4201 1438/1438/4202 1439/1439/4203
f 1241/1241/4201 1439/1439/4203 1239/1239/4204
f 1239/1239/4205 1439/1439/4206 1440/1440/4207
f 1239/1239/4205 1440/1440/4207 1033/1033/4208
f 2/2/4209 1441/1441/4210 1442/1442/4211
f 1442/1442/4212 1441/1441/4212 1443/1443/4212
f 1442/1442/4213 1443/1443/4213 1444/1444/4213
f 1444/1444/4214 1443/1443/4214 1445/1445/4214
f 1444/1444/4215 1445/1445/4215 1446/1446/4215
f 1446/1446/4216 1445/1445/4216 1447/1447/4216
f 1446/1446/4217 1447/1447/4217 1448/1448/4217
f 1448/1448/4218 1447/1447/4218 1449/1449/4218
f 1448/1448/4219 1449/1449/4220 1450/1450/4221
f 1450/1450/4222 1449/1449/4223 1451/1451/4224
f 1450/1450/4225 1451/1451/4226 1452/1452/4227
f 1453/1453/4228 1454/1454/4229 1455/1455/4230
f 1455/1455/4231 1454/1454/4232 1456/1456/4233
f 1455/1455/4234 1456/1456/4235 1457/1457/4236
f 1457/1457/4237 1456/1456/4237 1458/1458/4237
f 1457/1457/4238 1458/1458/4238 1459/1459/4238
f 1459/1459/4239 1458/1458/4239 1460/1460/4239
f 1459/1459/4240 1460/1460/4240 1461/1461/4240
f 1461/1461/4241 1460/1460/4242 2/2/3066
f 1462/1462/4243 1463/1463/4244 1464/1464/4245
f 1464/1464/4246 1463/1463/4247 1465/1465/4248
f 1464/1464/4246 1465/1465/4248 1466/1466/4249
f 1466/1466/4250 1465/1465/4251 1467/1467/4252
f 1466/1466/4250 1467/1467/4252 1468/1468/4253
f 1468/1468/4254 1467/1467/4255 1469/1469/4256
f 1468/1468/4254 1469/1469/4256 1470/1470/4257
f 1470/1470/4258 1469/1469/4259 1471/1471/4260
f 1470/1470/4258 1471/1471/4260 1472/1472/4261
f 1472/1472/4262 1471/1471/4263 1473/1473/4264
f 1472/1472/4262 1473/1473/4264 1474/1474/4265
f 1474/1474/4266 1473/1473/4267 1475/1475/4268
f 1474/1474/4266 1475/1475/4268 1476/1476/4269
f 1476/1476/4270 1475/1475/4271 1477/1477/4272
f 1476/1476/4270 1477/1477/4272 1478/1478/4273
f 1478/1478/4274 1477/1477/4275 1479/1479/4276
f 1478/1478/4274 1479/1479/4276 1480/1480/4277
f 1480/1480/4278 1479/1479/4279 1481/1481/4280
f 1480/1480/4278 1481/1481/4280 1482/1482/4281
f 1482/1482/4282 1481/1481/4283 1483/1483/4284
f 1482/1482/4282 1483/1483/4284 1484/1484/4285
f 1484/1484/4286 1483/1483/4287 1485/1485/4288
f 1484/1484/4286 1485/1485/4288 1233/1233/4289
f 1026/1026/4290 1025/1025/4291 1486/1486/4292
f 1486/1486/4293 1025/1025/4294 1487/1487/4295
f 1486/1486/4296 1487/1487/4297 1488/1488/4298
f 1488/1488/4299 1487/1487/4300 1489/1489/4301
f 1488/1488/4302 1489/1489/4303 1490/1490/4304
f 1490/1490/4304 1491/1491/4305 1488/1488/4302
f 1488/1488/4306 1491/1491/4307 1492/1492/4308
f 1488/1488/4298 1492/1492/4309 1486/1486/4296
f 1486/1486/4310 1492/1492/4311 1493/1493/4312
f 1486/1486/4292 1493/1493/4313 1026/1026/4290
f 1463/1463/4314 1423/1423/4315 1465/1465/4316
f 1465/1465/4317 1423/1423/4318 1425/1425/4319
f 1465/1465/4317 1425/1425/4319 1467/1467/4320
f 1467/1467/4321 1425/1425/4322 1427/1427/4323
f 1467/1467/4321 1427/1427/4323 1469/1469/4324
f 1469/1469/4325 1427/1427/4326 1429/1429/4327
f 1469/1469/4325 1429/1429/4327 1471/1471/4328
f 1471/1471/4329 1429/1429/4330 1431/1431/4331
f 1471/1471/4329 1431/1431/4331 1473/1473/4332
f 1473/1473/4333 1431/1431/4334 1432/1432/4335
f 1473/1473/4333 1432/1432/4335 1475/1475/4336
f 1475/1475/4337 1432/1432/4338 1244/1244/4339
f 1475/1475/4337 1244/1244/4339 1477/1477/4340
f 1477/1477/4341 1244/1244/4342 1242/1242/4343
f 1477/1477/4341 1242/1242/4343 1479/1479/4344
f 1479/1479/4345 1242/1242/4346 1240/1240/4347
f 1479/1479/4345 1240/1240/4347 1481/1481/4348
f 1481/1481/4349 1240/1240/4350 1035/1035/4351
f 1481/1481/4349 1035/1035/4351 1483/1483/4352
f 1483/1483/4353 1035/1035/4354 1034/1034/4355
f 1483/1483/4353 1034/1034/4355 1485/1485/4356
f 1237/1237/4357 1494/1494/4357 1238/1238/4357
f 1238/1238/4358 1494/1494/4359 1495/1495/4360
f 1238/1238/4358 1495/1495/4360 1496/1496/4361
f 1496/1496/4362 1495/1495/4363 1497/1497/4364
f 1496/1496/4362 1497/1497/4364 1498/1498/4365
f 1498/1498/4366 1497/1497/4367 1499/1499/4368
f 1498/1498/4366 1499/1499/4368 1500/1500/4369
f 1500/1500/4370 1499/1499/4371 1501/1501/4372
f 1500/1500/4370 1501/1501/4372 1502/1502/4373
f 1502/1502/4374 1501/1501/4375 1503/1503/4376
f 1502/1502/4374 1503/1503/4376 1504/1504/4377
f 1504/1504/4378 1503/1503/4379 1505/1505/4380
f 1504/1504/4378 1505/1505/4380 1506/1506/4381
f 1506/1506/4382 1505/1505/4383 1507/1507/4384
f 1506/1506/4382 1507/1507/4384 1508/1508/4385
f 1508/1508/4386 1507/1507/4387 1509/1509/4388
f 1508/1508/4386 1509/1509/4388 1510/1510/4389
f 1510/1510/4390 1509/1509/4390 1511/1511/4390
f 1510/1510/4390 1511/1511/4390 1512/1512/4390
f 1233/1233/3544 1234/1234/3546 1484/1484/4391
f 1484/1484/4392 1234/1234/4393 1236/1236/4394
f 1484/1484/4392 1236/1236/4394 1482/1482/4395
f 1482/1482/4396 1236/1236/4397 1238/1238/4398
f 1482/1482/4396 1238/1238/4398 1480/1480/4399
f 1480/1480/4400 1238/1238/4401 1496/1496/4402
f 1480/1480/4400 1496/1496/4402 1478/1478/4403
f 1478/1478/4404 1496/1496/4405 1498/1498/4406
f 1478/1478/4404 1498/1498/4406 1476/1476/4407
f 1476/1476/4408 1498/1498/4409 1500/1500/4410
f 1476/1476/4408 1500/1500/4410 1474/1474/4411
f 1474/1474/4412 1500/1500/4413 1502/1502/4414
f 1474/1474/4412 1502/1502/4414 1472/1472/4415
f 1472/1472/4416 1502/1502/4417 1504/1504/4418
f 1472/1472/4416 1504/1504/4418 1470/1470/4419
f 1470/1470/4420 1504/1504/4421 1506/1506/4422
f 1470/1470/4420 1506/1506/4422 1468/1468/4423
f 1468/1468/4424 1506/1506/4425 1508/1508/4426
f 1468/1468/4424 1508/1508/4426 1466/1466/4427
f 1466/1466/4428 1508/1508/4429 1510/1510/4430
f 1466/1466/4428 1510/1510/4430 1464/1464/4431
f 1464/1464/4432 1510/1510/4433 1512/1512/4433
f 1464/1464/4432 1512/1512/4433 1462/1462/4434
f 40/40/1942 758/758/1944 1022/1022/4435
f 1022/1022/4436 758/758/4436 1023/1023/4436
f 1023/1023/4437 758/758/4437 535/535/4437
f 1023/1023/4438 535/535/4438 1024/1024/4438
f 1489/1489/4439 1024/1024/4440 1490/1490/4441
f 1490/1490/4442 1024/1024/4442 535/535/4442
f 1490/1490/4443 535/535/4443 1491/1491/4443
f 1491/1491/4444 535/535/4444 1513/1513/4444
f 1491/1491/4307 1513/1513/4445 1492/1492/4308
f 1492/1492/4446 1513/1513/4447 1514/1514/4448
f 1492/1492/4311 1514/1514/4449 1493/1493/4312
f 1493/1493/4450 1514/1514/4451 1452/1452/4452
f 1493/1493/4453 1452/1452/4453 1026/1026/4453
f 1026/1026/4454 1452/1452/4455 1451/1451/4456
f 1026/1026/4454 1451/1451/4456 1027/1027/4457
f 1019/1019/4458 1020/1020/4459 1515/1515/4460
f 1021/1021/4461 1453/1453/4462 1516/1516/4463
f 1516/1516/4464 1453/1453/4228 1455/1455/4230
f 1516/1516/4465 1455/1455/4466 1517/1517/4467
f 1517/1517/4468 1455/1455/4234 1457/1457/4236
f 1517/1517/4469 1457/1457/4469 1518/1518/4469
f 1518/1518/4470 1457/1457/4470 1459/1459/4470
f 1518/1518/4471 1459/1459/4471 1519/1519/4471
f 1519/1519/4472 1459/1459/4472 1461/1461/4472
f 1519/1519/4473 1461/1461/4473 1520/1520/4473
f 1520/1520/4474 1461/1461/4241 2/2/3066
f 543/543/3069 544/544/4475 1021/1021/3070
f 1021/1021/4476 544/544/4476 545/545/4476
f 1021/1021/4477 545/545/4477 1453/1453/4477
f 1453/1453/4478 545/545/1261 546/546/1263
f 1453/1453/4479 546/546/4479 1454/1454/4479
f 1454/1454/4480 546/546/4481 1521/1521/4482
f 1454/1454/4232 1521/1521/4483 1456/1456/4233
f 1456/1456/4484 1521/1521/4485 1522/1522/4486
f 1456/1456/4487 1522/1522/4487 1458/1458/4487
f 1458/1458/4488 1522/1522/4488 1523/1523/4488
f 1458/1458/4489 1523/1523/4489 1460/1460/4489
f 1460/1460/4242 1523/1523/4490 2/2/3066
f 547/547/4491 1019/1019/4491 548/548/4491
f 548/548/4492 1019/1019/4492 1515/1515/4492
f 548/548/4493 1515/1515/4493 549/549/4493
f 549/549/4494 1515/1515/4494 550/550/4494
f 546/546/4481 550/550/4495 1521/1521/4482
f 1521/1521/4485 550/550/4496 1515/1515/4497
f 1521/1521/4485 1515/1515/4497 1522/1522/4486
f 1522/1522/4498 1515/1515/4460 1020/1020/4459
f 1522/1522/4499 1020/1020/4499 1523/1523/4499
f 1523/1523/4490 1020/1020/3067 2/2/3066
f 535/535/4500 534/534/4500 1513/1513/4500
f 1513/1513/4501 534/534/3062 1018/1018/3064
f 1513/1513/4447 1018/1018/4502 1514/1514/4448
f 1514/1514/4503 1018/1018/4503 1021/1021/4503
f 1514/1514/4451 1021/1021/4504 1452/1452/4452
f 1452/1452/4505 1021/1021/4461 1516/1516/4463
f 1452/1452/4227 1516/1516/4506 1450/1450/4225
f 1450/1450/4507 1516/1516/4465 1517/1517/4467
f 1450/1450/4221 1517/1517/4508 1448/1448/4219
f 1448/1448/4509 1517/1517/4509 1518/1518/4509
f 1448/1448/4510 1518/1518/4510 1446/1446/4510
f 1446/1446/4511 1518/1518/4511 1519/1519/4511
f 1446/1446/4512 1519/1519/4512 1444/1444/4512
f 1444/1444/4513 1519/1519/4513 1520/1520/4513
f 1444/1444/4514 1520/1520/4514 1442/1442/4514
f 1442/1442/4515 1520/1520/4474 2/2/3066
f 1524/1524/4516 1525/1525/4516 1526/1526/4516
f 1526/1526/4517 1525/1525/4517 1527/1527/4517
f 1526/1526/4518 1527/1527/4519 1528/1528/4520
f 1528/1528/4520 1527/1527/4519 1529/1529/4521
f 1528/1528/4522 1529/1529/4522 1530/1530/4522
f 1530/1530/4523 1529/1529/4523 1531/1531/4523
f 1530/1530/4524 1531/1531/4524 1532/1532/4524
f 1533/1533/4525 1534/1534/4525 1535/1535/4525
f 1535/1535/4526 1534/1534/4526 1536/1536/4526
f 1535/1535/4527 1536/1536/4528 1537/1537/4529
f 1537/1537/4530 1536/1536/4530 1538/1538/4530
f 1537/1537/4531 1538/1538/4531 1531/1531/4531
f 1531/1531/4532 1538/1538/4532 1539/1539/4532
f 1531/1531/4533 1539/1539/4533 1532/1532/4533
f 1015/1015/4534 1014/1014/4535 1540/1540/4536
f 1540/1540/4536 1014/1014/4535 1017/1017/4537
f 1540/1540/4538 1017/1017/4538 1541/1541/4538
f 1013/1013/4539 1542/1542/4539 1014/1014/4539
f 1014/1014/4540 1542/1542/4540 1543/1543/4540
f 1014/1014/3061 1543/1543/4541 1016/1016/3059
f 1544/1544/4542 1545/1545/4543 1546/1546/4544
f 1546/1546/4544 1545/1545/4543 1547/1547/4545
f 1546/1546/4546 1547/1547/4547 1548/1548/4548
f 1549/1549/4549 1550/1550/4549 1551/1551/4549
f 1551/1551/4550 1550/1550/4550 1533/1533/4550
f 1552/1552/4551 1553/1553/4551 1554/1554/4551
f 1554/1554/4552 1553/1553/4552 1555/1555/4552
f 1554/1554/4553 1555/1555/4553 1556/1556/4553
f 1556/1556/4554 1555/1555/4554 1557/1557/4554
f 1556/1556/4555 1557/1557/4556 1558/1558/4557
f 1558/1558/4558 1557/1557/4558 1559/1559/4558
f 1558/1558/4559 1559/1559/4559 1549/1549/4559
f 1560/1560/4560 1561/1561/4561 1562/1562/4562
f 1562/1562/4563 1561/1561/4564 1563/1563/4565
f 1562/1562/4566 1563/1563/4566 1564/1564/4566
f 1564/1564/4567 1563/1563/4568 1565/1565/4567
f 1564/1564/4569 1565/1565/4570 1566/1566/4571
f 1566/1566/4572 1565/1565/4573 1567/1567/4574
f 1566/1566/4575 1567/1567/4576 1568/1568/4577
f 1568/1568/4577 1567/1567/4576 1569/1569/4578
f 1568/1568/4579 1569/1569/4580 1570/1570/4581
f 1570/1570/4581 1569/1569/4580 1571/1571/4582
f 1570/1570/4583 1571/1571/4584 1572/1572/4585
f 1572/1572/4585 1571/1571/4584 1573/1573/4586
f 1572/1572/4587 1573/1573/4588 1574/1574/4589
f 1574/1574/4589 1573/1573/4588 1575/1575/4590
f 1574/1574/4591 1575/1575/4591 1576/1576/4591
f 1545/1545/4592 1011/1011/4593 1547/1547/4594
f 1547/1547/4594 1011/1011/4593 1010/1010/4595
f 1547/1547/4596 1010/1010/4596 1577/1577/4596
f 1577/1577/4597 1010/1010/4597 1578/1578/4597
f 1577/1577/4598 1578/1578/4599 1579/1579/4600
f 1580/1580/4601 1581/1581/4601 1582/1582/4601
f 1582/1582/4602 1581/1581/4602 1583/1583/4602
f 1582/1582/4603 1583/1583/4604 1584/1584/4605
f 1584/1584/4606 1583/1583/4607 1585/1585/4608
f 1584/1584/4609 1585/1585/4610 1586/1586/4611
f 1586/1586/4611 1587/1587/4612 1584/1584/4609
f 1584/1584/4613 1587/1587/4614 1588/1588/4615
f 1584/1584/4605 1588/1588/4616 1582/1582/4603
f 1582/1582/4617 1588/1588/4617 1589/1589/4617
f 1582/1582/4618 1589/1589/4618 1580/1580/4618
f 1525/1525/4619 1576/1576/4620 1527/1527/4621
f 1527/1527/4621 1576/1576/4620 1575/1575/4622
f 1527/1527/4623 1575/1575/4623 1529/1529/4623
f 1529/1529/4624 1575/1575/4625 1573/1573/4626
f 1529/1529/4624 1573/1573/4626 1531/1531/4627
f 1531/1531/4628 1573/1573/4629 1571/1571/4630
f 1531/1531/4628 1571/1571/4630 1537/1537/4631
f 1537/1537/4632 1571/1571/4632 1569/1569/4632
f 1537/1537/4529 1569/1569/4633 1535/1535/4527
f 1535/1535/4634 1569/1569/4634 1567/1567/4634
f 1535/1535/4635 1567/1567/4636 1590/1590/4637
f 1590/1590/4638 1567/1567/4574 1565/1565/4573
f 1590/1590/4639 1565/1565/4639 1591/1591/4640
f 1591/1591/4568 1565/1565/4567 1563/1563/4568
f 1591/1591/4641 1563/1563/4642 1592/1592/4643
f 1592/1592/4644 1563/1563/4565 1561/1561/4564
f 1592/1592/4645 1561/1561/4645 1593/1593/4645
f 1593/1593/4646 1561/1561/4646 1560/1560/4646
f 1593/1593/4647 1560/1560/4647 1594/1594/4647
f 1595/1595/4648 1596/1596/4649 1597/1597/4650
f 1597/1597/4651 1596/1596/4652 1598/1598/4653
f 1597/1597/4651 1598/1598/4653 1599/1599/4654
f 1599/1599/4655 1598/1598/4656 1542/1542/4657
f 1599/1599/4655 1542/1542/4657 1600/1600/4658
f 1600/1600/4659 1542/1542/4659 1013/1013/4659
f 1600/1600/4660 1013/1013/4661 1601/1601/4662
f 1601/1601/4663 1013/1013/3056 1015/1015/3058
f 1596/1596/4664 1012/1012/4665 1598/1598/4666
f 1598/1598/4667 1012/1012/4668 1011/1011/4668
f 1598/1598/4667 1011/1011/4668 1542/1542/4669
f 1542/1542/4670 1011/1011/4671 1545/1545/4672
f 1542/1542/4670 1545/1545/4672 1543/1543/4673
f 1543/1543/4674 1545/1545/4675 1544/1544/4676
f 1543/1543/4674 1544/1544/4676 1016/1016/4677
f 1602/1602/4678 1595/1595/4679 1603/1603/4680
f 1603/1603/4681 1595/1595/4682 1597/1597/4683
f 1603/1603/4681 1597/1597/4683 1604/1604/4684
f 1604/1604/4685 1597/1597/4686 1599/1599/4687
f 1604/1604/4685 1599/1599/4687 1605/1605/4688
f 1605/1605/4689 1599/1599/4690 1600/1600/4689
f 1605/1605/4689 1600/1600/4689 1606/1606/4691
f 1606/1606/4692 1600/1600/4660 1601/1601/4662
f 1606/1606/4693 1601/1601/4693 1607/1607/4693
f 1607/1607/4694 1601/1601/4694 1015/1015/4694
f 1607/1607/4695 1015/1015/4695 1608/1608/4695
f 1608/1608/4696 1015/1015/4696 1540/1540/4696
f 1608/1608/4697 1540/1540/4697 1609/1609/4697
f 1609/1609/4698 1540/1540/4698 1541/1541/4698
f 1609/1609/4699 1541/1541/4699 1610/1610/4699
f 1611/1611/4700 1612/1612/4701 1613/1613/4702
f 1613/1613/4703 1612/1612/4703 1614/1614/4703
f 1613/1613/4704 1614/1614/4704 1615/1615/4704
f 1616/1616/4705 1611/1611/4705 1617/1617/4705
f 1617/1617/4706 1611/1611/4707 1613/1613/4708
f 1617/1617/4706 1613/1613/4708 1618/1618/4709
f 1618/1618/4710 1613/1613/4711 1615/1615/4712
f 1618/1618/4710 1615/1615/4712 1619/1619/4713
f 1616/1616/4714 1617/1617/4714 1620/1620/4714
f 1620/1620/4715 1617/1617/4716 1618/1618/4717
f 1620/1620/4715 1618/1618/4717 1621/1621/4718
f 1621/1621/4719 1618/1618/4719 1619/1619/4719
f 1621/1621/4719 1619/1619/4719 1622/1622/4720
f 1623/1623/4721 1624/1624/4722 1625/1625/4723
f 1625/1625/4723 1624/1624/4722 1626/1626/4724
f 1625/1625/4725 1626/1626/4726 1627/1627/4727
f 1627/1627/4727 1626/1626/4726 1628/1628/4728
f 1627/1627/4729 1628/1628/4730 1629/1629/4731
f 1629/1629/4731 1628/1628/4730 1630/1630/4732
f 1629/1629/4733 1630/1630/4734 1631/1631/4735
f 1632/1632/4736 1623/1623/4737 1633/1633/4738
f 1633/1633/4738 1623/1623/4737 1625/1625/4739
f 1633/1633/4740 1625/1625/4741 1634/1634/4742
f 1634/1634/4742 1625/1625/4741 1627/1627/4743
f 1634/1634/4744 1627/1627/4745 1635/1635/4746
f 1635/1635/4746 1627/1627/4745 1629/1629/4747
f 1635/1635/4748 1629/1629/4749 1636/1636/4750
f 1636/1636/4750 1629/1629/4749 1631/1631/4751
f 1636/1636/4752 1631/1631/4753 1637/1637/4754
f 1638/1638/4755 1632/1632/4756 1639/1639/4757
f 1639/1639/4757 1632/1632/4756 1633/1633/4758
f 1639/1639/4759 1633/1633/4760 1640/1640/4761
f 1640/1640/4761 1633/1633/4760 1634/1634/4762
f 1640/1640/4763 1634/1634/4764 1641/1641/4765
f 1641/1641/4765 1634/1634/4764 1635/1635/4766
f 1641/1641/4767 1635/1635/4768 1642/1642/4769
f 1642/1642/4769 1635/1635/4768 1636/1636/4770
f 1642/1642/4771 1636/1636/4772 1643/1643/4773
f 1643/1643/4773 1636/1636/4772 1637/1637/4774
f 1638/1638/4775 1639/1639/4775 1644/1644/4775
f 1644/1644/4776 1639/1639/4776 1645/1645/4776
f 1644/1644/4777 1645/1645/4778 1646/1646/4779
f 1646/1646/4780 1645/1645/4780 1647/1647/4780
f 1646/1646/4781 1647/1647/4781 1203/1203/4781
f 1203/1203/4782 1647/1647/4782 1648/1648/4782
f 1203/1203/4783 1648/1648/4783 1204/1204/4783
f 1204/1204/4784 1648/1648/4784 1649/1649/4784
f 1204/1204/4785 1649/1649/4785 1422/1422/4785
f 1589/1589/4786 1650/1650/4786 1580/1580/4786
f 1580/1580/4787 1650/1650/4788 1651/1651/4789
f 1580/1580/4787 1651/1651/4789 1652/1652/4790
f 1652/1652/4791 1651/1651/4792 1653/1653/4793
f 1652/1652/4791 1653/1653/4793 1654/1654/4794
f 1654/1654/4795 1653/1653/4796 1655/1655/4797
f 1654/1654/4795 1655/1655/4797 1656/1656/4798
f 1656/1656/4799 1655/1655/4799 1657/1657/4799
f 1585/1585/4800 1548/1548/4801 1586/1586/4802
f 1586/1586/4803 1548/1548/4548 1547/1547/4547
f 1586/1586/4804 1547/1547/4804 1587/1587/4804
f 1587/1587/4805 1547/1547/4805 1577/1577/4805
f 1587/1587/4614 1577/1577/4806 1588/1588/4615
f 1588/1588/4807 1577/1577/4807 1579/1579/4807
f 1588/1588/4808 1579/1579/4809 1589/1589/4810
f 1589/1589/4810 1579/1579/4809 1658/1658/4811
f 1589/1589/4812 1658/1658/4812 1650/1650/4812
f 1650/1650/4813 1658/1658/4814 1659/1659/4815
f 1650/1650/4813 1659/1659/4815 1651/1651/4816
f 1651/1651/4817 1659/1659/4818 1660/1660/4819
f 1651/1651/4817 1660/1660/4819 1653/1653/4820
f 1653/1653/4821 1660/1660/4822 1661/1661/4823
f 1653/1653/4821 1661/1661/4823 1655/1655/4824
f 1655/1655/4825 1661/1661/4825 1662/1662/4825
f 1655/1655/4826 1662/1662/4826 1657/1657/4826
f 1560/1560/4827 1663/1663/4827 1594/1594/4827
f 1594/1594/4828 1663/1663/4829 1664/1664/4830
f 1594/1594/4828 1664/1664/4830 1665/1665/4831
f 1665/1665/4832 1664/1664/4833 1666/1666/4834
f 1665/1665/4832 1666/1666/4834 1667/1667/4835
f 1667/1667/4836 1666/1666/4837 1668/1668/4838
f 1667/1667/4836 1668/1668/4838 1669/1669/4839
f 1669/1669/4840 1668/1668/4841 1670/1670/4842
f 1669/1669/4840 1670/1670/4842 1671/1671/4843
f 1671/1671/4844 1670/1670/4845 1672/1672/4846
f 1671/1671/4844 1672/1672/4846 1673/1673/4847
f 1525/1525/4848 1610/1610/4848 1576/1576/4848
f 1576/1576/4849 1610/1610/4850 1541/1541/4851
f 1576/1576/4849 1541/1541/4851 1574/1574/4852
f 1574/1574/4853 1541/1541/4853 1017/1017/4853
f 1574/1574/4854 1017/1017/4855 1572/1572/4856
f 1572/1572/4856 1017/1017/4855 1016/1016/4857
f 1572/1572/4858 1016/1016/4859 1570/1570/4860
f 1570/1570/4860 1016/1016/4859 1544/1544/4861
f 1570/1570/4862 1544/1544/4863 1568/1568/4864
f 1568/1568/4864 1544/1544/4863 1546/1546/4865
f 1568/1568/4866 1546/1546/4867 1566/1566/4868
f 1566/1566/4868 1546/1546/4867 1548/1548/4869
f 1566/1566/4571 1548/1548/4870 1564/1564/4569
f 1564/1564/4871 1548/1548/4801 1585/1585/4800
f 1564/1564/4566 1585/1585/4566 1562/1562/4566
f 1562/1562/4872 1585/1585/4608 1583/1583/4607
f 1562/1562/4562 1583/1583/4873 1560/1560/4560
f 1560/1560/4874 1583/1583/4874 1581/1581/4874
f 1560/1560/4875 1581/1581/4875 1663/1663/4875
f 1663/1663/4876 1581/1581/4877 1580/1580/4876
f 1663/1663/4876 1580/1580/4876 1664/1664/4876
f 1664/1664/4878 1580/1580/4879 1652/1652/4880
f 1664/1664/4878 1652/1652/4880 1666/1666/4881
f 1666/1666/4882 1652/1652/4883 1654/1654/4884
f 1666/1666/4882 1654/1654/4884 1668/1668/4885
f 1668/1668/4886 1654/1654/4887 1656/1656/4888
f 1668/1668/4886 1656/1656/4888 1670/1670/4889
f 1670/1670/4890 1656/1656/4891 1657/1657/4892
f 1670/1670/4890 1657/1657/4892 1672/1672/4893
f 1602/1602/4894 1643/1643/4894 1595/1595/4894
f 1595/1595/4895 1643/1643/4895 1637/1637/4895
f 1595/1595/4648 1637/1637/4896 1596/1596/4649
f 1596/1596/4897 1637/1637/4754 1631/1631/4753
f 1596/1596/4664 1631/1631/4898 1012/1012/4665
f 1012/1012/4899 1631/1631/4735 1630/1630/4734
f 1012/1012/3055 1630/1630/4900 1010/1010/3053
f 1010/1010/4901 1630/1630/4901 1628/1628/4901
f 1010/1010/4902 1628/1628/4902 1578/1578/4902
f 1578/1578/4903 1628/1628/4903 1626/1626/4903
f 1578/1578/4599 1626/1626/4904 1579/1579/4600
f 1579/1579/4905 1626/1626/4905 1624/1624/4905
f 1579/1579/4906 1624/1624/4906 1658/1658/4906
f 1658/1658/4907 1624/1624/4908 1623/1623/4909
f 1658/1658/4907 1623/1623/4909 1659/1659/4910
f 1659/1659/4911 1623/1623/4912 1632/1632/4913
f 1659/1659/4911 1632/1632/4913 1660/1660/4914
f 1660/1660/4915 1632/1632/4916 1638/1638/4917
f 1660/1660/4915 1638/1638/4917 1661/1661/4918
f 1661/1661/4919 1638/1638/4919 1644/1644/4919
f 1661/1661/4920 1644/1644/4777 1662/1662/4921
f 1662/1662/4921 1644/1644/4777 1646/1646/4779
f 1662/1662/4922 1646/1646/4922 1657/1657/4922
f 1657/1657/4923 1646/1646/4923 1203/1203/4923
f 1657/1657/4924 1203/1203/4925 1672/1672/4926
f 1672/1672/4926 1203/1203/4925 1040/1040/4927
f 1672/1672/4928 1040/1040/4929 1673/1673/4930
f 1673/1673/4930 1040/1040/4929 1039/1039/4931
f 1607/1607/4932 1674/1674/4932 1606/1606/4932
f 1606/1606/4933 1674/1674/4934 1675/1675/4935
f 1606/1606/4933 1675/1675/4935 1605/1605/4936
f 1605/1605/4937 1675/1675/4938 1676/1676/4937
f 1605/1605/4937 1676/1676/4937 1604/1604/4939
f 1604/1604/4940 1676/1676/4941 1614/1614/4942
f 1604/1604/4940 1614/1614/4942 1603/1603/4943
f 1603/1603/4944 1614/1614/4944 1612/1612/4944
f 1603/1603/4680 1612/1612/4945 1602/1602/4678
f 1602/1602/4946 1612/1612/4701 1611/1611/4700
f 1602/1602/4947 1611/1611/4947 1643/1643/4947
f 1643/1643/4948 1611/1611/4948 1616/1616/4948
f 1643/1643/4949 1616/1616/4950 1642/1642/4949
f 1642/1642/4949 1616/1616/4950 1677/1677/4950
f 1642/1642/4951 1677/1677/4952 1641/1641/4953
f 1641/1641/4953 1677/1677/4952 1678/1678/4954
f 1641/1641/4955 1678/1678/4956 1640/1640/4957
f 1640/1640/4957 1678/1678/4956 1376/1376/4958
f 1640/1640/4959 1376/1376/4960 1639/1639/4961
f 1639/1639/4961 1376/1376/4960 1358/1358/4962
f 1639/1639/4963 1358/1358/4963 1645/1645/4963
f 1645/1645/4964 1358/1358/4964 1357/1357/4964
f 1645/1645/4965 1357/1357/4966 1647/1647/4967
f 1647/1647/4967 1357/1357/4966 1355/1355/4968
f 1647/1647/4969 1355/1355/4969 1648/1648/4969
f 1648/1648/4970 1355/1355/4971 1353/1353/4972
f 1648/1648/4970 1353/1353/4972 1649/1649/4973
f 1649/1649/4974 1353/1353/4975 1351/1351/4976
f 1649/1649/4974 1351/1351/4976 1422/1422/4977
f 1422/1422/4978 1351/1351/4979 1349/1349/4980
f 1422/1422/4978 1349/1349/4980 1421/1421/4981
f 1421/1421/4982 1349/1349/4983 1347/1347/4984
f 1421/1421/4982 1347/1347/4984 1420/1420/4985
f 1420/1420/4986 1347/1347/4987 1345/1345/4988
f 1420/1420/4986 1345/1345/4988 1419/1419/4989
f 1419/1419/4990 1345/1345/4991 1343/1343/4992
f 1419/1419/4990 1343/1343/4992 1418/1418/4993
f 1418/1418/4994 1343/1343/4995 1341/1341/4996
f 1418/1418/4994 1341/1341/4996 1417/1417/4997
f 1417/1417/4998 1341/1341/4999 1339/1339/5000
f 1417/1417/4998 1339/1339/5000 1416/1416/5001
f 1416/1416/5002 1339/1339/5003 1337/1337/5004
f 1416/1416/5002 1337/1337/5004 1415/1415/5005
f 1415/1415/5006 1337/1337/5007 1335/1335/5008
f 1415/1415/5006 1335/1335/5008 1414/1414/5009
f 1414/1414/5010 1335/1335/5011 1333/1333/5012
f 1414/1414/5010 1333/1333/5012 1413/1413/5013
f 1413/1413/5014 1333/1333/5015 1375/1375/5016
f 1413/1413/5014 1375/1375/5016 1412/1412/5017
f 1412/1412/5018 1375/1375/5019 1374/1374/5018
f 1412/1412/5018 1374/1374/5018 1411/1411/5020
f 1411/1411/5021 1374/1374/5021 466/466/5021
f 1411/1411/5022 466/466/5022 467/467/5022
f 1001/1001/5023 1679/1679/5023 1006/1006/5023
f 995/995/5024 994/994/5024 1552/1552/5024
f 1552/1552/5025 994/994/5025 1680/1680/5025
f 1552/1552/5026 1680/1680/5026 1553/1553/5026
f 1553/1553/5027 1680/1680/5027 1681/1681/5027
f 1553/1553/5028 1681/1681/5028 1555/1555/5028
f 1555/1555/5029 1681/1681/5029 1008/1008/5029
f 1555/1555/5030 1008/1008/5030 1557/1557/5030
f 1557/1557/5031 1008/1008/5031 1009/1009/5031
f 1557/1557/5032 1009/1009/5032 1559/1559/5032
f 1004/1004/5033 1006/1006/5034 1682/1682/5035
f 1682/1682/5035 1006/1006/5034 1679/1679/5036
f 1682/1682/5037 1679/1679/5037 1683/1683/5037
f 1683/1683/5038 1679/1679/5038 1001/1001/5038
f 1683/1683/5039 1001/1001/5040 1684/1684/5041
f 1684/1684/5041 1001/1001/5040 1000/1000/5042
f 1684/1684/5043 1000/1000/5044 1003/1003/5045
f 1685/1685/5046 1686/1686/5046 1687/1687/5046
f 1687/1687/5047 1686/1686/5048 1688/1688/5049
f 1687/1687/5047 1688/1688/5049 1689/1689/5050
f 1689/1689/5051 1688/1688/5051 1690/1690/5051
f 1691/1691/5052 1692/1692/5052 1693/1693/5052
f 1693/1693/5053 1692/1692/5053 1694/1694/5053
f 1695/1695/5054 990/990/5054 1696/1696/5054
f 1696/1696/5055 990/990/5056 988/988/5057
f 1696/1696/5055 988/988/5057 1697/1697/5058
f 1697/1697/5058 988/988/5057 989/989/5059
f 1697/1697/5058 989/989/5059 1698/1698/5060
f 1685/1685/5061 1699/1699/5061 1700/1700/5061
f 1549/1549/5062 1551/1551/5062 1558/1558/5062
f 1558/1558/5063 1551/1551/5064 1701/1701/5063
f 1558/1558/4557 1701/1701/5065 1556/1556/4555
f 1556/1556/5066 1701/1701/5067 1702/1702/5068
f 1556/1556/5069 1702/1702/5069 1554/1554/5069
f 1554/1554/5070 1702/1702/5070 1690/1690/5070
f 1554/1554/5071 1690/1690/5071 1552/1552/5071
f 1552/1552/5072 1690/1690/5072 1688/1688/5072
f 1552/1552/5073 1688/1688/5073 995/995/5073
f 995/995/5074 1688/1688/5075 1686/1686/5076
f 995/995/5074 1686/1686/5076 996/996/5077
f 996/996/5078 1686/1686/5078 1685/1685/5078
f 996/996/5079 1685/1685/5079 1703/1703/5079
f 1703/1703/5080 1685/1685/5080 1700/1700/5080
f 1703/1703/5081 1700/1700/5081 1704/1704/5081
f 1699/1699/5082 1705/1705/5083 1700/1700/5084
f 1700/1700/5084 1705/1705/5083 1706/1706/5085
f 1700/1700/5086 1706/1706/5087 1704/1704/5088
f 1704/1704/5088 1706/1706/5087 1707/1707/5089
f 1704/1704/5090 1707/1707/5090 1708/1708/5090
f 1007/1007/5091 1008/1008/5091 1006/1006/5091
f 1006/1006/5092 1008/1008/5092 1681/1681/5092
f 1006/1006/5093 1681/1681/5093 1001/1001/5093
f 1001/1001/5094 1681/1681/5094 1680/1680/5094
f 1001/1001/5095 1680/1680/5095 1002/1002/5095
f 1002/1002/5096 1680/1680/5097 994/994/5096
f 1002/1002/5096 994/994/5096 1709/1709/5098
f 1709/1709/5099 994/994/5099 996/996/5099
f 1709/1709/5100 996/996/5100 1710/1710/5100
f 1710/1710/5101 996/996/5102 1703/1703/5101
f 1710/1710/5101 1703/1703/5101 1711/1711/5103
f 1711/1711/5104 1703/1703/5105 1704/1704/5106
f 1711/1711/5104 1704/1704/5106 1712/1712/5107
f 1712/1712/5108 1704/1704/5108 1708/1708/5108
f 1712/1712/5109 1708/1708/5109 1713/1713/5109
f 1705/1705/5110 1714/1714/5111 1706/1706/5112
f 1706/1706/5112 1714/1714/5111 1715/1715/5113
f 1706/1706/5114 1715/1715/5115 1707/1707/5116
f 1707/1707/5116 1715/1715/5115 1716/1716/5117
f 1707/1707/5118 1716/1716/5119 1708/1708/5120
f 1708/1708/5120 1716/1716/5119 1717/1717/5121
f 1708/1708/5122 1717/1717/5123 1713/1713/5124
f 1713/1713/5124 1717/1717/5123 1718/1718/5125
f 1713/1713/5126 1718/1718/5126 1719/1719/5126
f 1003/1003/5045 1000/1000/5044 998/998/5127
f 998/998/5128 1000/1000/5128 1002/1002/5128
f 998/998/5129 1002/1002/5129 999/999/5129
f 999/999/5130 1002/1002/5131 1709/1709/5132
f 999/999/5130 1709/1709/5132 1720/1720/5133
f 1720/1720/5134 1709/1709/5135 1710/1710/5136
f 1720/1720/5134 1710/1710/5136 1721/1721/5137
f 1721/1721/5138 1710/1710/5139 1711/1711/5140
f 1721/1721/5138 1711/1711/5140 1722/1722/5141
f 1722/1722/5142 1711/1711/5143 1712/1712/5144
f 1722/1722/5142 1712/1712/5144 1723/1723/5145
f 1723/1723/5146 1712/1712/5147 1713/1713/5148
f 1723/1723/5146 1713/1713/5148 1724/1724/5149
f 1724/1724/5150 1713/1713/5150 1719/1719/5150
f 1724/1724/5151 1719/1719/5151 1725/1725/5151
f 1726/1726/5152 1727/1727/5153 1728/1728/5154
f 1728/1728/5155 1727/1727/5155 1729/1729/5155
f 1728/1728/5156 1729/1729/5156 985/985/5156
f 985/985/5157 1729/1729/5157 1730/1730/5157
f 985/985/5158 1730/1730/5158 986/986/5158
f 2/2/4209 1731/1731/5159 1732/1732/5160
f 1732/1732/5161 1731/1731/5161 1733/1733/5161
f 1732/1732/5162 1733/1733/5162 1734/1734/5162
f 1734/1734/5163 1733/1733/5163 1031/1031/5163
f 1734/1734/5164 1031/1031/5164 1735/1735/5164
f 1735/1735/5165 1031/1031/5165 1032/1032/5165
f 1735/1735/5166 1032/1032/5166 1736/1736/5166
f 1737/1737/5167 1695/1695/5167 1738/1738/5167
f 1738/1738/5168 1695/1695/5168 1696/1696/5168
f 1738/1738/5169 1696/1696/5169 1739/1739/5169
f 1739/1739/5170 1696/1696/5171 1697/1697/5172
f 1739/1739/5170 1697/1697/5172 1740/1740/5173
f 1740/1740/5174 1697/1697/5174 1698/1698/5174
f 1740/1740/5175 1698/1698/5175 1741/1741/5175
f 1742/1742/5176 1743/1743/5177 1744/1744/5178
f 1744/1744/5179 1743/1743/5179 1745/1745/5179
f 1744/1744/5180 1745/1745/5180 1746/1746/5180
f 1746/1746/5181 1745/1745/5181 1747/1747/5181
f 1746/1746/5182 1747/1747/5182 1748/1748/5182
f 1748/1748/5183 1747/1747/5183 1749/1749/5183
f 1748/1748/5184 1749/1749/5184 1750/1750/5184
f 1750/1750/5185 1749/1749/5185 1751/1751/5185
f 1750/1750/5186 1751/1751/5186 1752/1752/5186
f 1752/1752/5187 1751/1751/5187 1753/1753/5187
f 1752/1752/5188 1753/1753/5188 1754/1754/5188
f 1754/1754/5189 1753/1753/5189 1755/1755/5189
f 1754/1754/5190 1755/1755/5190 1756/1756/5190
f 1756/1756/5191 1755/1755/5192 1757/1757/5193
f 1756/1756/5191 1757/1757/5193 1758/1758/5194
f 1758/1758/5195 1757/1757/5196 1693/1693/5197
f 1758/1758/5195 1693/1693/5197 1759/1759/5198
f 1759/1759/5199 1693/1693/5199 1694/1694/5199
f 1759/1759/5200 1694/1694/5200 993/993/5200
f 993/993/5201 1694/1694/5201 1692/1692/5201
f 993/993/5202 1692/1692/5202 991/991/5202
f 1760/1760/5203 1742/1742/5204 1761/1761/5205
f 1761/1761/5206 1742/1742/5206 1744/1744/5206
f 1761/1761/5207 1744/1744/5207 1762/1762/5207
f 1762/1762/5208 1744/1744/5208 1746/1746/5208
f 1762/1762/5209 1746/1746/5209 1763/1763/5209
f 1763/1763/5210 1746/1746/5210 1748/1748/5210
f 1763/1763/5211 1748/1748/5211 1764/1764/5211
f 1764/1764/5212 1748/1748/5212 1750/1750/5212
f 1764/1764/5213 1750/1750/5213 1765/1765/5213
f 1765/1765/5214 1750/1750/5214 1752/1752/5214
f 1765/1765/5215 1752/1752/5215 987/987/5215
f 987/987/5216 1752/1752/5216 1754/1754/5216
f 987/987/5217 1754/1754/5217 985/985/5217
f 985/985/5218 1754/1754/5219 1756/1756/5220
f 985/985/5218 1756/1756/5220 1728/1728/5221
f 1728/1728/5222 1756/1756/5222 1758/1758/5222
f 1728/1728/5154 1758/1758/5223 1726/1726/5152
f 1726/1726/5224 1758/1758/5225 1759/1759/5226
f 1726/1726/5224 1759/1759/5226 1766/1766/5227
f 1766/1766/5228 1759/1759/5228 993/993/5228
f 1741/1741/5229 1767/1767/5229 1740/1740/5229
f 1740/1740/5230 1767/1767/5231 1768/1768/5232
f 1740/1740/5230 1768/1768/5232 1739/1739/5233
f 1739/1739/5234 1768/1768/5234 1769/1769/5234
f 1739/1739/5235 1769/1769/5235 1738/1738/5235
f 1738/1738/5236 1769/1769/5236 1770/1770/5236
f 1738/1738/5237 1770/1770/5237 1737/1737/5237
f 1737/1737/5238 1770/1770/5238 1029/1029/5238
f 1029/1029/5239 1031/1031/5239 1737/1737/5239
f 1737/1737/5240 1031/1031/5240 1733/1733/5240
f 1737/1737/5241 1733/1733/5241 1695/1695/5241
f 1695/1695/5242 1733/1733/5242 1731/1731/5242
f 1695/1695/5243 1731/1731/5243 990/990/5243
f 990/990/5244 1731/1731/5244 2/2/5244
f 1743/1743/5245 1736/1736/5245 1745/1745/5245
f 1745/1745/5246 1736/1736/5246 1032/1032/5246
f 1745/1745/5247 1032/1032/5247 1747/1747/5247
f 1747/1747/5248 1032/1032/5248 1030/1030/5248
f 1747/1747/5249 1030/1030/5249 1749/1749/5249
f 1749/1749/5250 1030/1030/5250 1029/1029/5250
f 1749/1749/5251 1029/1029/5251 1751/1751/5251
f 1751/1751/5252 1029/1029/5252 1770/1770/5252
f 1751/1751/5253 1770/1770/5253 1753/1753/5253
f 1753/1753/5254 1770/1770/5254 1769/1769/5254
f 1753/1753/5255 1769/1769/5255 1755/1755/5255
f 1755/1755/5256 1769/1769/5257 1768/1768/5258
f 1755/1755/5256 1768/1768/5258 1757/1757/5259
f 1757/1757/5260 1768/1768/5261 1767/1767/5262
f 1757/1757/5260 1767/1767/5262 1693/1693/5263
f 1693/1693/5264 1767/1767/5264 1741/1741/5264
f 1693/1693/5265 1741/1741/5265 1691/1691/5265
f 1433/1433/5266 1771/1771/5267 1434/1434/5268
f 1434/1434/5269 1771/1771/5270 1772/1772/5271
f 1434/1434/5269 1772/1772/5271 1435/1435/5272
f 1435/1435/5273 1772/1772/5274 1773/1773/5275
f 1435/1435/5273 1773/1773/5275 1436/1436/5276
f 1436/1436/5277 1773/1773/5278 1774/1774/5279
f 1436/1436/5277 1774/1774/5279 1437/1437/5280
f 1437/1437/5281 1774/1774/5282 1775/1775/5283
f 1437/1437/5281 1775/1775/5283 1438/1438/5284
f 1438/1438/5285 1775/1775/5286 1776/1776/5287
f 1438/1438/5285 1776/1776/5287 1439/1439/5288
f 1439/1439/5289 1776/1776/5290 1777/1777/5291
f 1439/1439/5289 1777/1777/5291 1440/1440/5292
f 1440/1440/5293 1777/1777/5293 1725/1725/5293
f 1440/1440/5294 1725/1725/5295 1033/1033/5296
f 1033/1033/5296 1725/1725/5295 1719/1719/5297
f 1033/1033/5298 1719/1719/5299 1034/1034/5300
f 1034/1034/5300 1719/1719/5299 1718/1718/5301
f 1034/1034/5302 1718/1718/5303 1485/1485/5304
f 1485/1485/5304 1718/1718/5303 1717/1717/5305
f 1485/1485/5306 1717/1717/5307 1233/1233/5308
f 1233/1233/5308 1717/1717/5307 1716/1716/5309
f 1233/1233/5310 1716/1716/5311 1036/1036/5312
f 1036/1036/5312 1716/1716/5311 1715/1715/5313
f 1036/1036/5314 1715/1715/5315 1037/1037/5316
f 1037/1037/5316 1715/1715/5315 1714/1714/5317
f 1771/1771/5318 1760/1760/5319 1772/1772/5320
f 1772/1772/5321 1760/1760/5322 1761/1761/5323
f 1772/1772/5321 1761/1761/5323 1773/1773/5324
f 1773/1773/5325 1761/1761/5326 1762/1762/5327
f 1773/1773/5325 1762/1762/5327 1774/1774/5328
f 1774/1774/5329 1762/1762/5330 1763/1763/5331
f 1774/1774/5329 1763/1763/5331 1775/1775/5332
f 1775/1775/5333 1763/1763/5334 1764/1764/5335
f 1775/1775/5333 1764/1764/5335 1776/1776/5336
f 1776/1776/5337 1764/1764/5338 1765/1765/5339
f 1776/1776/5337 1765/1765/5339 1777/1777/5340
f 1777/1777/5341 1765/1765/5341 987/987/5341
f 1777/1777/5342 987/987/5342 1725/1725/5342
f 1725/1725/5343 987/987/5344 986/986/5345
f 1725/1725/5343 986/986/5345 1724/1724/5346
f 1724/1724/5347 986/986/5348 1730/1730/5349
f 1724/1724/5347 1730/1730/5349 1723/1723/5350
f 1723/1723/5351 1730/1730/5352 1729/1729/5353
f 1723/1723/5351 1729/1729/5353 1722/1722/5354
f 1722/1722/5355 1729/1729/5356 1727/1727/5357
f 1722/1722/5355 1727/1727/5357 1721/1721/5358
f 1721/1721/5359 1727/1727/5360 1726/1726/5361
f 1721/1721/5359 1726/1726/5361 1720/1720/5362
f 1720/1720/5363 1726/1726/5364 1766/1766/5365
f 1720/1720/5363 1766/1766/5365 999/999/5366
f 999/999/5367 1766/1766/5367 993/993/5367
f 999/999/5368 993/993/5368 997/997/5368
f 997/997/5369 993/993/5369 992/992/5369
f 997/997/5370 992/992/5370 1003/1003/5370
f 1533/1533/5371 1535/1535/5371 1551/1551/5371
f 1551/1551/5372 1535/1535/4635 1590/1590/4637
f 1551/1551/5064 1590/1590/5064 1701/1701/5063
f 1701/1701/4640 1590/1590/4639 1591/1591/4640
f 1701/1701/5067 1591/1591/5373 1702/1702/5068
f 1702/1702/5374 1591/1591/4641 1592/1592/4643
f 1702/1702/5375 1592/1592/5375 1690/1690/5375
f 1690/1690/5376 1592/1592/5376 1593/1593/5376
f 1690/1690/5377 1593/1593/5377 1689/1689/5377
f 1689/1689/5378 1593/1593/5379 1594/1594/5380
f 1689/1689/5378 1594/1594/5380 1687/1687/5381
f 1687/1687/5382 1594/1594/5383 1665/1665/5384
f 1687/1687/5382 1665/1665/5384 1685/1685/5385
f 1685/1685/5386 1665/1665/5387 1667/1667/5388
f 1685/1685/5386 1667/1667/5388 1699/1699/5389
f 1699/1699/5390 1667/1667/5391 1669/1669/5392
f 1699/1699/5390 1669/1669/5392 1705/1705/5393
f 1705/1705/5394 1669/1669/5395 1671/1671/5396
f 1705/1705/5394 1671/1671/5396 1714/1714/5397
f 1714/1714/5398 1671/1671/5399 1673/1673/5400
f 1714/1714/5398 1673/1673/5400 1037/1037/5401
f 1037/1037/5402 1673/1673/5403 1039/1039/5404
f 1037/1037/5402 1039/1039/5404 1038/1038/5405
f 1038/1038/5406 1039/1039/5407 1377/1377/5408
f 1038/1038/5406 1377/1377/5408 1235/1235/5409
f 1235/1235/5410 1377/1377/5411 1379/1379/5412
f 1235/1235/5410 1379/1379/5412 1237/1237/5413
f 1237/1237/5414 1379/1379/5415 1381/1381/5416
f 1237/1237/5414 1381/1381/5416 1494/1494/5417
f 1494/1494/5418 1381/1381/5419 1383/1383/5420
f 1494/1494/5418 1383/1383/5420 1495/1495/5421
f 1495/1495/5422 1383/1383/5423 1385/1385/5424
f 1495/1495/5422 1385/1385/5424 1497/1497/5425
f 1497/1497/5426 1385/1385/5427 1387/1387/5428
f 1497/1497/5426 1387/1387/5428 1499/1499/5429
f 1499/1499/5430 1387/1387/5431 1389/1389/5432
f 1499/1499/5430 1389/1389/5432 1501/1501/5433
f 1501/1501/5434 1389/1389/5435 1391/1391/5436
f 1501/1501/5434 1391/1391/5436 1503/1503/5437
f 1503/1503/5438 1391/1391/5439 1393/1393/5440
f 1503/1503/5438 1393/1393/5440 1505/1505/5441
f 1505/1505/5442 1393/1393/5443 1395/1395/5444
f 1505/1505/5442 1395/1395/5444 1507/1507/5445
f 1507/1507/5446 1395/1395/5447 1397/1397/5448
f 1507/1507/5446 1397/1397/5448 1509/1509/5446
f 1509/1509/5449 1397/1397/5450 1399/1399/5449
f 1509/1509/5449 1399/1399/5449 1511/1511/5449
f 1511/1511/5451 1399/1399/5451 41/41/5451
f 1511/1511/5452 41/41/5452 1512/1512/5452
f 1512/1512/5453 41/41/28 40/40/27
f 1512/1512/5454 40/40/5454 1462/1462/5454
f 1462/1462/5455 40/40/1942 1022/1022/4435
f 1462/1462/4243 1022/1022/5456 1463/1463/4244
f 1463/1463/5457 1022/1022/3071 1024/1024/3073
f 1463/1463/4314 1024/1024/5458 1423/1423/4315
f 1423/1423/5459 1024/1024/4440 1489/1489/4439
f 1423/1423/4159 1489/1489/5460 1424/1424/4160
f 1424/1424/5461 1489/1489/4301 1487/1487/4300
f 1424/1424/4179 1487/1487/5462 1433/1433/4180
f 1433/1433/5463 1487/1487/4295 1025/1025/4294
f 1433/1433/5266 1025/1025/5464 1771/1771/5267
f 1771/1771/5465 1025/1025/3074 1027/1027/3076
f 1771/1771/5318 1027/1027/5466 1760/1760/5319
f 1760/1760/5467 1027/1027/5467 1451/1451/5467
f 1760/1760/5203 1451/1451/5468 1742/1742/5204
f 1742/1742/5469 1451/1451/4224 1449/1449/4223
f 1742/1742/5176 1449/1449/5470 1743/1743/5177
f 1743/1743/5471 1449/1449/5471 1447/1447/5471
f 1743/1743/5472 1447/1447/5472 1736/1736/5472
f 1736/1736/5473 1447/1447/5473 1445/1445/5473
f 1736/1736/5474 1445/1445/5474 1735/1735/5474
f 1735/1735/5475 1445/1445/5475 1443/1443/5475
f 1735/1735/5476 1443/1443/5476 1734/1734/5476
f 1734/1734/5477 1443/1443/5477 1441/1441/5477
f 1734/1734/5478 1441/1441/5478 1732/1732/5478
f 1732/1732/5160 1441/1441/4210 2/2/4209
f 1126/1126/5479 1124/1124/5479 1127/1127/5479
f 1127/1127/5480 1124/1124/3213 977/977/3212
f 1127/1127/5481 977/977/5481 1778/1778/5481
f 1778/1778/5482 977/977/5482 976/976/5482
f 1778/1778/5483 976/976/5483 1779/1779/5483
f 1780/1780/5484 1781/1781/5485 1779/1779/5486
f 1779/1779/5486 1781/1781/5485 1782/1782/5487
f 1779/1779/5488 1782/1782/5488 1778/1778/5488
f 1778/1778/5489 1782/1782/5489 1783/1783/5489
f 1778/1778/5490 1783/1783/5490 1127/1127/5490
f 1127/1127/3216 1783/1783/5491 1784/1784/5492
f 1127/1127/3216 1784/1784/5492 1125/1125/3214
f 1524/1524/5493 1780/1780/5493 1785/1785/5493
f 1785/1785/5494 1780/1780/5494 1779/1779/5494
f 1785/1785/5495 1779/1779/5495 1786/1786/5495
f 1786/1786/5496 1779/1779/5496 976/976/5496
f 1786/1786/5497 976/976/5497 1787/1787/5497
f 1787/1787/5498 976/976/5498 978/978/5498
f 1787/1787/5499 978/978/5500 1788/1788/5501
f 1789/1789/5502 1790/1790/5502 1791/1791/5502
f 1791/1791/5503 1790/1790/5503 1792/1792/5503
f 1791/1791/5504 1792/1792/5504 1793/1793/5504
f 1793/1793/5505 1792/1792/5505 1794/1794/5505
f 1793/1793/5506 1794/1794/5506 1795/1795/5506
f 1795/1795/5507 1794/1794/5508 1796/1796/5509
f 1795/1795/5507 1796/1796/5509 1797/1797/5510
f 1798/1798/5511 1799/1799/5512 1101/1101/5513
f 1101/1101/5514 1799/1799/5515 1800/1800/5516
f 1101/1101/5514 1800/1800/5516 1049/1049/5517
f 1049/1049/5518 1800/1800/5519 1801/1801/5520
f 1049/1049/3098 1801/1801/5521 1050/1050/3099
f 1050/1050/3099 1801/1801/5521 1802/1802/5522
f 1050/1050/3099 1802/1802/5522 1106/1106/3182
f 1106/1106/3182 1802/1802/5522 1803/1803/5523
f 1106/1106/3182 1803/1803/5523 984/984/3180
f 1804/1804/5524 1798/1798/5525 1053/1053/5526
f 1053/1053/5526 1798/1798/5525 1101/1101/5527
f 1053/1053/3167 1101/1101/5528 1100/1100/3168
f 1100/1100/5529 1101/1101/3171 1048/1048/3170
f 1805/1805/5530 1099/1099/5530 1806/1806/5530
f 1806/1806/5531 1099/1099/5532 1098/1098/5533
f 1806/1806/5531 1098/1098/5533 1807/1807/5534
f 1807/1807/5535 1098/1098/3164 1096/1096/3163
f 1807/1807/5535 1096/1096/3163 1808/1808/5536
f 1808/1808/5537 1096/1096/3160 1094/1094/3159
f 1808/1808/5538 1094/1094/5538 1809/1809/5538
f 1809/1809/5539 1094/1094/3156 1093/1093/3155
f 1809/1809/5540 1093/1093/5540 1810/1810/5540
f 1810/1810/5541 1093/1093/3152 1090/1090/3152
f 1810/1810/5542 1090/1090/5542 1811/1811/5542
f 1811/1811/5543 1090/1090/3150 1092/1092/3150
f 1811/1811/5544 1092/1092/5544 1812/1812/5544
f 1812/1812/5545 1092/1092/3225 1130/1130/3225
f 1812/1812/5546 1130/1130/5546 1813/1813/5546
f 1813/1813/5547 1130/1130/3222 1129/1129/3222
f 1813/1813/5548 1129/1129/5548 1814/1814/5548
f 1814/1814/5549 1129/1129/3219 1128/1128/3219
f 1814/1814/5550 1128/1128/5551 1131/1131/5552
f 1131/1131/5552 1128/1128/5551 1081/1081/5553
f 1131/1131/5554 1081/1081/5555 1078/1078/5556
f 1078/1078/5556 1081/1081/5555 1080/1080/5557
f 1078/1078/5558 1080/1080/5558 1079/1079/5558
f 1804/1804/5524 1815/1815/5559 1798/1798/5525
f 1798/1798/5525 1815/1815/5559 1816/1816/5560
f 1798/1798/5511 1816/1816/5561 1799/1799/5512
f 1799/1799/5512 1816/1816/5561 1817/1817/5562
f 1799/1799/5515 1817/1817/5563 1800/1800/5516
f 1800/1800/5516 1817/1817/5563 1818/1818/5564
f 1800/1800/5519 1818/1818/5565 1801/1801/5520
f 1801/1801/5520 1818/1818/5565 1819/1819/5566
f 1801/1801/5521 1819/1819/5567 1802/1802/5522
f 1802/1802/5522 1819/1819/5568 1820/1820/5569
f 1802/1802/5522 1820/1820/5569 1803/1803/5523
f 1803/1803/5570 1820/1820/5570 1821/1821/5570
f 1803/1803/5523 1821/1821/5571 984/984/3180
f 984/984/3039 1821/1821/5572 981/981/5573
f 984/984/3039 981/981/5573 982/982/3037
f 982/982/3185 981/981/3036 980/980/3035
f 982/982/3185 980/980/3035 1107/1107/3183
f 1107/1107/5574 980/980/3205 1120/1120/3207
f 1796/1796/5575 1822/1822/5575 1797/1797/5575
f 1797/1797/5576 1822/1822/5576 1823/1823/5576
f 1797/1797/5577 1823/1823/5577 1824/1824/5577
f 1824/1824/5578 1823/1823/5578 1825/1825/5578
f 1824/1824/5579 1825/1825/5579 1826/1826/5579
f 1121/1121/5580 1113/1113/5580 978/978/5580
f 978/978/5581 1113/1113/3192 979/979/3194
f 978/978/5582 979/979/5582 1788/1788/5582
f 1788/1788/5583 979/979/3034 981/981/3036
f 1788/1788/5583 981/981/3036 1827/1827/5583
f 1827/1827/5584 981/981/5585 1821/1821/5586
f 1827/1827/5584 1821/1821/5586 1828/1828/5587
f 1828/1828/5588 1821/1821/5589 1820/1820/5590
f 1828/1828/5588 1820/1820/5590 1829/1829/5591
f 1829/1829/5592 1820/1820/5592 1819/1819/5592
f 1829/1829/5593 1819/1819/5594 1830/1830/5595
f 1830/1830/5595 1819/1819/5594 1818/1818/5596
f 1830/1830/5597 1818/1818/5598 1831/1831/5599
f 1831/1831/5599 1818/1818/5598 1817/1817/5600
f 1831/1831/5601 1817/1817/5602 1832/1832/5603
f 1832/1832/5603 1817/1817/5602 1816/1816/5604
f 1832/1832/5605 1816/1816/5606 1833/1833/5607
f 1833/1833/5607 1816/1816/5606 1815/1815/5608
f 1833/1833/5609 1815/1815/5610 1834/1834/5611
f 1834/1834/5612 1815/1815/5613 1804/1804/5614
f 1834/1834/5612 1804/1804/5614 1835/1835/5615
f 1835/1835/5615 1804/1804/5614 1053/1053/5616
f 1835/1835/5617 1053/1053/5618 1807/1807/5619
f 1807/1807/5620 1053/1053/5621 1052/1052/5622
f 1807/1807/5620 1052/1052/5622 1806/1806/5623
f 1806/1806/5624 1052/1052/5624 1836/1836/5624
f 1806/1806/5625 1836/1836/5625 1805/1805/5625
f 1807/1807/5619 1837/1837/5626 1835/1835/5617
f 1835/1835/5617 1837/1837/5626 1838/1838/5627
f 1835/1835/5617 1838/1838/5627 1834/1834/5628
f 1834/1834/5629 1838/1838/5629 1839/1839/5629
f 1834/1834/5611 1839/1839/5630 1833/1833/5609
f 1833/1833/5631 1839/1839/5632 1840/1840/5633
f 1833/1833/5634 1840/1840/5634 1832/1832/5634
f 1832/1832/5635 1840/1840/5636 1826/1826/5637
f 1832/1832/5638 1826/1826/5639 1831/1831/5640
f 1831/1831/5640 1826/1826/5639 1825/1825/5641
f 1831/1831/5642 1825/1825/5643 1830/1830/5644
f 1830/1830/5644 1825/1825/5643 1823/1823/5645
f 1830/1830/5646 1823/1823/5647 1829/1829/5648
f 1829/1829/5648 1823/1823/5647 1822/1822/5649
f 1829/1829/5650 1822/1822/5650 1828/1828/5650
f 1828/1828/5651 1822/1822/5652 1796/1796/5653
f 1828/1828/5651 1796/1796/5653 1827/1827/5654
f 1827/1827/5655 1796/1796/5656 1794/1794/5657
f 1827/1827/5655 1794/1794/5657 1788/1788/5658
f 1788/1788/5501 1794/1794/5659 1792/1792/5660
f 1788/1788/5501 1792/1792/5660 1787/1787/5499
f 1787/1787/5661 1792/1792/5661 1790/1790/5661
f 1787/1787/5662 1790/1790/5662 1786/1786/5662
f 1786/1786/5663 1790/1790/5663 1789/1789/5663
f 1786/1786/5664 1789/1789/5664 1785/1785/5664
f 1841/1841/5665 1842/1842/5666 1843/1843/5667
f 1843/1843/5667 1842/1842/5666 1844/1844/5668
f 1843/1843/5669 1844/1844/5670 1845/1845/5671
f 1845/1845/5672 1844/1844/5673 1846/1846/5674
f 1845/1845/5675 1846/1846/5676 1847/1847/5677
f 1847/1847/5678 1846/1846/5679 1848/1848/5680
f 1847/1847/5681 1848/1848/5681 1849/1849/5681
f 1849/1849/5682 1848/1848/5683 1850/1850/5684
f 1849/1849/5685 1850/1850/5686 1851/1851/5687
f 1851/1851/5688 1850/1850/5689 1852/1852/5690
f 1851/1851/5691 1852/1852/5692 1853/1853/5693
f 1853/1853/5694 1852/1852/5695 1854/1854/5696
f 1853/1853/5697 1854/1854/5698 1855/1855/5699
f 1855/1855/5700 1854/1854/5701 1856/1856/5702
f 1855/1855/5703 1856/1856/5704 1857/1857/5705
f 1857/1857/5706 1856/1856/5707 1858/1858/5708
f 1857/1857/5709 1858/1858/5710 1859/1859/5709
f 1859/1859/5711 1858/1858/5712 1860/1860/5713
f 1859/1859/5714 1860/1860/5715 1861/1861/5716
f 1861/1861/5717 1860/1860/5718 1862/1862/5719
f 1861/1861/5720 1862/1862/5721 1863/1863/5722
f 1863/1863/5723 1862/1862/5724 1864/1864/5725
f 1863/1863/5726 1864/1864/5727 1865/1865/5728
f 1865/1865/5729 1864/1864/5729 1866/1866/5729
f 1865/1865/5730 1866/1866/5731 1867/1867/5732
f 1867/1867/5733 1866/1866/5733 1868/1868/5733
f 1867/1867/5734 1868/1868/5735 1869/1869/5736
f 1869/1869/5737 1868/1868/5737 1870/1870/5737
f 1869/1869/5738 1870/1870/5739 1871/1871/5738
f 1871/1871/5740 1870/1870/5740 1872/1872/5740
f 1871/1871/5741 1872/1872/5742 1873/1873/5743
f 1873/1873/5743 1872/1872/5742 1874/1874/5744
f 1873/1873/5745 1874/1874/5746 1875/1875/5747
f 1875/1875/5747 1874/1874/5746 1876/1876/5748
f 1877/1877/5749 1878/1878/5750 1879/1879/5751
f 1879/1879/5752 1878/1878/5753 1880/1880/5754
f 1879/1879/5755 1880/1880/5756 974/974/5757
f 974/974/5757 1880/1880/5756 1881/1881/5758
f 974/974/5759 1881/1881/5759 975/975/5759
f 972/972/3030 971/971/5760 974/974/3028
f 974/974/5761 971/971/5762 1882/1882/5763
f 974/974/5757 1882/1882/5764 1879/1879/5755
f 1879/1879/5765 1882/1882/5766 1883/1883/5767
f 1879/1879/5751 1883/1883/5768 1877/1877/5749
f 1221/1221/5769 1884/1884/5770 1209/1209/5771
f 1209/1209/5771 1884/1884/5770 1885/1885/5772
f 1209/1209/5773 1885/1885/5774 1205/1205/5775
f 1205/1205/5775 1885/1885/5774 1886/1886/5776
f 1205/1205/5777 1886/1886/5778 1196/1196/5778
f 1196/1196/5778 1886/1886/5778 1887/1887/5779
f 1196/1196/5780 1887/1887/5781 1195/1195/5781
f 1195/1195/5781 1887/1887/5781 1888/1888/5782
f 1195/1195/5783 1888/1888/5784 1194/1194/5785
f 1194/1194/5785 1888/1888/5784 1889/1889/5786
f 1194/1194/5787 1889/1889/5788 1193/1193/5789
f 1193/1193/5789 1889/1889/5788 1890/1890/5790
f 1193/1193/3405 1890/1890/5791 1192/1192/3403
f 1192/1192/5792 1890/1890/5793 1891/1891/5794
f 1192/1192/3401 1891/1891/5795 1191/1191/3399
f 1191/1191/5796 1891/1891/5797 1892/1892/5798
f 1191/1191/5796 1892/1892/5798 1190/1190/5799
f 1190/1190/5800 1892/1892/5801 1893/1893/5802
f 1894/1894/5803 1043/1043/5804 1895/1895/5805
f 1895/1895/5805 1043/1043/5804 1042/1042/5806
f 1895/1895/5807 1042/1042/5808 1896/1896/5809
f 1896/1896/5809 1042/1042/5808 1220/1220/5810
f 1896/1896/5811 1220/1220/5812 1897/1897/5813
f 1897/1897/5813 1220/1220/5812 1164/1164/5814
f 1897/1897/5815 1164/1164/5816 1898/1898/5817
f 1898/1898/5818 1164/1164/3318 1163/1163/3317
f 1898/1898/5819 1163/1163/5820 1899/1899/5821
f 1899/1899/5822 1163/1163/3336 1162/1162/3335
f 1899/1899/5823 1162/1162/5824 1900/1900/5825
f 1900/1900/5826 1162/1162/3316 1161/1161/3315
f 1900/1900/5827 1161/1161/5828 1901/1901/5829
f 1901/1901/5830 1161/1161/3312 1160/1160/3311
f 1901/1901/5831 1160/1160/5832 1902/1902/5833
f 1902/1902/5834 1160/1160/3308 1159/1159/3307
f 1902/1902/5835 1159/1159/5836 1903/1903/5837
f 1903/1903/5838 1159/1159/3460 1202/1202/3459
f 1903/1903/5839 1202/1202/5840 1904/1904/5841
f 1904/1904/5842 1202/1202/3434 1158/1158/3433
f 1904/1904/5843 1158/1158/5844 1905/1905/5845
f 1905/1905/5846 1158/1158/3304 1145/1145/3303
f 1905/1905/5847 1145/1145/5848 1906/1906/5849
f 1906/1906/5849 1145/1145/5848 1139/1139/5850
f 1906/1906/5851 1139/1139/5852 1907/1907/5853
f 1907/1907/5853 1139/1139/5852 1140/1140/5854
f 1907/1907/5855 1140/1140/5856 973/973/5857
f 973/973/5857 1140/1140/5856 1141/1141/5858
f 973/973/3027 1141/1141/5859 971/971/3025
f 971/971/5860 1141/1141/3396 1190/1190/3395
f 971/971/5762 1190/1190/5861 1882/1882/5763
f 1882/1882/5862 1190/1190/5800 1893/1893/5802
f 1882/1882/5766 1893/1893/5863 1883/1883/5767
f 1842/1842/5666 1894/1894/5803 1844/1844/5668
f 1844/1844/5668 1894/1894/5803 1895/1895/5805
f 1844/1844/5673 1895/1895/5864 1846/1846/5674
f 1846/1846/5865 1895/1895/5807 1896/1896/5809
f 1846/1846/5679 1896/1896/5866 1848/1848/5680
f 1848/1848/5867 1896/1896/5811 1897/1897/5813
f 1848/1848/5683 1897/1897/5868 1850/1850/5684
f 1850/1850/5869 1897/1897/5815 1898/1898/5817
f 1850/1850/5689 1898/1898/5870 1852/1852/5690
f 1852/1852/5871 1898/1898/5819 1899/1899/5821
f 1852/1852/5695 1899/1899/5872 1854/1854/5696
f 1854/1854/5873 1899/1899/5823 1900/1900/5825
f 1854/1854/5701 1900/1900/5874 1856/1856/5702
f 1856/1856/5875 1900/1900/5827 1901/1901/5829
f 1856/1856/5707 1901/1901/5876 1858/1858/5708
f 1858/1858/5877 1901/1901/5831 1902/1902/5833
f 1858/1858/5712 1902/1902/5878 1860/1860/5713
f 1860/1860/5879 1902/1902/5835 1903/1903/5837
f 1860/1860/5718 1903/1903/5880 1862/1862/5719
f 1862/1862/5881 1903/1903/5839 1904/1904/5841
f 1862/1862/5724 1904/1904/5882 1864/1864/5725
f 1864/1864/5883 1904/1904/5843 1905/1905/5845
f 1864/1864/5884 1905/1905/5884 1866/1866/5884
f 1866/1866/5885 1905/1905/5885 1906/1906/5885
f 1866/1866/5886 1906/1906/5886 1868/1868/5886
f 1868/1868/5887 1906/1906/5887 1907/1907/5887
f 1868/1868/5888 1907/1907/5888 1870/1870/5888
f 1870/1870/5889 1907/1907/5889 973/973/5889
f 1870/1870/5890 973/973/5891 1872/1872/5892
f 1872/1872/5892 973/973/5891 972/972/5893
f 1872/1872/5894 972/972/5895 1874/1874/5896
f 1874/1874/5896 972/972/5895 975/975/5897
f 1874/1874/5898 975/975/5899 1876/1876/5900
f 1876/1876/5900 975/975/5899 1881/1881/5901
f 1059/1059/3104 1841/1841/5902 1057/1057/3104
f 1057/1057/5903 1841/1841/5665 1843/1843/5667
f 1057/1057/3256 1843/1843/5904 1138/1138/3254
f 1138/1138/5905 1843/1843/5669 1845/1845/5671
f 1138/1138/3252 1845/1845/5906 1137/1137/3250
f 1137/1137/5907 1845/1845/5675 1847/1847/5677
f 1137/1137/3248 1847/1847/5908 1136/1136/3246
f 1136/1136/5909 1847/1847/5681 1849/1849/5681
f 1136/1136/3244 1849/1849/5910 1135/1135/3242
f 1135/1135/3240 1849/1849/5685 1851/1851/5687
f 1135/1135/3240 1851/1851/5687 1134/1134/3238
f 1134/1134/3236 1851/1851/5691 1853/1853/5693
f 1134/1134/3236 1853/1853/5693 1133/1133/3235
f 1133/1133/5911 1853/1853/5697 1855/1855/5699
f 1133/1133/3234 1855/1855/5912 1132/1132/3232
f 1132/1132/3230 1855/1855/5703 1857/1857/5705
f 1132/1132/3230 1857/1857/5705 1131/1131/3228
f 1131/1131/5913 1857/1857/5709 1859/1859/5709
f 1131/1131/5914 1859/1859/5914 1814/1814/5914
f 1814/1814/5915 1859/1859/5714 1861/1861/5716
f 1814/1814/5916 1861/1861/5916 1813/1813/5916
f 1813/1813/5917 1861/1861/5720 1863/1863/5722
f 1813/1813/5918 1863/1863/5918 1812/1812/5918
f 1812/1812/5919 1863/1863/5726 1865/1865/5728
f 1812/1812/5920 1865/1865/5920 1811/1811/5920
f 1811/1811/5921 1865/1865/5730 1867/1867/5732
f 1811/1811/5922 1867/1867/5922 1810/1810/5922
f 1810/1810/5923 1867/1867/5734 1869/1869/5736
f 1810/1810/5924 1869/1869/5924 1809/1809/5924
f 1809/1809/5925 1869/1869/5738 1871/1871/5738
f 1809/1809/5926 1871/1871/5926 1808/1808/5926
f 1808/1808/5927 1871/1871/5741 1873/1873/5743
f 1808/1808/5928 1873/1873/5929 1807/1807/5930
f 1807/1807/5930 1873/1873/5929 1875/1875/5931
f 1807/1807/5932 1875/1875/5933 1837/1837/5934
f 1837/1837/5934 1875/1875/5933 1876/1876/5935
f 1837/1837/5934 1876/1876/5935 1838/1838/5936
f 1838/1838/5937 1876/1876/5938 1881/1881/5939
f 1838/1838/5937 1881/1881/5939 1839/1839/5940
f 1839/1839/5941 1881/1881/5941 1880/1880/5941
f 1839/1839/5632 1880/1880/5942 1840/1840/5633
f 1840/1840/5943 1880/1880/5754 1878/1878/5753
f 1840/1840/5636 1878/1878/5944 1826/1826/5637
f 1826/1826/5945 1878/1878/5945 1877/1877/5945
f 1826/1826/5946 1877/1877/5946 1824/1824/5946
f 547/547/2910 958/958/2910 1019/1019/5947
f 1019/1019/5948 958/958/5948 2/2/5948
f 1524/1524/5949 1785/1785/5949 1525/1525/5949
f 1525/1525/5950 1785/1785/5950 1789/1789/5950
f 1525/1525/5951 1789/1789/5951 1610/1610/5951
f 1610/1610/5952 1789/1789/5952 1791/1791/5952
f 1610/1610/5953 1791/1791/5953 1609/1609/5953
f 1609/1609/5954 1791/1791/5954 1793/1793/5954
f 1609/1609/5955 1793/1793/5955 1608/1608/5955
f 1608/1608/5956 1793/1793/5956 1795/1795/5956
f 1608/1608/5957 1795/1795/5957 1607/1607/5957
f 1607/1607/5958 1795/1795/5959 1797/1797/5960
f 1607/1607/5958 1797/1797/5960 1674/1674/5961
f 1674/1674/5962 1797/1797/5963 1824/1824/5964
f 1674/1674/5962 1824/1824/5964 1675/1675/5965
f 1675/1675/5966 1824/1824/5967 1877/1877/5968
f 1675/1675/5966 1877/1877/5968 1676/1676/5969
f 1676/1676/5970 1877/1877/5971 1883/1883/5970
f 1676/1676/5970 1883/1883/5970 1614/1614/5972
f 1614/1614/5973 1883/1883/5974 1893/1893/5973
f 1614/1614/5973 1893/1893/5973 1615/1615/5975
f 1615/1615/5976 1893/1893/5977 1892/1892/5978
f 1615/1615/5976 1892/1892/5978 1619/1619/5979
f 1619/1619/5980 1892/1892/5981 1891/1891/5982
f 1619/1619/5980 1891/1891/5982 1622/1622/5983
f 1622/1622/5984 1891/1891/5794 1890/1890/5793
f 1622/1622/5985 1890/1890/5986 1621/1621/5985
f 1621/1621/5985 1890/1890/5986 1889/1889/5987
f 1621/1621/5988 1889/1889/5989 1620/1620/5990
f 1620/1620/5990 1889/1889/5989 1888/1888/5991
f 1620/1620/5992 1888/1888/5993 1616/1616/5994
f 1616/1616/5994 1888/1888/5993 1887/1887/5995
f 1616/1616/5996 1887/1887/5997 1677/1677/5998
f 1677/1677/5998 1887/1887/5997 1886/1886/5999
f 1677/1677/6000 1886/1886/6001 1678/1678/6002
f 1678/1678/6002 1886/1886/6001 1885/1885/6003
f 1678/1678/6004 1885/1885/6005 1376/1376/6006
f 1376/1376/6006 1885/1885/6005 1884/1884/6007
f 1376/1376/6008 1884/1884/6008 1359/1359/6008
f 1359/1359/6009 1884/1884/6009 1221/1221/6009
f 1359/1359/3877 1221/1221/6010 1307/1307/3878
f 1307/1307/6011 1221/1221/3499 1222/1222/3501
f 1307/1307/3786 1222/1222/6012 1308/1308/3787
f 1308/1308/6013 1222/1222/3503 1223/1223/3505
f 1308/1308/4108 1223/1223/6014 1297/1297/4109
f 1297/1297/6015 1223/1223/3507 1224/1224/3507
f 1297/1297/3721 1224/1224/6016 1287/1287/3722
f 1287/1287/6017 1224/1224/3510 1225/1225/3510
f 1287/1287/3688 1225/1225/6018 1278/1278/3688
f 1278/1278/6019 1225/1225/3513 1226/1226/3515
f 1278/1278/6020 1226/1226/6020 1263/1263/6020
f 1263/1263/6021 1226/1226/6021 1251/1251/6021
f 1263/1263/3609 1251/1251/6022 1264/1264/3610
f 1264/1264/6023 1251/1251/3588 1250/1250/3587
f 1264/1264/3636 1250/1250/6024 1252/1252/3637
f 1252/1252/6025 1250/1250/3584 1249/1249/3583
f 1252/1252/3590 1249/1249/6026 1253/1253/3591
f 1253/1253/6027 1249/1249/3580 1248/1248/3579
f 1253/1253/3755 1248/1248/6028 1184/1184/3756
f 1184/1184/6029 1248/1248/3576 1247/1247/3575
f 1184/1184/3373 1247/1247/6030 1183/1183/3371
f 1183/1183/6031 1247/1247/3572 1246/1246/3571
f 1183/1183/3369 1246/1246/6032 1182/1182/3367
f 1182/1182/6033 1246/1246/3568 1044/1044/3567
f 1182/1182/3365 1044/1044/6034 1181/1181/3363
f 1181/1181/6035 1044/1044/6036 1043/1043/6037
f 1181/1181/6035 1043/1043/6037 1180/1180/6038
f 1180/1180/6038 1043/1043/6037 1894/1894/6039
f 1180/1180/6038 1894/1894/6039 1179/1179/6040
f 1179/1179/6040 1894/1894/6039 1842/1842/6041
f 1179/1179/6040 1842/1842/6041 1178/1178/6042
f 1178/1178/6042 1842/1842/6041 1841/1841/6043
f 1178/1178/6042 1841/1841/6043 1177/1177/6044
f 1177/1177/6044 1841/1841/6043 1059/1059/6045
f 1177/1177/6044 1059/1059/6045 1189/1189/6046
f 1189/1189/6046 1059/1059/6045 1061/1061/6047
f 1189/1189/6048 1061/1061/6048 470/470/6048
