# Blender v3.0.1 OBJ File: ''
# www.blender.org
mtllib thumb_ha4_mirror.mtl
o HA4.0-TH弹性体_保留厚胶表面_0818.002
v 7.719055 -20.790575 4.455360
v 7.741119 -20.799791 4.144729
v 7.840173 -19.928568 4.004327
v 1.139390 -25.849197 -1.501701
v 0.759392 -25.900227 -1.508779
v 0.773310 -25.250441 -1.993212
v 0.413973 -21.410994 -4.181628
v 0.000156 -21.423233 -4.184299
v 0.000146 -20.527143 -4.563161
v 0.418323 -20.514912 -4.560239
v 0.000125 -19.592045 -4.919381
v 0.422355 -19.579872 -4.916212
v 0.000099 -18.618622 -5.251579
v 0.426086 -18.606567 -5.248171
v 0.000072 -17.607548 -5.558382
v 0.429532 -17.595682 -5.554746
v 0.000047 -16.559505 -5.838424
v 0.432709 -16.547901 -5.834570
v 0.000026 -15.475174 -6.090342
v 0.435633 -15.463911 -6.086287
v 0.000011 -14.355228 -6.312778
v 0.438320 -14.344395 -6.308541
v 0.000000 -13.200345 -6.504380
v 0.440784 -13.190032 -6.499980
v -0.000006 -12.011201 -6.663794
v 0.000000 -30.061533 6.940252
v 0.357969 -29.959560 7.291470
v 0.180565 -29.951132 7.335782
v 0.525934 -29.972170 7.226083
v 2.440719 -28.865927 8.392207
v 1.967116 -28.903030 8.559267
v 1.836174 -29.054922 8.470992
v 3.525634 -28.568264 8.033354
v 3.077190 -28.629478 8.259884
v 2.895082 -28.825573 8.202364
v 4.774966 -28.700781 6.338449
v 4.681457 -28.679480 6.620770
v 4.370839 -28.936617 6.677172
v 4.744550 -27.666313 7.654677
v 4.531571 -27.720457 7.824945
v 4.348193 -27.998295 7.811122
v 0.364691 -30.098587 6.747472
v 0.615827 -30.133598 6.505360
v 0.406000 -30.091854 6.774947
v 5.643248 -26.570007 7.237763
v 5.446112 -26.645182 7.449057
v 5.292591 -26.980568 7.460209
v 7.103377 -24.226624 5.067570
v 7.128476 -24.243292 4.818558
v 7.323440 -23.387968 4.632803
v 7.298844 -23.372946 4.898487
v 7.487403 -22.529245 4.458741
v 7.504682 -21.005066 5.718114
v 7.392395 -21.122574 6.029253
v 7.267657 -21.954824 6.102158
v 6.695728 -25.860029 3.907907
v 6.760534 -25.702942 4.291935
v 6.616474 -26.105951 4.431217
v 6.227762 -26.732847 3.242911
v 6.124940 -26.841120 3.098127
v 6.264441 -26.491753 2.895025
v 5.363469 -27.421799 2.446267
v 5.162858 -27.540913 2.332904
v 5.393304 -26.942327 1.853760
v 5.808134 -26.153809 1.518316
v 5.591900 -26.309238 1.383040
v 5.766025 -25.649061 0.925267
v 5.988240 -25.477571 1.072003
v 5.918972 -24.963215 0.481704
v 6.146165 -24.777330 0.640238
v 6.053710 -24.251862 0.052657
v 6.285032 -24.053211 0.223224
v 6.173308 -23.515186 -0.361466
v -0.444413 -30.074846 6.846368
v -0.444570 -30.064798 6.890243
v -0.328535 -30.147585 6.459031
v -0.480485 -30.142252 6.474929
v 0.000098 -30.151136 6.450510
v -1.097002 -30.162796 6.015807
v -0.957532 -30.173103 5.988432
v -0.921760 -30.149023 6.280240
v -0.364387 -30.098478 6.747522
v -0.405638 -30.091738 6.774968
v -0.308228 -30.103991 6.725629
v -0.431398 -30.083883 6.807751
v -2.504775 -29.997921 5.509618
v -2.160073 -30.057600 5.721292
v -2.292639 -30.029675 5.802274
v -5.572228 -27.506489 2.917661
v -5.720971 -27.399319 3.041897
v -5.867433 -27.079350 2.823977
v -6.002695 -26.965143 2.959572
v -6.691038 -25.875845 3.910455
v -6.821811 -25.476164 3.756562
v -6.720909 -25.678118 3.374012
v -6.858973 -25.388062 3.955176
v -7.285140 -23.726353 3.403223
v -7.312297 -23.633249 3.638981
v -7.477273 -22.782848 3.400617
v -0.828946 -30.019377 6.988335
v -0.858248 -30.030346 6.935907
v -0.430050 -30.053671 6.939908
v -3.397022 -29.324007 7.220332
v -3.717584 -29.142151 7.215699
v -3.905637 -29.149563 6.971888
v -4.225126 -28.929068 6.941041
v -6.092993 -27.104223 5.541632
v -6.284707 -26.727285 5.435318
v -6.303329 -26.794394 5.064235
v -6.505283 -25.916479 5.877962
v -6.441360 -25.936701 6.101382
v -6.716125 -25.129316 5.969366
v -7.121996 -22.096489 6.403281
v -7.265107 -21.968996 6.104067
v -7.119281 -22.797209 6.182958
v -5.679018 -11.606844 -5.436189
v -5.830047 -11.666342 -5.316425
v -5.955675 -11.687757 -5.215018
v 8.115977 -15.139073 0.320257
v 8.100525 -15.467643 0.381391
v 8.064517 -15.654646 0.017066
v 8.116106 -15.382333 0.563028
v 7.889563 -19.145172 4.318295
v 7.829020 -19.493773 4.666192
v 7.788541 -19.939554 4.657094
v 7.686591 -20.136930 5.308057
v 7.746742 -19.983767 4.990623
v 7.761500 -19.824162 4.995918
v 6.653749 -24.005568 6.734360
v 6.517600 -24.429140 6.824221
v 6.618533 -24.504227 6.611090
v 4.919654 -27.226179 7.732397
v 5.096739 -27.087004 7.622569
v 5.162885 -26.954361 7.618670
v 3.632700 -28.226816 8.203184
v 3.898835 -28.094715 8.105356
v 3.956446 -28.029587 8.103679
v 2.918493 -28.572016 8.385642
v 2.531341 -28.719877 8.467113
v -0.766964 -29.121769 8.698962
v -0.920487 -29.103611 8.688152
v -0.855002 -29.216745 8.583618
v -1.383592 -29.076668 8.600208
v -1.278939 -29.207165 8.494676
v -1.182095 -29.065453 8.665539
v -1.593770 -28.986851 8.619403
v -1.966278 -28.904142 8.559745
v -1.835230 -29.055878 8.471427
v -2.001916 -28.886160 8.561171
v -2.401677 -28.765081 8.492425
v -2.439395 -28.867277 8.392823
v -5.844676 -25.966078 7.253010
v -6.059435 -25.555143 7.122168
v -6.225877 -25.398048 6.933266
v -6.595764 -24.194241 6.772917
v -6.740294 -23.706507 6.678038
v -6.809042 -23.721121 6.540428
v -7.507194 -20.663698 5.833763
v -7.571391 -20.499546 5.669943
v -7.503219 -21.015732 5.719402
v -7.619463 -20.361744 5.532419
v -7.680689 -20.159225 5.330307
v -7.584616 -20.921846 5.410883
v -7.709101 -20.050062 5.221363
v -7.746221 -19.989656 4.991273
v -7.641485 -20.855728 5.092558
v -7.768217 -19.794258 4.966073
v -7.823607 -19.523167 4.695528
v -7.843183 -19.418314 4.590887
v -7.788013 -19.945503 4.657743
v -7.904318 -19.051775 4.225086
v -7.905460 -19.049181 4.211784
v -7.818649 -19.927471 4.329078
v -7.906951 -19.034426 4.207772
v -7.788182 -13.010924 -2.406360
v -7.891036 -12.899879 -2.141163
v -7.858578 -12.833230 -2.257861
v -8.071297 -13.675976 -1.139896
v -8.043867 -13.453995 -1.376285
v -8.004786 -13.516045 -1.535272
v -8.005578 -13.250875 -1.622588
v -7.890035 -13.732471 -1.893560
v -8.068185 -17.439928 2.596991
v -8.069709 -17.415855 2.592457
v -8.089756 -16.981955 2.159429
v -8.006681 -18.327339 2.741119
v -8.068081 -17.444706 2.621251
v -8.068567 -17.436153 2.612715
v -7.919114 -18.952326 4.125836
v -7.961344 -18.638918 3.813060
v -7.925312 -19.054092 3.874979
v -7.996627 -18.332296 3.507056
v -7.318257 -21.175522 6.203698
v -7.325303 -21.153622 6.192477
v -7.390972 -21.133038 6.030511
v -7.391083 -20.961990 6.078819
v -7.457967 -20.785332 5.945516
v -7.258431 -21.375927 6.291417
v -7.205508 -21.583578 6.356435
v -7.160689 -21.798140 6.398662
v -6.868470 -23.203966 6.596479
v -6.888673 -23.117105 6.584031
v -6.977190 -22.912958 6.470022
v -7.069830 -22.270481 6.465045
v -4.918327 -27.371471 7.658314
v -4.652570 -27.490995 7.848880
v -4.925871 -27.222921 7.730999
v -4.529631 -27.725348 7.826330
v -4.272374 -27.808498 7.996130
v -4.553360 -27.579617 7.889139
v -3.237116 -28.432478 8.310596
v -3.338557 -28.383644 8.284749
v -3.523616 -28.570353 8.034320
v -2.893244 -28.827147 8.203114
v -2.791484 -28.624315 8.414227
v -3.075613 -28.631319 8.260712
v -2.997545 -28.539963 8.368247
v -1.424987 -29.021845 8.639869
v -0.371751 -29.153913 8.718181
v -0.000110 -29.225658 8.659030
v 0.427287 -29.223091 8.639513
v 0.011018 -29.164076 8.724277
v 0.394185 -29.152475 8.717319
v 1.693677 -28.963621 8.605883
v 1.301697 -29.044409 8.653129
v 1.384069 -29.075933 8.599897
v 1.005623 -29.091742 8.681103
v 0.855121 -29.216358 8.583417
v 0.908092 -29.104782 8.688848
v 0.513987 -29.144560 8.712577
v 4.263454 -27.812910 7.998235
v 4.130054 -28.045408 7.963115
v 3.719841 -28.338423 8.071422
v 3.289457 -28.406170 8.296645
v 4.661053 -27.480316 7.844072
v 4.386684 -27.716618 7.952654
v 5.604661 -26.358061 7.389262
v 5.788487 -26.214571 7.216422
v 5.836594 -25.976645 7.256535
v 6.029626 -25.612387 7.139669
v 6.206465 -25.232887 7.027954
v 6.109672 -25.446564 7.089608
v 6.230237 -25.382874 6.930584
v 5.968257 -26.136820 6.992362
v 6.391724 -25.296495 6.687852
v 6.980716 -22.896671 6.467619
v 6.888480 -23.117105 6.584031
v 6.777308 -23.568087 6.653944
v 7.194336 -21.631729 6.368047
v 7.160465 -21.798140 6.398662
v 7.124455 -22.082638 6.401429
v 6.992662 -22.644863 6.517661
v 7.373971 -21.009197 6.109544
v 7.309760 -21.201578 6.216609
v 7.301770 -21.227236 6.228864
v 7.244515 -21.426210 6.309459
v 8.028477 -17.997442 3.172873
v 8.008833 -18.210434 3.385437
v 8.011247 -18.258366 3.074670
v 7.989530 -18.396177 3.570806
v 7.939594 -19.137096 3.218213
v 8.005996 -18.333761 2.741501
v 8.067206 -17.452135 2.597748
v 8.059465 -17.583691 2.759955
v 8.082509 -17.155628 2.332755
v 8.054727 -17.549335 2.255896
v 8.035117 -17.667202 1.917292
v 8.035227 -17.076845 1.067401
v 8.111222 -16.080835 1.260125
v 8.065207 -16.920673 1.412899
v 8.102893 -16.542688 1.721048
v 8.089523 -16.782818 1.761451
v 8.102384 -16.563967 1.742284
v 8.053244 -16.361467 0.545704
v 8.115350 -15.621253 0.801467
v 8.086376 -16.188595 0.900446
v 8.115152 -15.658027 0.838167
v 8.111635 -16.048437 1.227792
v 8.004956 -15.155513 -0.852088
v 8.103435 -14.134750 -0.682044
v 8.068831 -14.949710 -0.505598
v 8.113492 -14.677594 -0.140293
v 8.108965 -14.753544 -0.143891
v 8.113887 -14.727017 -0.090968
v 8.071505 -13.675976 -1.139896
v 8.050383 -14.242210 -1.019854
v 8.059629 -13.567059 -1.252046
v 7.961579 -14.454843 -1.373509
v 8.026326 -13.349657 -1.498799
v 7.980814 -13.151143 -1.756259
v 8.004210 -13.528940 -1.534557
v 7.955604 -13.066934 -1.876844
v 7.889491 -13.745043 -1.892850
v 7.891262 -12.899734 -2.141411
v 7.746651 -13.967520 -2.242530
v 7.812445 -12.752070 -2.410693
v 7.787799 -13.020279 -2.405839
v 7.717799 -12.623175 -2.684027
v 7.618010 -13.241100 -2.755494
v 7.605833 -12.512307 -2.961147
v 7.420623 -13.465239 -3.093267
v 7.465545 -12.401890 -3.262970
v 7.459070 -12.490763 -3.255306
v 7.352967 -12.322622 -3.479643
v 7.235677 -12.708694 -3.588316
v 6.714500 -13.144823 -4.203410
v 6.935743 -12.078802 -4.146114
v 6.987016 -12.927160 -3.905037
v 7.153835 -12.197870 -3.820648
v 7.252257 -12.257334 -3.658106
v 6.136748 -12.536280 -4.917577
v 6.443194 -11.858455 -4.748423
v 6.453479 -12.333626 -4.653516
v 6.699006 -11.965675 -4.455339
v 6.749143 -12.127625 -4.367634
v 5.800941 -12.734224 -5.158198
v 5.967575 -11.691471 -5.204864
v 6.242047 -11.783211 -4.954098
v 4.328745 -12.346686 -6.036536
v 4.741018 -11.399926 -6.001788
v 4.723345 -12.189301 -5.898190
v 5.067485 -11.461389 -5.833784
v 5.106540 -12.022798 -5.731590
v 5.380271 -11.530462 -5.644972
v 5.475978 -11.848215 -5.537428
v 5.680167 -11.607170 -5.435297
v 5.830046 -11.666647 -5.316370
v 3.925176 -12.493921 -6.145945
v 4.102331 -11.307458 -6.254546
v 4.432752 -11.350939 -6.135692
v 3.944762 -11.350968 -6.295388
v 3.532775 -11.478149 -6.377374
v 3.766061 -11.272239 -6.350817
v 3.419326 -11.244669 -6.426178
v 3.060890 -11.220448 -6.492385
v 3.094539 -11.594033 -6.444101
v 2.688278 -11.198218 -6.553147
v 2.654473 -11.697715 -6.501943
v 2.213218 -11.788692 -6.551158
v 2.189993 -11.172970 -6.622164
v 1.771348 -11.865781 -6.591599
v 1.548686 -11.148008 -6.690394
v 0.269943 -11.123693 -6.756857
v -0.443049 -12.001603 -6.659256
v -0.366793 -11.124339 -6.755091
v -0.886106 -11.973480 -6.645679
v -1.004385 -11.133499 -6.730052
v -1.328950 -11.927973 -6.623118
v -1.643458 -11.151138 -6.681836
v -1.771353 -11.866162 -6.591599
v -2.213220 -11.789168 -6.551157
v -2.284361 -11.177333 -6.610237
v -2.654474 -11.698285 -6.501943
v -2.927014 -11.212090 -6.515230
v -3.332878 -11.238527 -6.442965
v -3.094537 -11.594695 -6.444100
v -3.536191 -11.253158 -6.402974
v -3.532769 -11.478903 -6.377373
v -3.722034 -11.268240 -6.361744
v -3.944751 -11.351812 -6.295387
v -4.057555 -11.302214 -6.268880
v -5.475976 -11.847924 -5.537479
v -7.061886 -23.531883 5.993682
v -7.232100 -22.699785 5.895882
v -7.377842 -21.861210 5.804379
v -6.949509 -23.618111 6.266868
v -6.434266 -24.666517 6.879818
v -6.613757 -24.521503 6.614013
v -6.751851 -24.432226 6.355402
v -6.863125 -24.358019 6.097478
v -6.948240 -24.300573 5.843056
v -7.146820 -23.464357 5.723905
v -7.316277 -22.622812 5.612034
v -7.460803 -21.775448 5.507647
v -6.255510 -25.121531 6.997085
v -6.387148 -25.312141 6.690614
v -6.522039 -25.237518 6.448429
v -6.631477 -25.176092 6.207153
v -6.357862 -25.972498 6.321544
v -6.251037 -26.020741 6.545017
v -6.120234 -26.080233 6.769470
v -5.964525 -26.149231 6.994699
v -5.784959 -26.226549 7.218687
v -5.646473 -26.297165 7.367350
v -6.780249 -25.100634 5.727512
v -7.011912 -24.263594 5.583624
v -7.209458 -23.419453 5.448065
v -7.377373 -22.570395 5.320973
v -7.519945 -21.715950 5.202453
v -6.555067 -25.910635 5.655552
v -6.397085 -26.308969 5.741813
v -6.347606 -26.311920 5.954592
v -6.284092 -26.327955 6.168491
v -6.201505 -26.358276 6.379496
v -6.096364 -26.399927 6.593671
v -5.968035 -26.451841 6.808812
v -5.815599 -26.512363 7.024832
v -5.640070 -26.580402 7.239833
v -5.443132 -26.655163 7.451058
v -5.422086 -26.626560 7.489200
v -6.223401 -26.696564 5.828639
v -6.174419 -26.696712 6.031608
v -6.111557 -26.708647 6.235792
v -6.030146 -26.733566 6.437426
v -5.926991 -26.768702 6.642057
v -5.801471 -26.813120 6.847612
v -5.652695 -26.865248 7.054117
v -5.481638 -26.924093 7.259799
v -6.433703 -26.317690 5.533572
v -6.259679 -26.706871 5.630004
v -6.032502 -27.071699 5.915631
v -5.984231 -27.069174 6.108618
v -5.922287 -27.077139 6.302898
v -5.842350 -27.096779 6.494954
v -5.741516 -27.125534 6.689813
v -5.619184 -27.162596 6.885527
v -5.474494 -27.206486 7.082231
v -6.477620 -26.407278 4.940082
v -6.473571 -26.367802 5.131533
v -6.631911 -25.967905 5.017435
v -5.822896 -27.432751 6.002414
v -5.775567 -27.427704 6.185245
v -5.714832 -27.431870 6.369436
v -5.636701 -27.446402 6.551719
v -5.538561 -27.468964 6.736589
v -5.419830 -27.498878 6.922226
v -0.427416 -29.223286 8.639610
v -0.702220 -29.441036 8.329491
v -0.351091 -29.441641 8.374496
v -3.664974 -28.210146 8.194641
v -3.897239 -28.098053 8.106507
v -3.718105 -28.341005 8.072475
v -3.938493 -28.302092 7.938377
v -3.929543 -28.513538 7.774457
v -1.695980 -29.195782 8.376369
v -1.167863 -29.328026 8.381168
v -1.548512 -29.323515 8.274128
v -1.050289 -29.440626 8.257854
v -0.534568 -29.638752 8.035267
v -0.267226 -29.636532 8.069311
v -0.799650 -29.642630 7.981004
v -0.090125 -29.948847 7.347687
v -0.180349 -29.951063 7.335723
v -0.179340 -29.806334 7.725844
v -0.358836 -29.809362 7.702570
v -0.536811 -29.814342 7.665517
v -0.357728 -29.959427 7.291363
v -0.711888 -29.821211 7.616052
v -1.787005 -29.674967 7.608826
v -1.558668 -29.664686 7.720956
v -2.071067 -29.568285 7.693814
v -1.806795 -29.560774 7.823265
v -2.345220 -29.447340 7.769258
v -2.046431 -29.444590 7.915790
v -2.607177 -29.310738 7.835031
v -2.275532 -29.315098 7.998427
v -2.855566 -29.156090 7.892171
v -2.492750 -29.170359 8.072135
v -3.091482 -28.980017 7.944331
v -2.698754 -29.007338 8.140286
v -3.314440 -28.784079 7.991690
v -1.046365 -29.839638 7.488148
v -1.199824 -29.850922 7.411536
v -0.602738 -29.979540 7.186750
v -0.673083 -29.988209 7.142437
v -1.995213 -29.688128 7.480960
v -2.311849 -29.578930 7.546148
v -2.617172 -29.453371 7.602129
v -2.908660 -29.309710 7.648725
v -3.184969 -29.145168 7.686952
v -3.447725 -28.956194 7.720536
v -3.696264 -28.744789 7.749670
v -3.976556 -28.018343 8.098108
v -4.128285 -28.048960 7.964328
v -4.346261 -28.002054 7.812390
v -4.146469 -28.265141 7.795214
v -4.341454 -28.230997 7.643450
v -4.285788 -28.466125 7.484000
v -4.742449 -27.671467 7.656116
v -4.550550 -27.958265 7.651249
v -4.739751 -27.917931 7.482931
v -4.522136 -28.199896 7.484994
v -4.687170 -28.172041 7.321921
v -4.583016 -28.429680 7.176626
v -4.939437 -27.621468 7.478230
v -4.912423 -27.881359 7.309632
v -4.835075 -28.147591 7.156460
v -4.428157 -28.684427 7.049402
v -4.527517 -28.679811 6.906075
v -4.706209 -28.415865 7.021601
v -4.031587 -28.713757 7.479388
v -3.760808 -28.939596 7.470753
v -3.474707 -29.140585 7.457917
v -3.174112 -29.314306 7.440634
v -2.856852 -29.464367 7.415298
v -4.311789 -28.691860 7.193530
v -4.022830 -28.930506 7.206654
v -5.095096 -27.097506 7.622055
v -5.122427 -27.311459 7.471172
v -5.119069 -27.575771 7.294986
v -5.067000 -27.848820 7.133711
v -4.964510 -28.126823 6.990683
v -4.811211 -28.405582 6.867455
v -4.610398 -28.678978 6.763082
v -4.366138 -28.938974 6.678063
v -5.182124 -26.934923 7.610762
v -5.289923 -26.988970 7.462025
v -5.308389 -27.256296 7.278279
v -5.279695 -27.534750 7.108863
v -5.202065 -27.820677 6.957388
v -5.074625 -28.110357 6.825846
v -4.898629 -28.399920 6.713747
v -4.677311 -28.682146 6.621764
v -4.770679 -28.703577 6.339304
v -0.787777 -30.008574 7.041030
v -0.394673 -30.042097 6.992669
v -0.735246 -29.998032 7.093141
v -0.876928 -30.041224 6.885150
v -1.339849 -29.864283 7.324492
v -1.463527 -29.880024 7.227361
v -1.100408 -29.946028 7.162759
v -1.567925 -29.897413 7.124442
v -1.178969 -29.960499 7.085049
v -1.649621 -29.915688 7.020197
v -1.240494 -29.975494 7.006402
v -1.707571 -29.934860 6.916354
v -1.284211 -29.990944 6.928104
v -1.744331 -29.954674 6.815328
v -1.312011 -30.006556 6.852117
v -1.764371 -29.974773 6.718525
v -1.327148 -30.022104 6.779383
v -1.770770 -29.994661 6.627507
v -1.326704 -30.051846 6.647436
v -0.882632 -29.829737 7.556316
v -0.525662 -29.971968 7.225941
v -1.392610 -29.440998 8.162317
v -1.229411 -29.549154 8.040389
v -1.060423 -29.648344 7.908514
v -7.116934 -24.476400 3.891440
v -7.089387 -24.562435 3.672173
v -7.052391 -24.660057 3.456859
v -5.919541 -23.732210 -0.531148
v -5.803368 -24.460440 -0.105216
v -6.172594 -23.523771 -0.360223
v -6.052346 -24.263281 0.054268
v -6.407249 -23.314287 -0.177481
v -6.283517 -24.065098 0.224849
v -6.622348 -23.105072 0.015946
v -6.495761 -23.867142 0.405472
v -6.816780 -22.897448 0.218896
v -6.687999 -23.670675 0.595052
v -6.989496 -22.692747 0.430200
v -6.859219 -23.476963 0.792498
v -7.140192 -22.492044 0.649479
v -7.009170 -23.287008 0.997513
v -7.269100 -22.296587 0.876100
v -7.138126 -23.101959 1.209571
v -7.376298 -22.107828 1.108930
v -7.246193 -22.923182 1.427648
v -7.461881 -21.927229 1.346827
v -7.333485 -22.752048 1.650712
v -7.528962 -21.753618 1.597088
v -7.403019 -22.587349 1.885600
v -7.586563 -21.587927 1.860480
v -7.462951 -22.429874 2.133180
v -7.635344 -21.434105 2.129225
v -7.513757 -22.283407 2.386291
v -7.676114 -21.293653 2.403558
v -7.556243 -22.149357 2.645190
v -7.709118 -21.168352 2.682252
v -7.590622 -22.029459 2.908584
v -7.733772 -21.059530 2.964869
v -7.616285 -21.925001 3.176005
v -5.672793 -25.160828 0.335423
v -5.916969 -24.976494 0.483636
v -6.143958 -24.791168 0.642204
v -6.352677 -24.606028 0.810145
v -6.542085 -24.422260 0.986449
v -6.711209 -24.241062 1.170099
v -6.859852 -24.063345 1.360879
v -6.988332 -23.890167 1.558362
v -7.096777 -23.722790 1.761632
v -7.185321 -23.562487 1.969767
v -7.256878 -23.408033 2.189136
v -7.318760 -23.260061 2.420704
v -7.371276 -23.122143 2.657927
v -7.415219 -22.995590 2.901085
v -7.450761 -22.882082 3.148815
v -5.525023 -25.833078 0.790202
v -5.763525 -25.663155 0.927404
v -5.985492 -25.492273 1.074195
v -6.189880 -25.321529 1.229665
v -6.375689 -25.152033 1.392875
v -6.541986 -24.984894 1.562877
v -6.688631 -24.820942 1.739530
v -6.815983 -24.661123 1.922501
v -6.924193 -24.506594 2.110976
v -7.013416 -24.358511 2.304143
v -7.086452 -24.215658 2.507895
v -7.149808 -24.078506 2.723287
v -7.203635 -23.950377 2.944395
v -7.248704 -23.832449 3.171518
v -5.357356 -26.476933 1.258646
v -5.589171 -26.323030 1.385195
v -5.805136 -26.168213 1.520545
v -6.004250 -26.013481 1.663851
v -6.185554 -25.859850 1.814241
v -6.348158 -25.708344 1.970834
v -6.491982 -25.559698 2.133550
v -6.617423 -25.414751 2.302146
v -6.724657 -25.274536 2.475907
v -6.813859 -25.140091 2.654121
v -6.887711 -25.010229 2.842201
v -6.951958 -24.885254 3.041282
v -6.886607 -25.310022 4.157565
v -6.755658 -25.719028 4.294569
v -6.612014 -26.120354 4.433603
v -6.656460 -25.789610 3.191303
v -6.526106 -26.169899 3.369879
v -6.582560 -25.905151 3.018873
v -6.452502 -26.277925 3.205219
v -6.494181 -26.024607 2.855516
v -6.310834 -26.642136 3.393612
v -6.590362 -26.065506 3.544430
v -6.547809 -26.267569 4.066443
v -6.454075 -26.512211 4.574246
v -6.447726 -26.444633 3.716953
v -6.390553 -26.649626 4.224109
v -6.280275 -26.892849 4.716087
v -6.111507 -27.168690 5.189071
v -5.882284 -27.466829 5.648041
v -5.593079 -27.778193 6.088628
v -5.546943 -27.770809 6.261133
v -5.487733 -27.771389 6.435049
v -5.411774 -27.781034 6.607370
v -5.316740 -27.797647 6.782048
v -6.383893 -26.541771 3.550540
v -6.291468 -26.813889 3.891166
v -6.217730 -27.020340 4.383043
v -6.089081 -27.260582 4.858730
v -5.900624 -27.528515 5.314218
v -5.651052 -27.813553 5.754194
v -5.341500 -28.106630 6.173935
v -5.296826 -28.097126 6.335938
v -5.239488 -28.094370 6.499392
v -5.166102 -28.099394 6.661559
v -6.070683 -27.091879 3.442203
v -6.224180 -26.745762 3.244918
v -5.969849 -27.191378 3.304446
v -6.121537 -26.853689 3.100064
v -5.853354 -27.294094 3.170846
v -6.156071 -26.996305 3.583637
v -6.120086 -27.171709 4.066665
v -6.027828 -27.378109 4.542855
v -5.878971 -27.613802 5.001806
v -5.669143 -27.872326 5.439333
v -5.397717 -28.142963 5.859766
v -5.067002 -28.416380 6.257824
v -5.024086 -28.405005 6.409136
v -4.968992 -28.399200 6.561931
v -5.623218 -27.831118 3.716201
v -5.801421 -27.668856 3.966976
v -5.902925 -27.426525 3.640664
v -5.804214 -27.517597 3.509954
v -5.986750 -27.339003 3.774889
v -5.932097 -27.516594 4.243058
v -5.819339 -27.721405 4.703175
v -5.648404 -27.951019 5.144975
v -5.415467 -28.198702 5.564106
v -5.121089 -28.453348 5.964288
v -5.166746 -27.091011 1.739386
v -5.390722 -26.954666 1.855676
v -5.599573 -26.817450 1.979961
v -5.792343 -26.680262 2.111460
v -5.968119 -26.544012 2.249361
v -6.126055 -26.409628 2.392842
v -6.266126 -26.277752 2.541882
v -6.388768 -26.149111 2.696314
v -5.561247 -27.707819 3.260853
v -5.255456 -27.905087 3.029396
v -5.715289 -27.195694 2.693373
v -5.546240 -27.313618 2.567730
v -5.407086 -27.615093 2.798082
v -5.361088 -27.432306 2.447811
v -5.030775 -27.833555 2.575803
v -5.160696 -27.550955 2.334363
v -4.945972 -27.668776 2.228106
v -4.598869 -28.048805 2.380640
v -4.717836 -27.785002 2.129694
v -4.323277 -27.752956 1.701204
v -4.225176 -28.009546 1.958726
v -4.139589 -27.609921 1.367330
v -3.962623 -28.116343 1.887276
v -1.985838 -28.294582 1.109033
v -1.901818 -28.703716 1.646899
v -2.582056 -28.359365 1.408465
v -2.523691 -28.569704 1.677350
v -3.120181 -28.406780 1.732228
v -3.597525 -28.446903 2.090248
v -3.041768 -28.619446 2.000441
v -2.460327 -28.768559 1.947267
v -1.802729 -29.066496 2.188717
v -4.889282 -28.104639 2.818154
v -4.469345 -28.301052 2.632459
v -4.118647 -28.255116 2.217407
v -4.002667 -28.489077 2.476930
v -3.496355 -28.663631 2.355535
v -2.956383 -28.820417 2.269455
v -2.391340 -28.955681 2.217974
v -1.684751 -29.381681 2.732739
v -2.935807 -29.809069 4.635344
v -2.932307 -29.865305 4.972220
v -3.213675 -29.747871 4.743821
v -3.156338 -29.813124 5.082733
v -3.457932 -29.683969 4.866312
v -3.346103 -29.759737 5.203666
v -3.664242 -29.619083 4.999952
v -3.499748 -29.706369 5.334383
v -3.830714 -29.554802 5.143927
v -3.618464 -29.654108 5.474569
v -3.958797 -29.492544 5.297871
v -3.706391 -29.602972 5.627068
v -4.053530 -29.432287 5.465617
v -3.770019 -29.553038 5.793045
v -4.122207 -29.374203 5.648305
v -3.810205 -29.505947 5.968759
v -4.165563 -29.320404 5.841533
v -3.823884 -29.462837 6.152927
v -4.180289 -29.272356 6.043859
v -3.810001 -29.423128 6.350249
v -4.165233 -29.229490 6.260712
v -3.767892 -29.387802 6.559884
v -4.119640 -29.193069 6.491174
v -3.691601 -29.358904 6.777467
v -4.037189 -29.165668 6.730169
v -3.570117 -29.338194 6.998152
v -3.058430 -29.479605 7.217278
v -3.215344 -29.498281 7.017165
v -3.325777 -29.521732 6.818080
v -3.395257 -29.550890 6.622363
v -3.433500 -29.584440 6.433996
v -3.446018 -29.620785 6.256649
v -3.433389 -29.659180 6.091078
v -3.396592 -29.700157 5.933308
v -3.338426 -29.742851 5.784455
v -3.257958 -29.785994 5.647630
v -3.149544 -29.829573 5.521701
v -3.009844 -29.873537 5.404661
v -2.837888 -29.917084 5.296784
v -1.763793 -30.014124 6.542673
v -1.743996 -30.033489 6.462245
v -1.288232 -30.080059 6.530713
v -1.712901 -30.052513 6.386758
v -1.669786 -30.070795 6.317490
v -1.212074 -30.105837 6.431217
v -2.657605 -29.962788 5.604154
v -2.782140 -29.926954 5.707086
v -2.879175 -29.890997 5.818181
v -2.951367 -29.854969 5.938792
v -3.003518 -29.818840 6.069989
v -3.036580 -29.783588 6.209225
v -3.048042 -29.749859 6.355544
v -3.037004 -29.717173 6.512259
v -3.002970 -29.686098 6.678703
v -2.940949 -29.657854 6.851840
v -2.842555 -29.633404 7.028458
v -2.703073 -29.612352 7.205795
v -2.524229 -29.593899 7.380989
v -2.178979 -29.704969 7.337945
v -2.333886 -29.724632 7.186187
v -2.454874 -29.746212 7.032405
v -2.540394 -29.770124 6.879153
v -2.594403 -29.796415 6.729322
v -2.623953 -29.824381 6.585449
v -2.633448 -29.853104 6.450009
v -2.623310 -29.882154 6.323580
v -2.594342 -29.911964 6.203438
v -2.548745 -29.942053 6.090386
v -2.485604 -29.971676 5.986482
v -2.400928 -30.000900 5.890734
v -1.612154 -30.088448 6.253630
v -1.538810 -30.105440 6.194870
v -1.089343 -30.129091 6.347460
v -5.590735 -28.048809 4.863672
v -5.726019 -27.847126 4.419984
v -5.500338 -28.161989 4.597116
v -5.598625 -27.984579 4.159536
v -5.376868 -28.284962 4.352241
v -5.425433 -28.130764 3.922823
v -5.209396 -28.415449 4.129499
v -5.196524 -28.286087 3.700366
v -4.988729 -28.553823 3.920253
v -4.909528 -28.446819 3.493466
v -4.712564 -28.696770 3.725575
v -4.566660 -28.608992 3.304221
v -4.383035 -28.840704 3.547323
v -4.174080 -28.768122 3.137434
v -4.006045 -28.981634 3.390016
v -3.738264 -28.919945 2.997321
v -3.587772 -29.115778 3.257651
v -3.265648 -29.060369 2.887477
v -3.134297 -29.239536 3.153629
v -2.761618 -29.185957 2.808877
v -2.650696 -29.349890 3.078817
v -5.395781 -28.270857 5.287936
v -5.340423 -28.359020 5.024058
v -5.253477 -28.459967 4.774174
v -5.134592 -28.568890 4.544816
v -4.973588 -28.684141 4.335964
v -4.762045 -28.806032 4.139863
v -4.497771 -28.931646 3.957379
v -4.182830 -29.057791 3.790128
v -3.822853 -29.180960 3.642334
v -3.423692 -29.297855 3.517761
v -2.991061 -29.405354 3.419607
v -2.529717 -29.500856 3.348628
v -5.138387 -28.505936 5.688112
v -5.119884 -28.571646 5.430308
v -5.067189 -28.650421 5.183989
v -4.984239 -28.739527 4.950843
v -4.870633 -28.834915 4.736955
v -4.716908 -28.935469 4.541897
v -4.515449 -29.041426 4.358847
v -4.264202 -29.150263 4.188492
v -3.965179 -29.259190 4.032227
v -3.623715 -29.365173 3.893961
v -3.245318 -29.465395 3.777220
v -2.835319 -29.557192 3.684990
v -2.398146 -29.638371 3.617914
v -5.386893 -28.003756 3.480460
v -5.090044 -28.182632 3.261305
v -4.734990 -28.363382 3.061068
v -4.328128 -28.541048 2.884825
v -3.876216 -28.710871 2.736995
v -3.386031 -28.868263 2.621366
v -2.863256 -29.009363 2.539015
v -2.233987 -29.293808 2.760828
v -2.144368 -29.444365 3.032537
v -2.046620 -29.582298 3.304166
v -4.822269 -28.740793 6.066702
v -4.838986 -28.790148 5.810251
v -4.821754 -28.849600 5.570957
v -4.772020 -28.919397 5.342321
v -4.693540 -28.997253 5.125984
v -4.585823 -29.079844 4.927527
v -4.440113 -29.166477 4.746190
v -4.249623 -29.257318 4.576127
v -4.012469 -29.350222 4.417885
v -3.730616 -29.442804 4.272651
v -3.409087 -29.532497 4.144014
v -3.053025 -29.616938 4.035243
v -2.667369 -29.693895 3.949099
v -2.847342 -29.750959 4.291000
v -3.179606 -29.681063 4.391510
v -3.479897 -29.606409 4.510273
v -3.743453 -29.528946 4.644294
v -3.965583 -29.450796 4.790335
v -4.144361 -29.373943 4.947396
v -4.281472 -29.300163 5.115039
v -4.382841 -29.229362 5.298107
v -4.456511 -29.161919 5.497601
v -4.503089 -29.100510 5.708502
v -4.519031 -29.046986 5.929250
v -4.503048 -29.000893 6.165868
v -4.454296 -28.963850 6.417380
v -1.544068 -29.648132 3.277336
v -1.940302 -29.707258 3.575359
v -2.256212 -29.761564 3.886116
v -2.487636 -29.814278 4.211263
v -2.628690 -29.865997 4.543562
v -2.677972 -29.914928 4.874580
v -2.635451 -29.959307 5.198554
v -1.464162 -29.762651 3.549261
v -1.032217 -29.697935 3.258529
v -0.921457 -29.898634 3.802649
v -2.104244 -29.869560 4.152713
v -1.825580 -29.818638 3.845673
v -1.702698 -29.915834 4.114734
v -1.377881 -29.864241 3.820514
v -1.285393 -29.952524 4.090840
v -2.296443 -29.917189 4.470729
v -1.942481 -29.961510 4.417130
v -1.571822 -29.998264 4.382127
v -1.186805 -30.027136 4.359970
v -0.793955 -30.048805 4.344108
v -0.650218 -30.147289 4.882385
v -1.134206 -30.155190 5.175665
v -1.286686 -30.117506 4.912072
v -1.401979 -30.138306 5.199311
v -1.590316 -30.095306 4.939579
v -1.658035 -30.117210 5.235616
v -1.880530 -30.067930 4.981713
v -1.898937 -30.092068 5.285318
v -2.153367 -30.035667 5.039198
v -2.122308 -30.063335 5.348518
v -2.406100 -29.999157 5.112029
v -2.325289 -30.031702 5.423840
v -2.004692 -30.084225 5.648050
v -1.829236 -30.108950 5.583924
v -1.636374 -30.131210 5.530287
v -1.428553 -30.150478 5.488258
v -1.207796 -30.166451 5.457671
v -1.449285 -30.121605 6.141297
v -1.344582 -30.136761 6.093024
v -1.226557 -30.150593 6.050903
v -0.887086 -30.051884 6.836621
v -0.886782 -30.071852 6.748715
v -0.860939 -30.090290 6.671140
v -0.809784 -30.106722 6.605142
v -0.727607 -30.121193 6.549729
v -0.615567 -30.133324 6.505385
v 0.000103 -30.198509 5.938023
v -0.330947 -30.195702 5.942140
v -0.654740 -30.187731 5.955689
v -2.397284 -29.960751 4.792149
v -2.093942 -30.001614 4.726877
v -1.771018 -30.036655 4.678900
v -1.433003 -30.065407 4.647534
v -0.724027 -30.104475 4.613505
v -0.397832 -30.062405 4.335074
v 1.116539 -26.458527 -1.005302
v 1.488472 -26.393084 -0.995985
v 1.454595 -26.963352 -0.489087
v 1.817534 -26.887266 -0.477621
v 2.122815 -27.337612 0.051806
v 2.058422 -27.835495 0.576116
v 1.373819 -27.972769 0.553959
v 1.416598 -27.490099 0.028029
v 1.062659 -27.546082 0.020422
v 1.091136 -27.024351 -0.497451
v 0.744134 -26.506716 -1.011573
v 0.727186 -27.069281 -0.503039
v 0.708202 -27.587318 0.015366
v 0.686858 -28.060257 0.542178
v 2.733597 -27.655449 0.609440
v 7.735294 -21.048220 2.963709
v 7.619024 -21.909649 3.174254
v 7.710618 -21.157097 2.681112
v 7.593318 -22.014189 2.906867
v 7.677586 -21.282476 2.402434
v 7.558888 -22.134199 2.643504
v 7.636782 -21.423029 2.128114
v 7.516341 -22.268400 2.384633
v 7.587964 -21.576979 1.859378
v 7.465466 -22.415049 2.131546
v 7.530321 -21.742817 1.595989
v 7.405457 -22.572737 1.883984
v 7.463194 -21.916588 1.345719
v 7.335838 -22.737675 1.649104
v 7.377561 -22.097366 1.107803
v 7.141330 -22.482008 0.648305
v 7.270304 -22.286327 0.874950
v 7.140288 -23.088150 1.207957
v 7.248456 -22.909075 1.426039
v 7.100030 -23.706238 1.759566
v 7.188706 -23.545601 1.967684
v 7.017620 -24.340427 2.301692
v 7.090810 -24.197239 2.505405
v 6.892491 -24.992014 2.839522
v 6.956897 -24.866735 3.038550
v 7.481222 -22.764753 3.398314
v 7.317213 -23.613806 3.636256
v 7.454647 -22.864088 3.146555
v 7.289977 -23.707027 3.400545
v 7.419030 -22.977737 2.898868
v 7.253446 -23.813286 3.168888
v 7.374998 -23.104475 2.655750
v 7.208263 -23.931416 2.941812
v 7.322380 -23.242613 2.418563
v 7.154308 -24.059797 2.720752
v 7.260385 -23.390848 2.187029
v 0.662792 -28.487549 1.075902
v 1.325513 -28.410755 1.087216
v 1.985651 -28.290195 1.108365
v 2.636216 -28.131969 1.139978
v 2.950694 -28.040213 1.163776
v 1.901625 -28.700167 1.646459
v 2.582198 -28.354067 1.407722
v 2.523805 -28.564993 1.676758
v 3.192920 -28.176191 1.464142
v 3.963694 -28.108847 1.886256
v 4.140883 -27.600679 1.365901
v 4.324704 -27.743938 1.699870
v 1.269758 -28.803083 1.625997
v 0.635041 -28.868591 1.614938
v 1.802555 -29.063875 2.188504
v 1.684641 -29.379910 2.732686
v 1.203984 -29.148811 2.168576
v 1.125610 -29.447090 2.713277
v 0.602302 -29.202827 2.157671
v 0.563263 -29.489769 2.702522
v 2.460418 -28.764462 1.946827
v 3.120650 -28.400934 1.731470
v 3.776973 -27.971138 1.561286
v 2.234088 -29.291460 2.760747
v 2.316180 -29.127956 2.489063
v 2.391416 -28.952204 2.217677
v 3.042176 -28.614365 1.999868
v 3.691306 -28.211569 1.824850
v 6.355083 -24.591658 0.808152
v 6.192870 -25.306248 1.227425
v 6.378912 -25.136198 1.390594
v 6.189068 -25.844297 1.811881
v 6.351918 -25.692263 1.968415
v 6.129629 -26.395166 2.390600
v 6.269928 -26.262821 2.539568
v 6.005908 -26.952942 2.957708
v 6.408056 -23.305368 -0.178723
v 6.623246 -23.095839 0.014713
v 6.497420 -23.854815 0.403839
v 6.689796 -23.657934 0.593419
v 6.544682 -24.407389 0.984436
v 6.713987 -24.225721 1.168071
v 6.545432 -24.968540 1.560559
v 6.692287 -24.804100 1.737178
v 6.495974 -25.543116 2.131076
v 6.621634 -25.397705 2.299620
v 6.392786 -26.133739 2.693932
v 6.498402 -26.008829 2.853068
v 6.368796 -26.375084 3.046958
v 6.456619 -26.263123 3.202893
v 6.314585 -26.628902 3.391537
v 6.387798 -26.528252 3.548402
v 6.817763 -22.887924 0.217679
v 6.990561 -22.682957 0.429003
v 6.861147 -23.463840 0.790869
v 7.011220 -23.273525 0.995891
v 6.862802 -24.047567 1.358838
v 6.991439 -23.873985 1.556310
v 6.819836 -24.643831 1.920117
v 6.928229 -24.488886 2.108559
v 6.729073 -25.257061 2.473330
v 6.818464 -25.122225 2.651494
v 6.586970 -25.888998 3.016363
v 6.661044 -25.773125 3.188734
v 6.530389 -26.154785 3.367492
v 6.594797 -26.050119 3.541985
v 6.451773 -26.430868 3.714757
v 6.552094 -26.253414 4.064145
v 6.891812 -25.292507 4.154748
v 6.864091 -25.370665 3.952401
v 6.826822 -25.458931 3.753833
v 6.725651 -25.661343 3.371385
v 7.122340 -24.457111 3.888510
v 7.094705 -24.543272 3.669289
v 7.057600 -24.641064 3.454025
v 4.600396 -28.040926 2.379615
v 4.719556 -27.775940 2.128410
v 4.947913 -27.659218 2.226734
v 5.032697 -27.824821 2.574620
v 5.602411 -26.804548 1.977957
v 5.795434 -26.666817 2.109372
v 5.548838 -27.302660 2.566103
v 5.718098 -27.184299 2.691665
v 5.574731 -27.496576 2.916245
v 5.723659 -27.389040 3.040406
v 5.563628 -27.699106 3.259679
v 5.409399 -27.605558 2.796743
v 5.257504 -27.896999 3.028361
v 4.890984 -28.097233 2.817257
v 5.091885 -28.175951 3.260569
v 4.736523 -28.357258 3.060445
v 4.911256 -28.441425 3.493001
v 4.568108 -28.604038 3.303840
v 6.007510 -25.998489 1.661553
v 5.971455 -26.530046 2.247194
v 5.870448 -27.067543 2.822189
v 5.856221 -27.283472 3.169280
v 5.806906 -27.508316 3.508643
v 5.625627 -27.823458 3.715223
v 7.504768 -22.612782 3.915949
v 7.498106 -22.680702 3.654466
v 7.635365 -21.821625 3.445973
v 7.341317 -23.469854 4.121805
v 7.334504 -23.534500 3.876349
v 7.146746 -24.322664 4.340845
v 7.139863 -24.383368 4.112023
v 6.813410 -23.703663 6.537642
v 7.122942 -22.780533 6.180487
v 7.380467 -21.846758 5.802431
v 7.586109 -20.911009 5.409581
v 7.643004 -20.844740 5.091256
v 7.463485 -21.760748 5.505682
v 7.235874 -22.682764 5.893364
v 6.954049 -23.600220 6.264008
v 6.636409 -25.159651 6.204274
v 6.721193 -25.112549 5.966452
v 6.953511 -24.282114 5.839968
v 7.017292 -24.244844 5.580523
v 7.214355 -23.400562 5.445116
v 7.263015 -23.376902 5.169129
v 7.428671 -22.523630 5.026643
v 7.463505 -22.516039 4.740203
v 7.602018 -21.655396 4.592554
v 7.625061 -21.666656 4.296130
v 6.640481 -25.994583 4.814549
v 6.633786 -26.045547 4.620409
v 6.777997 -25.638992 4.489791
v 7.066844 -24.226927 5.321426
v 6.835402 -25.071598 5.483441
v 6.785427 -25.083593 5.724580
v 6.653828 -25.496481 5.799382
v 6.589606 -25.521185 6.032136
v 6.445704 -25.922932 6.098875
v 6.255120 -26.007570 6.542569
v 6.362088 -25.959007 6.319059
v 6.481717 -26.394640 4.937915
v 6.458078 -26.499655 4.572155
v 6.306976 -26.783686 5.062380
v 6.477688 -26.355179 5.129337
v 6.288374 -26.716640 5.433393
v 6.096276 -27.095484 5.540006
v 5.391099 -26.664963 7.503940
v 4.920572 -27.364937 7.656729
v 1.544074 -29.646967 3.277305
v 1.464241 -29.761671 3.549199
v 1.032052 -29.697155 3.258507
v 0.978863 -29.803844 3.530798
v 0.516609 -29.728998 3.247969
v 0.461359 -29.920027 3.792487
v 2.144519 -29.442474 3.032505
v 0.859729 -29.979649 4.073739
v 0.921389 -29.898067 3.802592
v 1.285594 -29.951799 4.090767
v 1.378029 -29.863398 3.820434
v 0.397667 -30.062204 4.335065
v 0.793943 -30.048407 4.344090
v 1.572360 -29.997478 4.382099
v 0.724032 -30.104187 4.613556
v 1.433505 -30.064835 4.647631
v 2.046847 -29.580757 3.304126
v 1.940630 -29.705961 3.575283
v 1.826011 -29.817524 3.845576
v 1.703207 -29.914879 4.114645
v 0.650242 -30.147125 4.882504
v 4.714314 -28.692476 3.725327
v 4.384513 -28.836754 3.547127
v 4.499718 -28.928202 3.957266
v 4.184489 -29.054611 3.790034
v 4.266519 -29.147400 4.188429
v 3.967163 -29.256542 4.032158
v 4.015208 -29.347761 4.417827
v 3.732963 -29.440527 4.272578
v 3.746521 -29.526812 4.644232
v 3.482524 -29.604443 4.510198
v 4.764256 -28.802353 4.139720
v 4.518070 -29.038374 4.358780
v 4.719797 -28.932251 4.541805
v 4.443536 -29.163708 4.746128
v 4.589522 -29.076962 4.927422
v 4.285657 -29.297638 5.114935
v 4.387304 -29.226763 5.297939
v 4.058200 -29.430073 5.465459
v 4.127124 -29.371944 5.648071
v 3.774579 -29.551321 5.792872
v 3.814943 -29.504215 5.968508
v 3.437124 -29.658169 6.090959
v 0.493916 -30.195559 5.416879
v -0.000062 -30.157946 4.873172
v -0.000110 -30.067064 4.332177
v -0.000128 -29.927771 3.789282
v -0.000157 -29.740242 3.244659
v -0.000211 -29.504879 2.699191
v -0.000272 -29.222004 2.154354
v -0.000323 -28.891901 1.611641
v 1.287099 -30.117180 4.912294
v 1.134514 -30.155107 5.175974
v 0.977245 -30.179176 5.438141
v 0.654920 -30.188025 5.955843
v 3.598285 -28.440857 2.089531
v 3.497027 -28.658501 2.355026
v 2.956742 -28.816105 2.269058
v 3.386644 -28.864012 2.621043
v 2.863589 -29.005785 2.538773
v 3.266247 -29.056917 2.887304
v 2.761956 -29.183048 2.808755
v 3.134940 -29.236763 3.153549
v 2.651081 -29.347551 3.078764
v 2.991820 -29.403103 3.419546
v 2.530197 -29.498953 3.348577
v 2.836260 -29.555307 3.684902
v 2.398764 -29.636772 3.617830
v 2.668504 -29.692278 3.948990
v 2.256975 -29.760193 3.886009
v 2.488916 -29.812885 4.211163
v 2.105116 -29.868383 4.152616
v 2.297764 -29.916039 4.470697
v 1.943387 -29.960539 4.417099
v 2.095146 -30.000772 4.726998
v 1.771851 -30.035948 4.679013
v 1.881483 -30.067448 4.981997
v 1.590984 -30.094902 4.939839
v 1.658683 -30.117085 5.236017
v 1.402448 -30.138205 5.199674
v 1.428923 -30.150654 5.488704
v 1.208088 -30.166601 5.458071
v 1.194470 -30.169146 5.739748
v 1.226662 -30.151140 6.051159
v 1.368370 -30.154799 5.774348
v 1.529853 -30.138016 5.818618
v 1.636825 -30.131409 5.530761
v 1.829772 -30.109173 5.584412
v 1.899775 -30.091921 5.285740
v 2.123347 -30.063164 5.348944
v 2.154624 -30.035109 5.039490
v 2.407679 -29.998524 5.112319
v 2.398887 -29.959780 4.792272
v 2.679994 -29.913832 4.874698
v 2.630455 -29.864676 4.543530
v 2.938036 -29.807585 4.635314
v 2.849059 -29.749363 4.290904
v 3.181777 -29.679274 4.391423
v 3.054557 -29.615084 4.035140
v 3.411027 -29.530424 4.143924
v 3.246602 -29.463238 3.777136
v 3.625351 -29.362761 3.893884
v 3.424747 -29.295275 3.517690
v 3.824212 -29.178068 3.642252
v 3.588688 -29.112591 3.257538
v 4.007244 -28.978052 3.389865
v 3.739138 -28.915968 2.997086
v 4.175240 -28.763643 3.137130
v 3.877127 -28.705963 2.736580
v 4.329349 -28.535517 2.884309
v 4.003672 -28.483154 2.476297
v 4.470695 -28.294369 2.631696
v 4.119782 -28.248135 2.216537
v 4.226459 -28.001516 1.957618
v 4.829280 -27.500185 1.878436
v 5.169069 -27.079258 1.737560
v -0.493818 -30.195496 5.416702
v 0.000026 -30.201334 5.410258
v 0.331147 -30.195848 5.942220
v 0.328743 -30.147734 6.459001
v 0.480714 -30.142467 6.474893
v -2.276077 -29.032587 8.316361
v -2.102815 -29.183475 8.233890
v -1.919733 -29.319244 8.145080
v -1.726426 -29.442396 8.047008
v -1.524168 -29.554352 7.938906
v -1.314753 -29.655794 7.820901
v -1.304313 -29.757366 7.609036
v -1.495583 -29.768791 7.514493
v -1.670081 -29.782736 7.406816
v -1.824164 -29.799717 7.286469
v -1.954152 -29.818907 7.158806
v -2.055789 -29.839458 7.029405
v -2.127760 -29.861526 6.900440
v -2.173305 -29.884954 6.774665
v -2.198165 -29.909237 6.654024
v -2.206106 -29.933685 6.540506
v -2.197468 -29.957994 6.434600
v -2.172944 -29.982536 6.334089
v -2.134403 -30.006966 6.239637
v -2.081008 -30.030725 6.152885
v -2.009542 -30.053909 6.072927
v -1.918405 -30.076477 5.999231
v -1.807038 -30.098160 5.931936
v -1.676688 -30.118660 5.871222
v -1.529656 -30.137535 5.818185
v -1.368178 -30.154367 5.773934
v -1.194282 -30.168772 5.739365
v -0.977026 -30.179054 5.437803
v 2.160785 -30.057861 5.721758
v 2.005316 -30.084467 5.648534
v 2.326533 -30.031507 5.424253
v 4.252724 -29.254692 4.576077
v 3.969066 -29.448511 4.790277
v 4.148220 -29.371527 4.947329
v 3.834718 -29.552759 5.143866
v 3.963160 -29.490402 5.297771
v 3.622477 -29.652491 5.474527
v 3.710707 -29.601295 5.626966
v 3.341813 -29.741869 5.784471
v 3.400179 -29.699152 5.933258
v 3.005838 -29.818569 6.070083
v 3.038997 -29.783323 6.209252
v 2.624449 -29.882524 6.323733
v 1.743965 -30.034325 6.462485
v 1.712886 -30.053322 6.387020
v 2.134631 -30.007689 6.239952
v 2.081230 -30.031414 6.153240
v 2.486568 -29.971991 5.986809
v 2.401812 -30.001198 5.891116
v 2.783987 -29.926701 5.707369
v 2.659258 -29.962551 5.604494
v 3.012400 -29.872696 5.404859
v 2.840124 -29.916307 5.297025
v 3.159209 -29.811794 5.082816
v 2.934755 -29.864088 4.972324
v 3.216373 -29.746231 4.743792
v 3.461091 -29.682184 4.866281
v 3.667841 -29.617163 4.999912
v 3.349383 -29.758301 5.203717
v 3.503413 -29.704838 5.334392
v 3.152405 -29.828672 5.521843
v 3.261099 -29.785048 5.647710
v 2.881203 -29.890732 5.818401
v 2.953555 -29.854696 5.938949
v 2.549781 -29.942387 6.090656
v 2.595437 -29.912317 6.203651
v 2.173176 -29.983288 6.334360
v 2.197704 -29.958767 6.434824
v 1.763749 -30.014978 6.542889
v 1.807244 -30.098734 5.932371
v 1.918615 -30.077093 5.999648
v 1.538851 -30.106138 6.195154
v 1.612175 -30.089188 6.253914
v 1.212215 -30.106438 6.431371
v 1.449347 -30.122261 6.141576
v 1.089498 -30.129629 6.347580
v 0.921931 -30.149475 6.280330
v 1.676888 -30.119188 5.871662
v 0.861296 -30.090666 6.671215
v 0.810117 -30.107075 6.605183
v 0.727903 -30.121513 6.549729
v 1.288356 -30.080709 6.530883
v 1.669788 -30.071573 6.317767
v 2.009758 -30.054565 6.073317
v 2.293438 -30.029955 5.802703
v 2.506226 -29.997705 5.510002
v 2.637358 -29.958601 5.198826
v 1.326810 -30.052526 6.647593
v 5.027661 -28.401798 6.408119
v 5.070628 -28.413107 6.256881
v 5.344618 -28.102562 6.172878
v 5.400877 -28.138781 5.858851
v 5.654011 -27.808149 5.753090
v 5.672085 -27.866858 5.438360
v 5.903631 -27.521496 5.312980
v 5.881907 -27.606808 5.000686
v 6.092267 -27.251829 4.857292
v 6.030883 -27.369497 4.541523
v 6.221146 -27.009882 4.381372
v 6.123305 -27.161539 4.065100
v 6.295094 -26.801891 3.889270
v 6.159425 -26.984777 3.581862
v 6.872299 -25.074938 5.247335
v 6.703821 -25.487476 5.567513
v 6.509723 -25.902477 5.875446
v 6.287998 -26.315969 6.166233
v 6.205305 -26.346540 6.377250
v 6.033534 -26.723654 6.435425
v 5.930269 -26.759035 6.640070
v 5.744463 -27.117630 6.688049
v 5.622020 -27.154926 6.883777
v 5.422464 -27.492813 6.920663
v 5.282218 -27.528891 7.107316
v 5.069492 -27.844315 7.132307
v 4.914794 -27.877028 7.308248
v 4.689722 -28.168724 7.320640
v 4.524548 -28.196716 7.483740
v 4.288583 -28.463583 7.482832
v 7.142935 -24.275661 4.576231
v 6.912305 -25.124752 4.790934
v 6.897673 -25.093065 5.015859
v 6.766173 -25.511406 5.118048
v 6.740757 -25.492620 5.340536
v 6.596440 -25.903345 5.435350
v 6.559578 -25.896446 5.653034
v 6.401140 -26.296610 5.739561
v 6.351596 -26.299728 5.952333
v 6.177974 -26.686403 6.029619
v 6.115037 -26.698521 6.233792
v 5.925407 -27.068846 6.301147
v 5.845391 -27.088669 6.493190
v 5.639514 -27.439978 6.550167
v 5.541292 -27.462711 6.735024
v 5.319427 -27.792831 6.780646
v 5.204663 -27.816011 6.955977
v 4.967297 -28.123253 6.989387
v 4.837753 -28.144146 7.155164
v 4.586122 -28.426928 7.175418
v 6.394397 -26.637285 4.222108
v 6.283836 -26.882210 4.714318
v 6.114771 -27.159889 5.187532
v 5.885310 -27.459873 5.646695
v 5.825880 -27.425940 6.000972
v 5.595999 -27.772919 6.087405
v 5.549821 -27.765623 6.259853
v 5.299902 -28.093136 6.334812
v 5.242507 -28.090467 6.498203
v 4.972503 -28.396072 6.560845
v 4.902062 -28.396879 6.712602
v 4.614445 -28.676390 6.762031
v 4.531447 -28.677305 6.904985
v 4.229564 -28.926857 6.940066
v 6.100037 -26.388474 6.591451
v 5.971561 -26.440708 6.806632
v 5.804622 -26.803728 6.845653
v 5.655700 -26.856161 7.052196
v 5.477203 -27.199070 7.080507
v 5.310957 -27.249155 7.276594
v 5.121463 -27.570131 7.293466
v 4.941691 -27.616066 7.476746
v 4.741987 -27.913778 7.481576
v 4.552639 -27.954304 7.649933
v 4.343710 -28.227959 7.642233
v 4.148561 -28.262251 7.794044
v 3.931970 -28.511215 7.773373
v 6.073883 -27.080631 3.440495
v 5.989724 -27.329227 3.773444
v 5.934975 -27.508213 4.241836
v 5.822156 -27.714512 4.702171
v 5.651281 -27.945553 5.144137
v 5.418612 -28.194452 5.563341
v 5.124764 -28.449970 5.963497
v 1.050630 -29.440519 8.257485
v 1.393272 -29.440836 8.161858
v 1.549375 -29.323038 8.273680
v 1.921083 -29.318638 8.144544
v 2.104321 -29.182543 8.233363
v 2.494835 -29.169254 8.071508
v 2.700795 -29.005983 8.139606
v 3.094091 -28.978476 7.943534
v 3.316789 -28.782303 7.990808
v 3.699092 -28.742819 7.748675
v 7.568417 -21.666569 4.893889
v 7.381309 -22.552816 5.318433
v 7.151621 -23.445749 5.720963
v 6.868261 -24.339903 6.094425
v 6.526806 -25.221451 6.445601
v 6.124153 -26.067421 6.767072
v 5.818960 -26.501585 7.022702
v 5.484482 -26.915337 7.257926
v 5.124839 -27.304611 7.469532
v 3.940411 -28.299355 7.937262
v 2.277552 -29.031424 8.315804
v 1.696946 -29.195026 8.375949
v 1.168304 -29.327675 8.380820
v 2.470788 -28.740866 8.478842
v 2.083488 -28.862459 8.547606
v 1.279434 -29.206589 8.494366
v 0.780937 -29.332035 8.461301
v 0.390275 -29.335238 8.511963
v -0.000094 -29.336517 8.529597
v 1.199881 -29.851540 7.411534
v 1.339878 -29.864962 7.324511
v 1.670237 -29.783430 7.406646
v 1.824336 -29.800447 7.286339
v 2.179780 -29.705420 7.337652
v 2.334801 -29.725079 7.185950
v 2.705036 -29.612270 7.205410
v 2.844727 -29.633272 7.028136
v 3.218716 -29.497477 7.016681
v 3.329391 -29.520851 6.817663
v 3.696188 -29.357351 6.776875
v 3.772667 -29.386164 6.559373
v 4.124765 -29.190929 6.490517
v 4.170442 -29.227278 6.260163
v 4.507994 -28.998333 6.165232
v 4.523965 -29.044367 5.928751
v 4.843324 -28.787188 5.809697
v 4.826016 -28.846605 5.570553
v 5.123480 -28.568159 5.429833
v 5.070669 -28.646944 5.183648
v 5.343397 -28.354774 5.023577
v 5.256303 -28.455795 4.773806
v 5.502955 -28.156702 4.596518
v 5.379303 -28.279852 4.351750
v 5.601084 -27.978102 4.158758
v 5.427670 -28.124601 3.922161
v 5.389027 -27.996561 3.479606
v 3.449837 -29.619781 6.256453
v 3.050515 -29.749607 6.355501
v 2.634613 -29.853489 6.450099
v 2.206342 -29.934475 6.540679
v 1.770719 -29.995527 6.627695
v 3.039487 -29.716940 6.512147
v 2.625120 -29.824781 6.585475
v 2.198400 -29.910036 6.654146
v 1.764316 -29.975643 6.718684
v 1.327246 -30.022789 6.779521
v 0.887149 -30.072243 6.748797
v 0.431805 -30.084003 6.807758
v 2.595548 -29.796827 6.729285
v 2.173534 -29.885756 6.774736
v 1.744278 -29.955536 6.815458
v 1.312110 -30.007233 6.852244
v 0.887455 -30.052275 6.836709
v 0.444845 -30.074965 6.846388
v 2.127979 -29.862320 6.900458
v 1.707525 -29.935707 6.916458
v 1.284316 -29.991602 6.928227
v 0.858610 -30.030714 6.936004
v 0.445009 -30.064919 6.890275
v 5.198517 -28.280287 3.699807
v 4.990731 -28.549219 3.919942
v 5.211627 -28.410568 4.129109
v 4.976032 -28.680256 4.335771
v 5.137239 -28.564838 4.544546
v 4.873751 -28.831572 4.736807
v 4.987556 -28.736095 4.950611
v 4.697475 -28.994297 5.125806
v 4.776147 -28.916403 5.342043
v 4.461199 -29.159279 5.497346
v 4.507936 -29.097864 5.708135
v 4.170659 -29.318132 5.841205
v 4.185484 -29.270100 6.043422
v 3.828723 -29.461111 6.152589
v 3.814856 -29.421438 6.349824
v 3.437334 -29.583460 6.433726
v 3.399025 -29.549952 6.622020
v 3.005409 -29.685890 6.678524
v 2.943284 -29.657677 6.851589
v 2.541488 -29.770548 6.879049
v 2.455890 -29.746649 7.032233
v 2.055994 -29.840237 7.029371
v 1.954340 -29.819668 7.158722
v 1.567908 -29.898193 7.124502
v 1.463531 -29.880758 7.227400
v 1.100542 -29.946579 7.162887
v 1.007537 -29.933207 7.236310
v 0.673393 -29.988476 7.142585
v 1.649587 -29.916504 7.020278
v 1.240607 -29.976126 7.006526
v 0.829299 -30.019726 6.988448
v 0.430474 -30.053782 6.939957
v 1.179092 -29.961092 7.085177
v 0.788118 -30.008898 7.041161
v 0.395057 -30.042187 6.992751
v 1.315089 -29.656181 7.820518
v 1.559112 -29.665112 7.720559
v 1.807716 -29.560881 7.822754
v 2.072253 -29.568356 7.693307
v 2.347082 -29.446936 7.768662
v 2.619453 -29.452860 7.601541
v 2.911607 -29.308676 7.648037
v 3.177565 -29.313126 7.439935
v 3.478482 -29.138979 7.457083
v 3.721833 -29.140392 7.214849
v 4.026916 -28.928455 7.205657
v 4.431951 -28.682007 7.048292
v 4.814551 -28.402634 6.866270
v 5.169058 -28.095594 6.660315
v 5.490558 -27.766312 6.433717
v 5.778506 -27.420998 6.183761
v 6.035737 -27.063128 5.913935
v 6.263328 -26.696304 5.628054
v 6.463062 -26.325108 5.327251
v 6.636492 -25.953421 5.014956
v 6.784789 -25.585409 4.692712
v 6.909355 -25.225132 4.361214
v 6.916207 -25.169043 4.572844
v 6.780844 -25.542635 4.902008
v 6.621823 -25.922729 5.221992
v 6.437800 -26.305202 5.531332
v 6.227012 -26.686106 5.826666
v 5.987417 -27.060724 6.106892
v 5.717713 -27.425295 6.367912
v 5.414536 -27.776079 6.605994
v 5.077504 -28.106668 6.824567
v 4.709442 -28.413013 7.020395
v 4.315425 -28.689526 7.192417
v 4.034851 -28.711599 7.478312
v 3.764458 -28.937708 7.469789
v 3.450875 -28.954475 7.719641
v 3.188211 -29.143726 7.686165
v 2.858239 -29.154816 7.891455
v 2.609592 -29.309853 7.834371
v 2.277409 -29.314358 7.997819
v 2.047873 -29.444283 7.915213
v 1.727461 -29.442167 8.046478
v 1.524833 -29.554474 7.938423
v 1.229842 -29.549274 8.039963
v 1.060659 -29.648674 7.908168
v 3.910277 -29.147655 6.971060
v 3.400931 -29.322687 7.219642
v 2.859538 -29.463753 7.414730
v 2.313304 -29.578953 7.545670
v 1.787565 -29.675413 7.608445
v 1.304453 -29.757952 7.608811
v 0.536983 -29.814632 7.665485
v 0.712034 -29.821594 7.616019
v 0.359030 -29.809561 7.702544
v 0.799807 -29.642895 7.980716
v 0.534668 -29.638937 8.035058
v 0.702313 -29.440973 8.329232
v 0.603029 -29.979773 7.186900
v 5.972888 -27.180433 3.302808
v 5.905762 -27.416986 3.639285
v 5.804079 -27.660797 3.965872
v 5.728675 -27.840406 4.419093
v 5.593502 -28.043404 4.862960
v 5.398863 -28.266586 5.287322
v 5.142050 -28.502487 5.687481
v 4.826618 -28.737902 6.065995
v 4.459166 -28.961378 6.416611
v 4.042124 -29.163631 6.729411
v 3.574411 -29.336748 6.997496
v 3.061487 -29.478893 7.216744
v 2.525947 -29.593866 7.380553
v 1.995893 -29.688580 7.480618
v 1.495730 -29.769436 7.514288
v 1.046452 -29.840185 7.488129
v 0.882748 -29.830204 7.556288
v 0.090333 -29.948881 7.347717
v 0.179549 -29.806431 7.725829
v 0.267290 -29.636627 8.069201
v 0.351022 -29.441614 8.374362
v 3.514879 -12.629978 -6.225823
v 3.079025 -12.754044 -6.290835
v 2.641189 -12.865036 -6.347117
v 2.202108 -12.962408 -6.394992
v 5.448083 -12.926106 -5.373805
v 5.080045 -13.110600 -5.563019
v 4.698411 -13.286562 -5.725224
v 4.305498 -13.452894 -5.859778
v 3.903712 -13.608507 -5.966045
v 3.495271 -13.752317 -6.043481
v 3.062023 -13.883540 -6.106470
v 2.626633 -14.000924 -6.160918
v 6.419432 -13.360367 -4.481877
v 6.103586 -13.572393 -4.738943
v 5.768925 -13.779476 -4.973031
v 5.417443 -13.980204 -5.182614
v 5.050984 -14.173193 -5.366359
v 4.671092 -14.357256 -5.523702
v 4.280054 -14.531249 -5.654053
v 3.880239 -14.694032 -5.756827
v 3.473841 -14.844474 -5.831530
v 3.043432 -14.981830 -5.892224
v 7.196946 -13.691303 -3.417109
v 6.948349 -13.917900 -3.724975
v 6.676235 -14.143639 -4.014871
v 6.381904 -14.367160 -4.285278
v 6.067104 -14.587011 -4.534742
v 5.733765 -14.801721 -4.761737
v 5.383848 -15.009820 -4.964782
v 5.019162 -15.209886 -5.142595
v 4.641216 -15.400693 -5.294665
v 4.252259 -15.581059 -5.420454
v 3.854622 -15.749801 -5.519431
v 3.450470 -15.905755 -5.591150
v 7.575879 -14.194776 -2.581870
v 7.377912 -14.425426 -2.909528
v 7.154044 -14.658038 -3.223525
v 6.905629 -14.891174 -3.521889
v 6.634059 -15.123404 -3.802692
v 6.340627 -15.353328 -4.064460
v 6.027052 -15.579454 -4.305784
v 5.695230 -15.800269 -4.525187
v 5.347085 -16.014267 -4.721241
v 4.984389 -16.219984 -4.892717
v 4.608611 -16.416178 -5.039156
v 4.221959 -16.601627 -5.160076
v 3.826725 -16.775122 -5.254998
v 7.844969 -14.675670 -1.720686
v 7.700742 -14.902958 -2.059274
v 7.529047 -15.135093 -2.387648
v 7.330588 -15.370677 -2.704560
v 7.106644 -15.608243 -3.008106
v 6.858551 -15.846319 -3.296387
v 6.587685 -16.083445 -3.567550
v 6.295333 -16.318192 -3.820167
v 5.983184 -16.549038 -4.052874
v 5.653093 -16.774435 -4.264251
v 5.306946 -16.992849 -4.452924
v 4.946474 -17.202799 -4.617714
v 4.573104 -17.403013 -4.758222
v 4.189002 -17.592258 -4.874016
v 7.913719 -15.371327 -1.194069
v 7.795241 -15.595394 -1.529513
v 7.649682 -15.825963 -1.856406
v 7.477148 -16.061413 -2.173230
v 7.278309 -16.300341 -2.478832
v 7.054423 -16.541258 -2.771388
v 6.806811 -16.782667 -3.049077
v 6.536832 -17.023090 -3.310121
v 6.245762 -17.261072 -3.553140
v 5.935258 -17.495075 -3.776821
v 5.607131 -17.723528 -3.979801
v 5.263225 -17.944881 -4.160762
v 4.905231 -18.157631 -4.318580
v 4.534529 -18.360506 -4.452910
v 0.000070 -23.870682 -2.925782
v 0.392849 -24.592251 -2.468648
v 0.000003 -24.603979 -2.470330
v 0.386405 -25.283499 -1.997821
v -0.000075 -25.294909 -1.999285
v 0.379400 -25.931828 -1.512830
v -0.000153 -25.942812 -1.514095
v 0.371732 -26.536591 -1.015132
v -0.000224 -26.547037 -1.016223
v 0.363229 -27.097157 -0.506186
v -0.000285 -27.106955 -0.507134
v 0.353720 -27.612919 0.012536
v -0.000330 -27.621946 0.011694
v 0.343047 -28.083300 0.539548
v -0.000355 -28.091444 0.538767
v 0.331034 -28.507765 1.073358
v -0.000353 -28.514912 1.072591
v 3.562024 -27.833590 1.243264
v 3.259743 -27.940531 1.198167
v 3.380069 -27.438107 0.671478
v 3.059602 -27.551226 0.634640
v 3.155860 -27.022139 0.114591
v 2.819763 -27.137703 0.087600
v 2.896255 -26.579517 -0.424077
v 2.179970 -26.797235 -0.463088
v 2.230893 -26.214886 -0.967258
v 1.859916 -26.311459 -0.983295
v 1.898004 -25.693417 -1.477156
v 1.518931 -25.779881 -1.491268
v 1.546682 -25.124355 -1.973537
v 1.160219 -25.196991 -1.985223
v 1.179354 -24.502556 -2.454430
v 0.786102 -24.558004 -2.463420
v 0.797870 -23.823544 -2.917974
v 0.398778 -23.858727 -2.923864
v 0.404239 -23.083570 -3.362042
v 0.000121 -23.095678 -3.364207
v 0.000150 -22.279636 -3.784182
v 0.409287 -22.267441 -3.781765
v 0.818756 -22.231110 -3.774456
v 0.808717 -23.047699 -3.355454
v 1.213173 -22.989470 -3.344259
v 1.196951 -23.766504 -2.907908
v 1.595598 -23.688911 -2.893382
v 1.572166 -24.427162 -2.441371
v 1.964535 -24.333101 -2.423946
v 1.932691 -25.033747 -1.957839
v 2.318282 -24.926559 -1.938158
v 2.276639 -25.591129 -1.459390
v 2.653156 -25.474371 -1.438104
v 2.964418 -25.981386 -0.924402
v 3.856169 -27.720078 1.299149
v 3.693579 -27.316851 0.720067
v 3.486323 -26.896793 0.154290
v 3.241205 -26.453787 -0.394904
v 0.836772 -20.478315 -4.551464
v 0.828092 -21.374422 -4.173587
v 1.242159 -21.314964 -4.160037
v 1.228189 -22.172075 -3.762094
v 1.637192 -22.091711 -3.744438
v 1.617197 -22.910223 -3.328192
v 2.020787 -22.811319 -3.306997
v 1.993808 -23.592089 -2.874114
v 2.391618 -23.477558 -2.850143
v 2.356498 -24.221834 -2.402185
v 2.746451 -24.094826 -2.376222
v 2.701807 -24.804209 -1.914624
v 3.081416 -24.667414 -1.886140
v 3.025661 -25.343830 -1.412170
v 3.385294 -25.201187 -1.377723
v 3.317153 -25.846638 -0.892725
v 3.664101 -25.700621 -0.846148
v 3.580438 -26.317486 -0.351934
v 3.912396 -26.171545 -0.295076
v 3.809662 -26.762520 0.206803
v 4.124350 -26.620190 0.272192
v 3.998683 -27.188250 0.780483
v 4.294007 -27.053082 0.852802
v 4.415516 -27.476051 1.443630
v 0.886096 -11.973289 -6.645679
v 1.328943 -11.927685 -6.623119
v 1.322244 -13.111120 -6.464922
v 1.762438 -13.044897 -6.434309
v 1.752681 -14.191086 -6.245206
v 2.189939 -14.103885 -6.207214
v 2.176638 -15.212427 -5.989105
v 2.610719 -15.104687 -5.944597
v 2.593357 -16.175627 -5.699407
v 3.023148 -16.048216 -5.649317
v 3.001069 -17.081999 -5.378970
v 3.425044 -16.935463 -5.323529
v 3.397449 -17.932898 -5.029851
v 3.796416 -17.769293 -4.964673
v 3.763563 -18.731617 -4.649603
v 4.153238 -18.552252 -4.563374
v 4.114522 -19.480906 -4.229251
v 4.492721 -19.287951 -4.124269
v 4.447521 -20.184645 -3.773354
v 4.812039 -19.980549 -3.651895
v 4.759745 -20.847233 -3.286340
v 5.108611 -20.634670 -3.150569
v 5.048479 -21.473457 -2.772453
v 5.380602 -21.255239 -2.624401
v 5.311466 -22.068483 -2.235713
v 5.625569 -21.847757 -2.078047
v 5.546137 -22.637989 -1.680611
v 0.852279 -18.570608 -5.237962
v 0.844825 -19.543480 -4.906712
v 1.267208 -19.484322 -4.890789
v 1.255152 -20.418814 -4.536721
v 1.673102 -20.337803 -4.515826
v 1.655796 -21.234011 -4.140764
v 2.068993 -21.132975 -4.115564
v 2.045759 -21.991405 -3.721256
v 2.453920 -21.872770 -3.692606
v 2.423976 -22.694334 -3.280720
v 2.825275 -22.560799 -3.249497
v 2.787476 -23.346825 -2.821605
v 3.179645 -23.200636 -2.787480
v 3.132596 -23.952816 -2.344994
v 3.504021 -23.797707 -2.304372
v 3.447239 -24.517979 -1.848705
v 3.807148 -24.356136 -1.794155
v 3.739074 -25.046661 -1.327268
v 4.085317 -24.881310 -1.260763
v 4.003635 -25.544331 -0.784602
v 4.334083 -25.378782 -0.708066
v 4.235476 -26.016911 -0.224285
v 4.548155 -25.854536 -0.139516
v 4.428935 -26.470675 0.350522
v 4.722646 -26.314802 0.441876
v 4.578839 -26.912094 0.937122
v 4.852177 -26.766216 1.032948
v 4.679136 -27.347017 1.531876
v 0.865510 -16.513523 -5.823035
v 0.859164 -17.560392 -5.543855
v 1.288674 -17.503092 -5.525668
v 1.278367 -18.512182 -5.220885
v 1.704023 -18.432669 -5.196815
v 1.689159 -19.403791 -4.868286
v 2.110655 -19.303307 -4.839059
v 2.090604 -20.236706 -4.488602
v 2.507676 -20.117165 -4.455130
v 2.481774 -21.013483 -4.084506
v 2.892792 -20.877100 -4.047732
v 2.860254 -21.737352 -3.658628
v 3.263166 -21.585907 -3.618405
v 3.223014 -22.411469 -3.212360
v 3.604128 -22.248358 -3.164930
v 3.556147 -23.040970 -2.743513
v 3.926624 -22.868103 -2.680227
v 3.869476 -23.629749 -2.245530
v 4.227163 -23.450090 -2.168488
v 4.159402 -24.182989 -1.722476
v 4.502188 -23.999664 -1.633711
v 4.422276 -24.706207 -1.178215
v 4.748290 -24.522434 -1.079636
v 4.653848 -25.205002 -0.616521
v 4.962039 -25.023952 -0.509928
v 4.849598 -25.685322 -0.040707
v 5.138669 -25.510389 0.071563
v 5.004412 -26.153605 0.545718
v 0.443038 -12.001507 -6.659256
v 0.881611 -13.159885 -6.486814
v 1.314912 -14.261069 -6.274753
v 1.742019 -15.303652 -6.025597
v 2.162132 -16.287338 -5.741947
v 2.574458 -17.213045 -5.426605
v 2.977093 -18.082481 -5.082409
v 3.367571 -18.897364 -4.711306
v 3.728040 -19.661386 -4.310936
v 4.072713 -20.377518 -3.872754
v 4.398777 -21.049887 -3.401220
v 4.703290 -21.683100 -2.900687
v 4.983133 -22.282213 -2.375312
v 5.235918 -22.852589 -1.828967
v 5.459019 -23.400026 -1.265979
v 0.876704 -14.312580 -6.295859
v 0.871347 -15.430688 -6.074152
v 1.306902 -15.376842 -6.053935
v 1.298170 -16.457748 -5.803796
v 1.730395 -16.381903 -5.776787
v 1.717749 -17.425140 -5.500088
v 2.146348 -17.327923 -5.467028
v 2.129213 -18.333479 -5.165634
v 2.553936 -18.216242 -5.127449
v 2.531703 -19.184515 -4.803202
v 2.951119 -19.048962 -4.760860
v 2.923050 -19.980734 -4.415556
v 3.335302 -19.828156 -4.369085
v 3.300534 -20.724573 -4.004385
v 3.689721 -20.557905 -3.949827
v 3.648489 -21.420462 -3.567433
v 4.027674 -21.241381 -3.494990
v 3.979161 -22.071783 -3.097096
v 4.346214 -21.882954 -3.008959
v 4.289224 -22.683216 -2.597682
v 4.642011 -22.487518 -2.496002
v 4.575205 -23.259899 -2.073328
v 4.911812 -23.060354 -1.960135
v 4.833778 -23.807297 -1.527907
v 5.153164 -23.606974 -1.405086
v 5.062406 -24.331026 -0.965017
v 5.363361 -24.133247 -0.835035
v 5.257453 -24.836840 -0.388916
v 0.957678 -30.173529 5.988646
v 8.020761 -15.852684 -0.332304
v 7.953846 -16.060228 -0.666701
v 7.860196 -16.277786 -0.996439
v 7.739900 -16.503597 -1.319593
v 7.593087 -16.735903 -1.634253
v 7.419821 -16.973089 -1.939010
v 7.220735 -17.213764 -2.232809
v 6.997066 -17.456419 -2.513907
v 6.750116 -17.699553 -2.780563
v 6.481225 -17.941662 -3.031078
v 6.191659 -18.181288 -3.264122
v 5.883036 -18.416880 -3.478434
v 5.557126 -18.646856 -3.672710
v 5.215724 -18.869661 -3.845691
v 4.860478 -19.083780 -3.996308
v 8.013913 -16.549261 0.194427
v 7.966532 -16.747852 -0.142053
v 7.896597 -16.955751 -0.463830
v 7.800581 -17.173605 -0.780814
v 7.678543 -17.399651 -1.091184
v 7.530579 -17.632139 -1.393139
v 7.356711 -17.869482 -1.685380
v 7.157534 -18.110294 -1.966953
v 6.934262 -18.353069 -2.236194
v 6.688176 -18.596298 -2.491448
v 6.420596 -18.838482 -2.731092
v 6.132773 -19.078152 -2.953852
v 5.826289 -19.313761 -3.158520
v 5.502864 -19.543726 -3.343853
v 5.164248 -19.766489 -3.508647
v 7.999280 -17.249491 0.725858
v 7.956643 -17.436811 0.388163
v 7.905665 -17.634619 0.065078
v 7.832760 -17.841482 -0.243606
v 7.734451 -18.058165 -0.547381
v 7.610772 -18.282927 -0.844537
v 7.461785 -18.514038 -1.133381
v 7.287473 -18.749935 -1.412727
v 7.088383 -18.989271 -1.681719
v 6.865711 -19.230537 -1.938778
v 6.620713 -19.472235 -2.182330
v 6.354686 -19.712868 -2.410835
v 6.068867 -19.950979 -2.623073
v 5.764796 -20.185024 -2.817889
v 5.444144 -20.413439 -2.994102
v 8.008919 -17.804440 1.581725
v 7.976607 -17.959612 1.249540
v 7.937879 -18.130871 0.921700
v 7.891980 -18.316454 0.598070
v 7.837462 -18.512140 0.288832
v 7.761665 -18.716574 -0.006337
v 7.661167 -18.930624 -0.296505
v 7.535975 -19.152588 -0.580074
v 7.386120 -19.380764 -0.855460
v 7.211545 -19.613632 -1.121589
v 7.012751 -19.849880 -1.377707
v 6.790908 -20.088018 -1.622316
v 6.547248 -20.326565 -1.853927
v 6.283046 -20.564035 -2.071083
v 5.999518 -20.798992 -2.272615
v 5.698164 -21.029909 -2.457428
v 5.840936 -22.418011 -1.516026
v 6.024266 -22.971888 -0.942541
v 5.749870 -23.187857 -1.111486
v 5.920161 -23.723976 -0.532385
v 5.649742 -23.930447 -0.690533
v 5.804580 -24.449511 -0.106805
v 5.538742 -24.644930 -0.254269
v 5.674588 -25.148132 0.333533
v 5.414087 -25.330925 0.196563
v 5.527271 -25.819622 0.788126
v 5.273019 -25.988173 0.661370
v 5.359813 -26.463781 1.256571
v 5.112877 -26.616444 1.139649
v 4.930672 -27.214457 1.630056
v 7.992649 -18.430498 2.412563
v 7.971673 -18.547344 2.087178
v 7.943638 -18.683043 1.765109
v 7.909047 -18.836166 1.446724
v 7.867604 -19.004871 1.133049
v 7.818528 -19.187447 0.823922
v 7.760574 -19.379675 0.528934
v 7.682003 -19.580288 0.247649
v 7.579463 -19.790255 -0.028567
v 7.452931 -20.007910 -0.298231
v 7.302412 -20.231606 -0.559869
v 7.127801 -20.459866 -0.812522
v 6.929558 -20.691427 -1.055532
v 6.708825 -20.924829 -1.287485
v 6.466805 -21.158607 -1.506976
v 6.204747 -21.391314 -1.712629
v 5.923851 -21.621529 -1.903333
v 7.919829 -19.307714 2.582746
v 7.834605 -20.180494 2.766464
v 7.897541 -19.422737 2.271107
v 7.811077 -20.292866 2.469093
v 7.867737 -19.555956 1.963032
v 7.779598 -20.422649 2.175487
v 7.830949 -19.705969 1.658907
v 7.740728 -20.568474 1.886060
v 7.786893 -19.870947 1.359825
v 7.694200 -20.728537 1.601969
v 7.734771 -20.049232 1.065599
v 7.639206 -20.901245 1.323002
v 7.673535 -20.236660 0.785219
v 7.574895 -21.082520 1.057543
v 7.592365 -20.432058 0.518138
v 7.491352 -21.271309 0.804935
v 7.487981 -20.636482 0.256161
v 7.385377 -21.468729 0.557432
v 7.360335 -20.848322 0.000661
v 7.256900 -21.673243 0.316291
v 7.209405 -21.065985 -0.247005
v 7.105868 -21.883320 0.082758
v 7.035043 -21.288057 -0.485987
v 6.932092 -22.097628 -0.142425
v 6.837660 -21.513334 -0.715722
v 6.735932 -22.315020 -0.358790
v 6.618368 -21.740387 -0.934881
v 6.518470 -22.534111 -0.565088
v 6.378343 -21.967789 -1.142141
v 6.280851 -22.753525 -0.760075
v 6.118807 -22.194124 -1.336208
v 7.337607 -23.420660 4.373833
v 7.501172 -22.561913 4.183920
v 7.641813 -21.751062 3.722918
v 7.638345 -21.698992 4.006186
v 7.757176 -20.884348 3.542386
v 7.753849 -20.831516 3.840345
v 7.855471 -20.012615 3.374119
v 7.852296 -19.959435 3.686166
v 7.936583 -19.083969 3.543683
v 7.943042 -18.779047 3.952906
v 7.750986 -20.956961 3.250520
v 7.849571 -20.086708 3.067876
v 7.934010 -19.212111 2.898202
v 7.925109 -19.054193 3.874900
v 7.819180 -19.921474 4.328435
v 7.905259 -19.049278 4.211705
v 7.592349 -20.440805 5.611321
v 7.506996 -20.663698 5.833763
v 7.440405 -20.829731 5.981970
v 7.686868 -20.805254 4.770757
v 7.522676 -21.701040 5.200491
v 7.320138 -22.605492 5.609494
v 7.066570 -23.513611 5.990769
v 6.756822 -24.414505 6.352404
v 6.368659 -24.838377 6.922447
v -0.440784 -13.190008 -6.499984
v -0.881611 -13.159836 -6.486822
v -1.322242 -13.111047 -6.464933
v -1.762434 -13.044800 -6.434324
v -2.202104 -12.962285 -6.395010
v -2.641186 -12.864889 -6.347139
v -3.079021 -12.753874 -6.290861
v -3.514873 -12.629786 -6.225853
v -3.925170 -12.493708 -6.145980
v -4.328740 -12.346451 -6.036574
v -4.408481 -11.347397 -6.145375
v -4.723340 -12.189046 -5.898233
v -4.746123 -11.400774 -5.999470
v -5.106537 -12.022524 -5.731637
v -5.087980 -11.465569 -5.822361
v -5.389886 -11.532735 -5.638762
v -0.438299 -14.344220 -6.308552
v -0.876684 -14.312233 -6.295880
v -1.314891 -14.260550 -6.274786
v -1.752661 -14.190393 -6.245250
v -2.189921 -14.103023 -6.207268
v -2.626619 -13.999893 -6.160984
v -3.062011 -13.882341 -6.106546
v -3.495263 -13.750954 -6.043568
v -3.903709 -13.606982 -5.966146
v -4.305501 -13.451212 -5.859890
v -4.698421 -13.284726 -5.725348
v -5.080065 -13.108616 -5.563153
v -5.448112 -12.923977 -5.373948
v -5.800981 -12.731956 -5.158350
v -6.136799 -12.533877 -4.917736
v -6.219882 -11.775376 -4.975515
v -6.453542 -12.331096 -4.653681
v -6.471417 -11.869658 -4.717799
v -6.749218 -12.124973 -4.367804
v -6.599658 -11.922418 -4.573585
v -6.837906 -12.030315 -4.278650
v -0.435581 -15.463573 -6.086308
v -0.871297 -15.430014 -6.074193
v -1.306853 -15.375833 -6.053997
v -1.741974 -15.302308 -6.025679
v -2.176598 -15.210752 -5.989208
v -2.610686 -15.102683 -5.944720
v -3.043406 -14.979501 -5.892367
v -3.473823 -14.841824 -5.831694
v -3.880234 -14.691068 -5.757014
v -4.280063 -14.527977 -5.654262
v -4.671117 -14.353684 -5.523932
v -5.051027 -14.169328 -5.366607
v -5.417506 -13.976053 -5.182879
v -5.769009 -13.775051 -4.973312
v -6.103691 -13.567700 -4.739237
v -6.419559 -13.355418 -4.482183
v -6.714649 -13.139627 -4.203726
v -6.987187 -12.921730 -3.905361
v -7.057434 -12.143374 -3.969609
v -7.235871 -12.703041 -3.588645
v -7.258606 -12.261474 -3.646791
v -7.459284 -12.484897 -3.255640
v -7.441419 -12.384485 -3.310543
v -7.605532 -12.512307 -2.961147
v -0.432616 -16.547401 -5.834603
v -0.865420 -16.512518 -5.823099
v -1.298084 -16.456245 -5.803892
v -1.730315 -16.379904 -5.776914
v -2.162062 -16.284847 -5.742106
v -2.593298 -16.172646 -5.699597
v -3.023102 -16.044750 -5.649537
v -3.450438 -15.901814 -5.591402
v -3.854610 -15.745394 -5.519717
v -4.252270 -15.576191 -5.420772
v -4.641254 -15.395377 -5.295014
v -5.019228 -15.204131 -5.142972
v -5.383944 -15.003639 -4.965186
v -5.733893 -14.795125 -4.762164
v -6.067265 -14.580017 -4.535190
v -6.382098 -14.359777 -4.285743
v -6.676463 -14.135886 -4.015351
v -6.948609 -13.909792 -3.725468
v -7.197239 -13.682858 -3.417612
v -7.420947 -13.456471 -3.093778
v -7.618364 -13.232029 -2.756010
v -7.672637 -12.574418 -2.800049
v -7.773464 -12.694381 -2.527772
v -0.429389 -17.595030 -5.554789
v -0.859027 -17.559088 -5.543941
v -1.288543 -17.501139 -5.525797
v -1.717628 -17.422541 -5.500260
v -2.146241 -17.324680 -5.467242
v -2.574368 -17.209167 -5.426861
v -3.000998 -17.077492 -5.379268
v -3.424993 -16.930334 -5.323867
v -3.826703 -16.769386 -5.255382
v -4.221969 -16.595295 -5.160502
v -4.608658 -16.409260 -5.039623
v -4.984475 -16.212496 -4.893221
v -5.347212 -16.006220 -4.721781
v -5.695401 -15.791680 -4.525757
v -6.027267 -15.570342 -4.306381
v -6.340887 -15.343708 -4.065082
v -6.634364 -15.113296 -3.803334
v -6.905978 -14.880599 -3.522549
v -7.154435 -14.647018 -3.224200
v -7.378345 -14.413982 -2.910215
v -7.576352 -14.182931 -2.582566
v -7.747161 -13.955298 -2.243233
v -7.955106 -13.066258 -1.877843
v -0.425890 -18.605793 -5.248224
v -0.852090 -18.569057 -5.238069
v -1.278188 -18.509859 -5.221045
v -1.703857 -18.429579 -5.197026
v -2.129066 -18.329626 -5.165897
v -2.553812 -18.211634 -5.127763
v -2.976994 -18.077124 -5.082773
v -3.397378 -17.926804 -5.030264
v -3.796383 -17.762474 -4.965141
v -4.189011 -17.584728 -4.874537
v -4.573160 -17.394789 -4.758790
v -4.946579 -17.193890 -4.618328
v -5.307103 -16.983276 -4.453578
v -5.653305 -16.764214 -4.264943
v -5.983450 -16.538187 -4.053599
v -6.295653 -16.306736 -3.820922
v -6.588060 -16.071404 -3.568331
v -6.858979 -15.833716 -3.297191
v -7.107125 -15.595103 -3.008928
v -7.331120 -15.357028 -2.705399
v -7.529626 -15.120961 -2.388500
v -7.701367 -14.888371 -2.060137
v -7.845635 -14.660658 -1.721559
v -7.962285 -14.439438 -1.374391
v -8.051124 -14.226445 -1.020743
v -8.094688 -13.970700 -0.845764
v -8.105116 -14.179320 -0.637564
v -0.422109 -19.579016 -4.916273
v -0.844587 -19.541767 -4.906832
v -1.266983 -19.481756 -4.890968
v -1.688952 -19.400377 -4.868525
v -2.110472 -19.299051 -4.839356
v -2.531549 -19.179424 -4.803555
v -2.950996 -19.043041 -4.761270
v -3.367484 -18.890629 -4.711770
v -3.763522 -18.724081 -4.650127
v -4.153248 -18.543928 -4.563956
v -4.534594 -18.351412 -4.453546
v -4.905354 -18.147778 -4.319265
v -5.263410 -17.934290 -4.161492
v -5.607378 -17.712219 -3.980573
v -5.935568 -17.483065 -3.777631
v -6.246135 -17.248388 -3.553983
v -6.537268 -17.009752 -3.310994
v -6.807307 -16.768703 -3.049976
v -7.054978 -16.526691 -2.772310
v -7.278922 -16.285204 -2.479775
v -7.477816 -16.045734 -2.174190
v -7.650401 -15.809774 -1.857381
v -7.796008 -15.578728 -1.530502
v -7.914530 -15.354218 -1.195071
v -8.005807 -15.137996 -0.853102
v -8.069720 -14.931821 -0.506623
v -8.111054 -14.430378 -0.387011
v -8.109888 -14.735321 -0.144930
v -8.115180 -14.931105 0.112708
v -6.591883 -25.917677 5.437861
v -6.698891 -25.503328 5.570265
v -6.735776 -25.508625 5.343286
v -6.830142 -25.088858 5.486380
v -6.866985 -25.092365 5.250271
v -7.061382 -24.245913 5.324527
v -7.097861 -24.245787 5.070660
v -7.258047 -23.396027 5.172069
v -7.293828 -23.392248 4.901407
v -7.424680 -22.541418 5.029169
v -7.459476 -22.533991 4.742704
v -7.565648 -21.681656 4.895836
v -7.599225 -21.670616 4.594478
v -7.685330 -20.816366 4.772048
v -7.717504 -20.801783 4.456636
v -7.936786 -19.083868 3.543761
v -7.851763 -19.965490 3.686792
v -7.839641 -19.934601 4.004962
v -7.752291 -20.842838 3.841575
v -7.739561 -20.811069 4.145983
v -7.635540 -21.714373 4.008046
v -7.622256 -21.681978 4.298023
v -7.497127 -22.580055 4.186351
v -7.483357 -22.547318 4.461211
v -7.332568 -23.440166 4.376689
v -7.318402 -23.407398 4.635695
v -7.137392 -24.295031 4.579276
v -7.122933 -24.262585 4.821630
v -6.906963 -25.142363 4.793843
v -6.892332 -25.110607 5.018785
v -6.775837 -25.558811 4.904731
v -6.761167 -25.527519 5.120788
v -6.617241 -25.937159 5.224492
v -6.458945 -26.337681 5.329472
v -6.635920 -26.009081 4.817003
v -6.629266 -26.060015 4.622832
v -6.779805 -25.601599 4.695411
v -6.773057 -25.655151 4.492460
v -6.910889 -25.186668 4.575728
v -6.904082 -25.242727 4.364067
v -7.141226 -24.342054 4.343856
v -7.134389 -24.402733 4.114995
v -7.336300 -23.489388 4.124620
v -7.329527 -23.554012 3.879121
v -7.500740 -22.630953 3.918339
v -7.494110 -22.698856 3.656813
v -7.639020 -21.766468 3.724741
v -7.632593 -21.837021 3.447760
v -7.755625 -20.895691 3.543591
v -7.749446 -20.968300 3.251701
v -7.854939 -20.018684 3.374735
v -7.849043 -20.092777 3.068484
v -7.939796 -19.136999 3.218291
v -7.934209 -19.212023 2.898283
v -8.011939 -18.251925 3.074281
v -8.042457 -17.828480 3.004252
v -8.014380 -18.155457 3.330572
v -0.418036 -20.514029 -4.560302
v -0.836495 -20.476551 -4.551589
v -1.254892 -20.416174 -4.536908
v -1.672863 -20.334290 -4.516073
v -2.090395 -20.232325 -4.488907
v -2.507502 -20.111921 -4.455494
v -2.922914 -19.974640 -4.415977
v -3.335208 -19.821220 -4.369561
v -3.727999 -19.653625 -4.311473
v -4.114540 -19.472330 -4.229846
v -4.492801 -19.278576 -4.124918
v -4.860623 -19.073624 -3.997007
v -5.215935 -18.858738 -3.846436
v -5.557405 -18.635189 -3.673498
v -5.883383 -18.404484 -3.479260
v -6.192073 -18.168188 -3.264983
v -6.481706 -17.927883 -3.031971
v -6.750662 -17.685120 -2.781486
v -6.997675 -17.441359 -2.514856
v -7.221404 -17.198105 -2.233783
v -7.420549 -16.956861 -1.940005
v -7.593869 -16.719139 -1.635268
v -7.740734 -16.486328 -1.320627
v -7.861076 -16.260050 -0.997491
v -7.954771 -16.042061 -0.667769
v -8.021726 -15.834126 -0.333388
v -8.065518 -15.635735 0.015964
v -8.101560 -15.448421 0.380272
v -8.115899 -15.487983 0.668465
v -8.115368 -15.622525 0.802737
v -0.413665 -21.410158 -4.181686
v -0.827797 -21.372749 -4.173703
v -1.241884 -21.312458 -4.160208
v -1.655548 -21.230675 -4.140991
v -2.068779 -21.128815 -4.115845
v -2.481600 -21.008507 -4.084838
v -2.892662 -20.871313 -4.048115
v -3.300453 -20.717985 -4.004817
v -3.689698 -20.550531 -3.950315
v -4.072752 -20.369368 -3.873292
v -4.447625 -20.175734 -3.773941
v -4.812211 -19.970886 -3.652527
v -5.164487 -19.756094 -3.509321
v -5.503172 -19.532612 -3.344565
v -5.826666 -19.301947 -3.159270
v -6.133217 -19.065660 -2.954636
v -6.421106 -18.825333 -2.731909
v -6.688750 -18.582518 -2.492294
v -6.934898 -18.338678 -2.237070
v -7.158229 -18.095322 -1.967856
v -7.357464 -17.853954 -1.686309
v -7.531384 -17.616089 -1.394094
v -7.679399 -17.383106 -1.092163
v -7.801484 -17.156601 -0.781816
v -7.897545 -16.938326 -0.464856
v -7.967519 -16.730038 -0.143101
v -8.014937 -16.531101 0.193357
v -8.054303 -16.343002 0.544614
v -8.087467 -16.169870 0.899337
v -8.111880 -16.032799 1.212184
v -8.111145 -16.091036 1.270305
v -0.408993 -22.266735 -3.781808
v -0.818477 -22.229696 -3.774543
v -1.227932 -22.169956 -3.762222
v -1.636966 -22.088890 -3.744607
v -2.045571 -21.987888 -3.721465
v -2.453777 -21.868559 -3.692852
v -2.860161 -21.732452 -3.658909
v -3.263127 -21.580330 -3.618721
v -3.648508 -21.414213 -3.567788
v -4.027755 -21.234468 -3.495381
v -4.398921 -21.042320 -3.401646
v -4.759954 -20.839022 -3.286799
v -5.108884 -20.625826 -3.151061
v -5.444481 -20.403975 -2.994624
v -5.765196 -20.174955 -2.818441
v -6.069328 -19.940321 -2.623655
v -6.355206 -19.701637 -2.411448
v -6.621290 -19.460451 -2.182972
v -6.866343 -19.218220 -1.939450
v -7.089067 -18.976439 -1.682422
v -7.288207 -18.736616 -1.413460
v -7.462566 -18.500252 -1.134146
v -7.611598 -18.268702 -0.845334
v -7.735320 -18.043530 -0.548209
v -7.833668 -17.826468 -0.244465
v -7.906609 -17.619253 0.064187
v -7.957624 -17.421135 0.387245
v -8.000295 -17.233545 0.724917
v -8.036272 -17.060667 1.066439
v -8.066278 -16.904303 1.411918
v -8.111053 -16.098104 1.277358
v -8.090619 -16.766291 1.760454
v -8.097377 -16.754263 1.932195
v -6.283538 -20.556017 -2.071383
v -6.205141 -21.387352 -1.712554
v -6.547784 -20.318134 -1.854255
v -6.467220 -21.154419 -1.506923
v -6.791485 -20.079189 -1.622673
v -6.709261 -20.920414 -1.287459
v -7.013367 -19.840666 -1.378096
v -6.930015 -20.686794 -1.055537
v -7.212197 -19.604046 -1.122012
v -7.128277 -20.455019 -0.812562
v -7.386809 -19.370823 -0.855919
v -7.302906 -20.226551 -0.559948
v -7.536697 -19.142307 -0.580571
v -7.453443 -20.002655 -0.298350
v -7.661923 -18.920027 -0.297041
v -7.579994 -19.784809 -0.028730
v -7.762453 -18.705679 -0.006912
v -7.682554 -19.574661 0.247444
v -7.838282 -18.500973 0.288218
v -7.761146 -19.373878 0.528687
v -7.892830 -18.305044 0.597425
v -7.819121 -19.181501 0.823641
v -7.938758 -18.119255 0.921029
v -7.868217 -18.998806 1.132743
v -7.977514 -17.947819 1.248847
v -7.909680 -18.829994 1.446398
v -8.009850 -17.792500 1.581012
v -7.944288 -18.676785 1.764765
v -8.036067 -17.655142 1.916562
v -7.972337 -18.541016 2.086818
v -8.055694 -17.537186 2.255151
v -7.993325 -18.424110 2.412191
v -6.119002 -22.194557 -1.335728
v -6.378531 -21.968199 -1.141676
v -6.618549 -21.740768 -0.934437
v -6.837833 -21.513681 -0.715305
v -7.035209 -21.288368 -0.485602
v -7.209565 -21.066252 -0.246657
v -7.360491 -20.848547 0.000968
v -7.488135 -20.636658 0.256426
v -7.592521 -20.432184 0.518360
v -7.673695 -20.236734 0.785400
v -7.734937 -20.049267 1.065749
v -7.787066 -19.870953 1.359955
v -7.831129 -19.705950 1.659021
v -7.867923 -19.555918 1.963133
v -7.897733 -19.422680 2.271199
v -7.920025 -19.307642 2.582830
v -6.024132 -22.976547 -0.941663
v -6.280672 -22.758366 -0.759202
v -6.518246 -22.539116 -0.564228
v -6.735664 -22.320173 -0.357950
v -6.931783 -22.102921 -0.141611
v -7.105519 -21.888735 0.083541
v -7.256517 -21.678768 0.317039
v -7.384965 -21.474350 0.558144
v -7.490916 -21.277010 0.805611
v -7.574439 -21.088293 1.058185
v -7.638735 -20.907085 1.323620
v -7.693715 -20.734440 1.602576
v -7.740231 -20.574434 1.886661
v -7.779090 -20.428654 2.176085
v -7.810561 -20.298904 2.469691
v -7.834083 -20.186554 2.767066
v -5.999965 -20.791399 -2.272891
v -5.698563 -21.022749 -2.457682
v -5.625912 -21.844259 -2.077943
v -4.413969 -27.485943 1.445162
v -4.577199 -26.923201 0.938922
v -4.292635 -27.063469 0.854499
v -4.721158 -26.326202 0.443721
v -4.427696 -26.481348 0.352274
v -4.848434 -25.696110 -0.038992
v -4.547197 -25.864645 -0.137879
v -4.961288 -25.033276 -0.508459
v -4.653248 -25.213749 -0.615111
v -5.062072 -24.338087 -0.963850
v -4.748047 -24.529072 -1.078511
v -5.153162 -23.611021 -1.404239
v -4.833817 -23.811117 -1.527087
v -5.236124 -22.853056 -1.828483
v -4.912017 -23.060823 -1.959662
v -5.311779 -22.065220 -2.235601
v -4.983415 -22.279186 -2.375195
v -5.380951 -21.248524 -2.624634
v -5.048776 -21.467194 -2.772667
v -4.827373 -27.510355 1.879960
v -4.677332 -27.357546 1.533509
v -4.850266 -26.778025 1.034845
v -5.002671 -26.165710 0.547648
v -5.137296 -25.521835 0.073345
v -5.256549 -24.846720 -0.387397
v -5.362933 -24.140718 -0.833836
v -5.458975 -23.404289 -1.265113
v -5.546341 -22.638449 -1.680122
v -3.690444 -28.218523 1.825781
v -3.776009 -27.978949 1.562423
v -3.855120 -27.728655 1.300471
v -3.561212 -27.841494 1.244479
v -3.997571 -27.197899 0.782071
v -3.692719 -27.325750 0.721540
v -4.123353 -26.630116 0.273843
v -3.808899 -26.771681 0.208345
v -4.234720 -26.026321 -0.222734
v -3.911833 -26.180241 -0.293621
v -4.333629 -25.386936 -0.706725
v -4.003321 -25.551872 -0.783339
v -4.422121 -24.712404 -1.177141
v -4.085245 -24.887049 -1.259749
v -4.502263 -24.003244 -1.632926
v -4.159509 -24.186317 -1.721734
v -4.575406 -23.260365 -2.072873
v -4.227356 -23.450542 -2.168056
v -4.642260 -22.484730 -2.495885
v -4.289438 -22.680664 -2.597569
v -4.703534 -21.677296 -2.900885
v -4.346403 -21.877613 -3.009140
v -3.192389 -28.182762 1.465081
v -3.259159 -27.947748 1.199273
v -2.950325 -28.046736 1.164772
v -3.379449 -27.446241 0.672831
v -3.059209 -27.558586 0.635868
v -3.485783 -26.905178 0.155715
v -3.155530 -27.029728 0.115892
v -3.580058 -26.325451 -0.350584
v -3.240997 -26.461004 -0.393669
v -3.663917 -25.707535 -0.844974
v -3.317092 -25.852911 -0.891648
v -3.739079 -25.051933 -1.326324
v -3.385367 -25.205973 -1.376856
v -3.807282 -24.359201 -1.793464
v -3.447394 -24.520773 -1.848071
v -3.869658 -23.630184 -2.245128
v -3.504189 -23.798120 -2.304003
v -3.926799 -22.865788 -2.680120
v -3.556283 -23.038891 -2.743414
v -3.979295 -22.066914 -3.097262
v -3.604208 -22.243961 -3.165081
v -2.964468 -25.987003 -0.923431
v -3.025795 -25.348124 -1.411388
v -2.653332 -25.478153 -1.437411
v -3.081588 -24.669926 -1.885570
v -2.701980 -24.806427 -1.914120
v -3.132746 -23.953201 -2.344663
v -2.746574 -24.095175 -2.375931
v -3.179740 -23.198793 -2.787391
v -2.787525 -23.345209 -2.821530
v -3.223039 -22.407551 -3.212495
v -2.825246 -22.557362 -3.249619
v -2.123007 -27.342741 0.052705
v -2.180178 -26.802118 -0.462230
v -1.817845 -26.891350 -0.476898
v -2.231111 -26.219143 -0.966509
v -1.860201 -26.315018 -0.982663
v -2.276850 -25.594389 -1.458789
v -1.898244 -25.696146 -1.476649
v -2.318452 -24.928474 -1.937722
v -1.932857 -25.035351 -1.957473
v -2.356593 -24.222139 -2.401935
v -1.964603 -24.333361 -2.423737
v -2.391623 -23.476175 -2.850081
v -1.993773 -23.590939 -2.874064
v -2.423897 -22.691381 -3.280827
v -2.020662 -22.808855 -3.307090
v -2.636050 -28.137791 1.140862
v -2.733416 -27.662020 0.610540
v -2.058605 -27.840456 0.576957
v -2.819629 -27.144485 0.088769
v -2.896207 -26.585974 -0.422963
v -1.374281 -27.976086 0.554529
v -1.417038 -27.493532 0.028641
v -1.063193 -27.548660 0.020885
v -1.454995 -26.966627 -0.488501
v -1.091608 -27.026814 -0.497008
v -1.488814 -26.395941 -0.995474
v -1.116927 -26.460674 -1.004916
v -1.519194 -25.782070 -1.490859
v -1.139672 -25.850847 -1.501392
v -1.546843 -25.125648 -1.973242
v -1.160376 -25.197966 -1.985001
v -1.572209 -24.427376 -2.441205
v -1.179377 -24.502716 -2.454305
v -1.595527 -23.687994 -2.893343
v -1.196851 -23.765816 -2.907880
v -1.617032 -22.908249 -3.328269
v -1.212976 -22.987986 -3.344318
v -0.635630 -28.869776 1.615084
v -0.663433 -28.489016 1.076129
v -0.331724 -28.508499 1.073472
v -0.687504 -28.061920 0.542466
v -0.343741 -28.084131 0.539694
v -0.708806 -27.589041 0.015677
v -0.354366 -27.613779 0.012692
v -0.727712 -27.070923 -0.502742
v -0.363787 -27.097980 -0.506036
v -0.744555 -26.508150 -1.011313
v -0.372174 -26.537308 -1.015001
v -0.759688 -25.901329 -1.508571
v -0.379705 -25.932379 -1.512726
v -0.773464 -25.251093 -1.993063
v -0.386557 -25.283825 -1.997747
v -0.786111 -24.558113 -2.463337
v -0.392848 -24.592306 -2.468606
v -0.797749 -23.823086 -2.917955
v -0.398643 -23.858498 -2.923855
v -0.808497 -23.046711 -3.355494
v -0.404003 -23.083076 -3.362062
v -0.461566 -29.920309 3.792517
v -0.516885 -29.729389 3.247980
v -1.125886 -29.448275 2.713309
v -0.563647 -29.490360 2.702538
v -1.204354 -29.150560 2.168714
v -0.602800 -29.203703 2.157739
v -1.270190 -28.805454 1.626290
v -1.325975 -28.413687 1.087665
v -5.924220 -21.617798 -1.903241
v -5.841136 -22.418459 -1.515538
v -5.749781 -23.192326 -1.110610
v -5.649219 -23.938307 -0.689310
v -5.537684 -24.655348 -0.252711
v -5.412503 -25.343006 0.198403
v -5.271025 -26.000967 0.663377
v -5.110693 -26.628933 1.141638
v -4.928609 -27.225605 1.631787
v -0.000064 -29.441946 8.390074
v 0.000026 -29.635849 8.081088
v 0.000107 -29.805334 7.733922
v 0.000102 -29.948092 7.351858
v 0.908527 -11.131595 -6.735259
vt 0.329287 0.070688
vt 0.339704 0.078084
vt 0.365544 0.051611
vt 0.376203 0.450475
vt 0.374757 0.461834
vt 0.399200 0.462276
vt 0.542750 0.478088
vt 0.541930 0.492456
vt 0.576246 0.493748
vt 0.577059 0.478778
vt 0.612655 0.495024
vt 0.613461 0.479421
vt 0.651308 0.496280
vt 0.652104 0.480012
vt 0.692360 0.497515
vt 0.693144 0.480549
vt 0.735983 0.498725
vt 0.736752 0.481026
vt 0.782352 0.499907
vt 0.783103 0.481441
vt 0.831655 0.501060
vt 0.832385 0.481794
vt 0.884076 0.502186
vt 0.884787 0.482091
vt 0.939763 0.503284
vt 0.089863 0.460414
vt 0.080014 0.447495
vt 0.077685 0.453006
vt 0.083049 0.442444
vt 0.051418 0.363665
vt 0.040999 0.378078
vt 0.044336 0.384960
vt 0.073581 0.328656
vt 0.060853 0.341058
vt 0.062528 0.350475
vt 0.140431 0.314450
vt 0.131474 0.313778
vt 0.126744 0.325157
vt 0.098289 0.278775
vt 0.089441 0.283502
vt 0.088438 0.295547
vt 0.097744 0.450013
vt 0.106470 0.443474
vt 0.097079 0.448602
vt 0.126792 0.232828
vt 0.116192 0.235989
vt 0.112848 0.249329
vt 0.240031 0.173222
vt 0.247776 0.177794
vt 0.269225 0.153443
vt 0.260867 0.148190
vt 0.291667 0.128857
vt 0.279282 0.051236
vt 0.264942 0.049276
vt 0.245555 0.077792
vt 0.248282 0.242249
vt 0.239827 0.231689
vt 0.229648 0.242050
vt 0.252321 0.278913
vt 0.254268 0.284781
vt 0.265026 0.277922
vt 0.260775 0.317885
vt 0.261476 0.325234
vt 0.282669 0.316371
vt 0.304571 0.298771
vt 0.304938 0.307690
vt 0.328158 0.299090
vt 0.327987 0.289379
vt 0.352366 0.290515
vt 0.352402 0.280008
vt 0.377651 0.281898
vt 0.377899 0.270590
vt 0.404097 0.273171
vt 0.091715 0.474710
vt 0.090295 0.474611
vt 0.104345 0.472195
vt 0.103419 0.476802
vt 0.105646 0.462279
vt 0.116099 0.496527
vt 0.117173 0.492403
vt 0.108397 0.490761
vt 0.095099 0.472445
vt 0.094112 0.473667
vt 0.095949 0.470746
vt 0.092993 0.474395
vt 0.129748 0.538969
vt 0.123643 0.528633
vt 0.121186 0.532597
vt 0.221643 0.646669
vt 0.219285 0.653097
vt 0.229436 0.661112
vt 0.226901 0.667697
vt 0.211765 0.719256
vt 0.222425 0.731008
vt 0.231784 0.718518
vt 0.217143 0.736931
vt 0.263109 0.786036
vt 0.256780 0.793603
vt 0.281488 0.819028
vt 0.086126 0.486620
vt 0.087785 0.487638
vt 0.088720 0.474032
vt 0.075761 0.572080
vt 0.075539 0.584238
vt 0.084144 0.589539
vt 0.084862 0.602502
vt 0.142474 0.689228
vt 0.149592 0.703314
vt 0.162178 0.698265
vt 0.140705 0.738414
vt 0.131377 0.739192
vt 0.146127 0.771209
vt 0.177370 0.902048
vt 0.193234 0.901970
vt 0.174381 0.869525
vt 0.921149 0.788375
vt 0.915547 0.796825
vt 0.912233 0.804289
vt 0.640260 0.013563
vt 0.625767 0.020878
vt 0.629178 0.040213
vt 0.623636 0.011370
vt 0.374492 0.016111
vt 0.352964 0.020000
vt 0.342210 0.036158
vt 0.313723 0.028293
vt 0.329062 0.029971
vt 0.332641 0.024008
vt 0.183214 0.140257
vt 0.172065 0.154574
vt 0.179990 0.160176
vt 0.097473 0.261185
vt 0.104161 0.254599
vt 0.105221 0.249139
vt 0.066154 0.316554
vt 0.072434 0.307019
vt 0.072758 0.303864
vt 0.053691 0.343722
vt 0.048136 0.357888
vt 0.017334 0.482711
vt 0.017363 0.488961
vt 0.023231 0.486101
vt 0.021095 0.506942
vt 0.026730 0.502262
vt 0.017997 0.499470
vt 0.019457 0.515319
vt 0.021298 0.529238
vt 0.026400 0.523382
vt 0.021040 0.530652
vt 0.022396 0.545956
vt 0.027719 0.546206
vt 0.074392 0.741760
vt 0.086482 0.760812
vt 0.098382 0.767187
vt 0.122319 0.819642
vt 0.134936 0.839760
vt 0.141374 0.837102
vt 0.232160 0.951056
vt 0.243064 0.954393
vt 0.229452 0.933918
vt 0.252178 0.957055
vt 0.265496 0.960910
vt 0.244566 0.931283
vt 0.272618 0.962901
vt 0.283625 0.959944
vt 0.259135 0.927077
vt 0.289444 0.967365
vt 0.307534 0.971688
vt 0.314477 0.973300
vt 0.298345 0.953701
vt 0.338919 0.978535
vt 0.339598 0.978247
vt 0.311962 0.946369
vt 0.340196 0.978751
vt 0.781370 0.935788
vt 0.779128 0.951357
vt 0.785237 0.947632
vt 0.717335 0.974631
vt 0.733621 0.970631
vt 0.735463 0.961828
vt 0.749378 0.965401
vt 0.736197 0.939787
vt 0.451031 0.991809
vt 0.451984 0.992538
vt 0.482291 0.994047
vt 0.417515 0.963576
vt 0.449990 0.992414
vt 0.450579 0.992454
vt 0.345873 0.979793
vt 0.367515 0.983259
vt 0.353135 0.968704
vt 0.388388 0.986513
vt 0.204420 0.937079
vt 0.205387 0.937779
vt 0.213239 0.935410
vt 0.214616 0.943611
vt 0.224464 0.948338
vt 0.196243 0.930341
vt 0.189094 0.922800
vt 0.183102 0.914469
vt 0.148120 0.859693
vt 0.150299 0.863091
vt 0.159361 0.869613
vt 0.171311 0.895929
vt 0.047959 0.664277
vt 0.037474 0.652168
vt 0.042968 0.670118
vt 0.040970 0.640577
vt 0.032588 0.629242
vt 0.036052 0.645888
vt 0.026154 0.579510
vt 0.026695 0.583780
vt 0.039815 0.587227
vt 0.035116 0.562224
vt 0.023961 0.561298
vt 0.030765 0.571027
vt 0.025003 0.569601
vt 0.018841 0.508882
vt 0.017827 0.466574
vt 0.023066 0.451792
vt 0.026737 0.435140
vt 0.019521 0.450819
vt 0.022438 0.435444
vt 0.036934 0.387447
vt 0.032191 0.401485
vt 0.035364 0.399396
vt 0.028742 0.412214
vt 0.032520 0.419585
vt 0.027613 0.415827
vt 0.023631 0.430788
vt 0.079412 0.290907
vt 0.080375 0.300896
vt 0.072994 0.317842
vt 0.059797 0.329839
vt 0.089755 0.273255
vt 0.082459 0.285524
vt 0.121491 0.224344
vt 0.131372 0.219235
vt 0.132136 0.209875
vt 0.141670 0.196297
vt 0.151588 0.182615
vt 0.145896 0.190245
vt 0.153868 0.189162
vt 0.142161 0.217085
vt 0.165349 0.188107
vt 0.213714 0.104666
vt 0.205025 0.110510
vt 0.193860 0.125552
vt 0.241277 0.061115
vt 0.236907 0.066624
vt 0.231483 0.076890
vt 0.216317 0.094883
vt 0.264057 0.043528
vt 0.255906 0.048434
vt 0.254899 0.049124
vt 0.247718 0.054775
vt 0.448081 0.007007
vt 0.434145 0.008088
vt 0.443553 0.018958
vt 0.422071 0.009144
vt 0.413350 0.044841
vt 0.452587 0.031402
vt 0.484816 0.006187
vt 0.475207 0.005522
vt 0.503332 0.004500
vt 0.493139 0.020234
vt 0.500462 0.034928
vt 0.546738 0.044575
vt 0.575964 0.006615
vt 0.541338 0.027859
vt 0.544490 0.005008
vt 0.534880 0.011554
vt 0.543054 0.004979
vt 0.587603 0.041258
vt 0.607332 0.009452
vt 0.583199 0.023147
vt 0.604840 0.009210
vt 0.578157 0.006788
vt 0.672367 0.060158
vt 0.708904 0.025740
vt 0.671138 0.040755
vt 0.671786 0.018544
vt 0.668861 0.020840
vt 0.668409 0.017977
vt 0.740046 0.033117
vt 0.713382 0.042701
vt 0.747485 0.035068
vt 0.713833 0.062982
vt 0.762869 0.040082
vt 0.777915 0.046419
vt 0.756253 0.046232
vt 0.784566 0.049647
vt 0.756148 0.067309
vt 0.798356 0.057456
vt 0.755494 0.088390
vt 0.811372 0.066445
vt 0.799558 0.072689
vt 0.823640 0.076442
vt 0.798408 0.094571
vt 0.835122 0.087436
vt 0.796784 0.116311
vt 0.847024 0.100175
vt 0.842891 0.101824
vt 0.855582 0.109734
vt 0.840863 0.124268
vt 0.835614 0.168284
vt 0.881620 0.141533
vt 0.838428 0.146414
vt 0.868953 0.125500
vt 0.862580 0.117890
vt 0.877691 0.200297
vt 0.904740 0.174540
vt 0.881104 0.178274
vt 0.893481 0.157783
vt 0.884212 0.155834
vt 0.874091 0.221937
vt 0.922067 0.203493
vt 0.912517 0.187076
vt 0.910161 0.297553
vt 0.952368 0.270931
vt 0.914084 0.276636
vt 0.945988 0.253690
vt 0.918009 0.255349
vt 0.938794 0.236673
vt 0.921849 0.233662
vt 0.930731 0.219911
vt 0.925476 0.211565
vt 0.906280 0.318134
vt 0.962230 0.303407
vt 0.957490 0.286762
vt 0.961175 0.311516
vt 0.957529 0.332540
vt 0.966175 0.320035
vt 0.969536 0.337123
vt 0.972581 0.354720
vt 0.954179 0.354466
vt 0.975307 0.373052
vt 0.951052 0.376208
vt 0.948203 0.397771
vt 0.978187 0.397527
vt 0.945656 0.419125
vt 0.980834 0.428958
vt 0.982666 0.491135
vt 0.939692 0.524262
vt 0.981952 0.521904
vt 0.940148 0.545292
vt 0.980275 0.552775
vt 0.941086 0.566419
vt 0.977525 0.583851
vt 0.942455 0.587690
vt 0.944287 0.609167
vt 0.973605 0.615059
vt 0.946443 0.630825
vt 0.968507 0.646479
vt 0.964774 0.666338
vt 0.948848 0.652755
vt 0.962750 0.676352
vt 0.951674 0.674899
vt 0.960669 0.685575
vt 0.954815 0.696240
vt 0.956338 0.702257
vt 0.912445 0.774220
vt 0.169381 0.836672
vt 0.188520 0.868586
vt 0.208405 0.900835
vt 0.155911 0.837312
vt 0.109762 0.799819
vt 0.125245 0.803495
vt 0.138828 0.804382
vt 0.151456 0.804320
vt 0.163120 0.803355
vt 0.181830 0.835166
vt 0.201721 0.866721
vt 0.222551 0.898636
vt 0.098232 0.780021
vt 0.111561 0.769587
vt 0.123905 0.771046
vt 0.135440 0.771573
vt 0.121635 0.739022
vt 0.111137 0.737987
vt 0.099861 0.736031
vt 0.087616 0.733093
vt 0.074665 0.728858
vt 0.065281 0.724543
vt 0.156330 0.769814
vt 0.174252 0.801289
vt 0.193727 0.832505
vt 0.214408 0.863579
vt 0.236151 0.895002
vt 0.149562 0.736821
vt 0.142041 0.721693
vt 0.133644 0.722888
vt 0.124805 0.723349
vt 0.115588 0.722886
vt 0.105677 0.721545
vt 0.095077 0.719236
vt 0.083740 0.715851
vt 0.071689 0.711232
vt 0.059120 0.705263
vt 0.056815 0.706225
vt 0.135164 0.706658
vt 0.127226 0.707517
vt 0.118897 0.707667
vt 0.110243 0.706921
vt 0.100984 0.705295
vt 0.091153 0.702699
vt 0.080698 0.699046
vt 0.069696 0.694227
vt 0.149907 0.719901
vt 0.142597 0.705269
vt 0.128875 0.691817
vt 0.121445 0.692359
vt 0.113665 0.692221
vt 0.105608 0.691225
vt 0.097037 0.689371
vt 0.087994 0.686576
vt 0.078446 0.682764
vt 0.170513 0.711689
vt 0.164162 0.714840
vt 0.172737 0.728815
vt 0.123245 0.677223
vt 0.116320 0.677465
vt 0.109095 0.677070
vt 0.101647 0.675870
vt 0.093770 0.673849
vt 0.085516 0.670933
vt 0.021969 0.469011
vt 0.036042 0.480161
vt 0.035411 0.466889
vt 0.028384 0.598359
vt 0.031106 0.608839
vt 0.035622 0.597869
vt 0.041281 0.606166
vt 0.050416 0.601766
vt 0.031527 0.517398
vt 0.032461 0.497580
vt 0.036628 0.511383
vt 0.038333 0.493014
vt 0.049200 0.474582
vt 0.048857 0.464963
vt 0.050510 0.484078
vt 0.076143 0.461733
vt 0.076217 0.464714
vt 0.062446 0.463246
vt 0.062630 0.469443
vt 0.063385 0.475599
vt 0.077155 0.470672
vt 0.064686 0.481648
vt 0.063109 0.517899
vt 0.059230 0.510324
vt 0.059627 0.527809
vt 0.054994 0.519072
vt 0.056391 0.537641
vt 0.050993 0.527766
vt 0.053320 0.547385
vt 0.047151 0.536386
vt 0.050282 0.557085
vt 0.043350 0.544931
vt 0.047050 0.566913
vt 0.039362 0.553520
vt 0.043569 0.576958
vt 0.068504 0.493008
vt 0.070950 0.498139
vt 0.080017 0.478953
vt 0.081325 0.481324
vt 0.067524 0.524675
vt 0.064869 0.535589
vt 0.062472 0.546404
vt 0.060255 0.557125
vt 0.058084 0.567834
vt 0.055749 0.578761
vt 0.053198 0.590048
vt 0.030388 0.613334
vt 0.037285 0.618197
vt 0.044193 0.626832
vt 0.047396 0.613980
vt 0.054006 0.621049
vt 0.062380 0.613989
vt 0.049665 0.648988
vt 0.051766 0.634600
vt 0.059704 0.641382
vt 0.060939 0.627385
vt 0.068066 0.632805
vt 0.074817 0.623413
vt 0.058752 0.656149
vt 0.067794 0.647154
vt 0.075208 0.637400
vt 0.080518 0.613169
vt 0.085934 0.615913
vt 0.081128 0.626967
vt 0.063905 0.601104
vt 0.065349 0.588780
vt 0.066656 0.576951
vt 0.067867 0.565412
vt 0.069160 0.553890
vt 0.074991 0.609771
vt 0.075307 0.596725
vt 0.049149 0.679324
vt 0.058263 0.671701
vt 0.067886 0.662153
vt 0.075819 0.651945
vt 0.082199 0.641148
vt 0.087214 0.629809
vt 0.091186 0.618052
vt 0.094163 0.606061
vt 0.049222 0.688058
vt 0.058300 0.688117
vt 0.068478 0.677843
vt 0.076859 0.667058
vt 0.083619 0.655796
vt 0.088953 0.644085
vt 0.093123 0.631959
vt 0.096301 0.619547
vt 0.106191 0.621031
vt 0.084474 0.485214
vt 0.087093 0.472781
vt 0.082851 0.483432
vt 0.089400 0.488312
vt 0.073766 0.502769
vt 0.076966 0.506845
vt 0.079795 0.495103
vt 0.080313 0.510230
vt 0.082252 0.497699
vt 0.083688 0.512847
vt 0.084750 0.499731
vt 0.087035 0.514682
vt 0.087244 0.501183
vt 0.090277 0.515833
vt 0.089669 0.502120
vt 0.093370 0.516452
vt 0.091993 0.502652
vt 0.096267 0.516643
vt 0.096210 0.502748
vt 0.066390 0.487492
vt 0.078903 0.476357
vt 0.041855 0.505318
vt 0.047187 0.499225
vt 0.052773 0.493243
vt 0.233369 0.768143
vt 0.239387 0.761568
vt 0.244940 0.754651
vt 0.382173 0.690885
vt 0.355484 0.679916
vt 0.381798 0.703659
vt 0.354852 0.691878
vt 0.381158 0.716395
vt 0.353969 0.703770
vt 0.380242 0.729058
vt 0.352826 0.715556
vt 0.379037 0.741609
vt 0.351413 0.727200
vt 0.377531 0.754011
vt 0.349720 0.738667
vt 0.375686 0.766261
vt 0.347714 0.749955
vt 0.373468 0.778353
vt 0.345362 0.761061
vt 0.370846 0.790259
vt 0.342639 0.771961
vt 0.367790 0.801944
vt 0.339518 0.782624
vt 0.364066 0.813672
vt 0.335780 0.793291
vt 0.359589 0.825529
vt 0.331350 0.804050
vt 0.354490 0.837207
vt 0.326350 0.814627
vt 0.348707 0.848650
vt 0.320723 0.824974
vt 0.342222 0.859747
vt 0.314462 0.834987
vt 0.335002 0.870413
vt 0.307538 0.844584
vt 0.330029 0.668981
vt 0.329153 0.680131
vt 0.328039 0.691180
vt 0.326681 0.702093
vt 0.325073 0.712836
vt 0.323208 0.723375
vt 0.321056 0.733710
vt 0.318586 0.743841
vt 0.315777 0.753748
vt 0.312605 0.763407
vt 0.308868 0.773032
vt 0.304497 0.782715
vt 0.299606 0.792216
vt 0.294145 0.801497
vt 0.288112 0.810460
vt 0.305737 0.658008
vt 0.304628 0.668344
vt 0.303297 0.678548
vt 0.301739 0.688588
vt 0.299951 0.698433
vt 0.297929 0.708048
vt 0.295645 0.717438
vt 0.293073 0.726603
vt 0.290193 0.735529
vt 0.286986 0.744195
vt 0.283266 0.752796
vt 0.278969 0.761421
vt 0.274203 0.769867
vt 0.268914 0.778097
vt 0.282538 0.646928
vt 0.281212 0.656443
vt 0.279679 0.665797
vt 0.277936 0.674962
vt 0.275984 0.683906
vt 0.273820 0.692599
vt 0.271421 0.701046
vt 0.268762 0.709251
vt 0.265827 0.717201
vt 0.262599 0.724878
vt 0.258906 0.732465
vt 0.254687 0.740048
vt 0.211447 0.742518
vt 0.201094 0.729750
vt 0.191255 0.717037
vt 0.235894 0.711961
vt 0.225015 0.701645
vt 0.239531 0.705383
vt 0.228623 0.695510
vt 0.242734 0.698717
vt 0.218023 0.685821
vt 0.220965 0.707703
vt 0.201596 0.707486
vt 0.181899 0.704390
vt 0.210555 0.696936
vt 0.191906 0.695757
vt 0.173101 0.691779
vt 0.154443 0.684896
vt 0.136009 0.675221
vt 0.118209 0.662842
vt 0.111799 0.662835
vt 0.105136 0.662232
vt 0.098295 0.660880
vt 0.091106 0.658757
vt 0.214503 0.691401
vt 0.200610 0.686170
vt 0.182732 0.684058
vt 0.164847 0.679240
vt 0.147279 0.671634
vt 0.130105 0.661411
vt 0.113720 0.648682
vt 0.107827 0.648468
vt 0.101722 0.647704
vt 0.095480 0.646252
vt 0.211092 0.670687
vt 0.221208 0.680055
vt 0.214024 0.665099
vt 0.224162 0.674012
vt 0.216750 0.659235
vt 0.207949 0.675995
vt 0.191171 0.675404
vt 0.174077 0.672393
vt 0.157134 0.666770
vt 0.140662 0.658494
vt 0.124730 0.647757
vt 0.109733 0.634734
vt 0.104352 0.634366
vt 0.098810 0.633457
vt 0.195004 0.647092
vt 0.189165 0.656245
vt 0.201418 0.661272
vt 0.204304 0.656128
vt 0.198337 0.666133
vt 0.182216 0.664635
vt 0.165935 0.660752
vt 0.149946 0.654360
vt 0.134561 0.645445
vt 0.119851 0.634236
vt 0.260415 0.635683
vt 0.258894 0.644367
vt 0.257181 0.652865
vt 0.255279 0.661149
vt 0.253188 0.669190
vt 0.250909 0.676962
vt 0.248420 0.684470
vt 0.245699 0.691724
vt 0.209515 0.645003
vt 0.214099 0.632705
vt 0.231785 0.654247
vt 0.233972 0.647096
vt 0.223852 0.639950
vt 0.235986 0.639681
vt 0.227795 0.625729
vt 0.237834 0.632033
vt 0.239506 0.624168
vt 0.231084 0.610611
vt 0.240999 0.616101
vt 0.253510 0.604157
vt 0.243457 0.599552
vt 0.264596 0.599564
vt 0.244425 0.591072
vt 0.265929 0.533701
vt 0.247190 0.529441
vt 0.256270 0.550121
vt 0.246824 0.547409
vt 0.246302 0.565057
vt 0.235612 0.578448
vt 0.236886 0.561670
vt 0.237594 0.544622
vt 0.229268 0.524942
vt 0.218105 0.619299
vt 0.221483 0.604978
vt 0.233693 0.594798
vt 0.224211 0.589920
vt 0.226269 0.574284
vt 0.227701 0.558173
vt 0.228578 0.541740
vt 0.212090 0.520097
vt 0.155170 0.552189
vt 0.145404 0.551830
vt 0.152211 0.560371
vt 0.142334 0.558506
vt 0.148913 0.567720
vt 0.138989 0.564302
vt 0.145316 0.574121
vt 0.135350 0.569167
vt 0.141402 0.579524
vt 0.131389 0.573130
vt 0.137132 0.583962
vt 0.126990 0.576307
vt 0.132356 0.587578
vt 0.122097 0.578866
vt 0.127012 0.590554
vt 0.116802 0.580789
vt 0.121202 0.592850
vt 0.111118 0.581953
vt 0.114939 0.594325
vt 0.104881 0.582312
vt 0.108027 0.594924
vt 0.098110 0.581790
vt 0.100482 0.594545
vt 0.090930 0.580143
vt 0.092460 0.592900
vt 0.083475 0.576982
vt 0.076112 0.559955
vt 0.082958 0.564461
vt 0.089598 0.567416
vt 0.095987 0.569030
vt 0.102022 0.569643
vt 0.107603 0.569468
vt 0.112713 0.568557
vt 0.117491 0.566953
vt 0.121923 0.564762
vt 0.125929 0.561985
vt 0.129559 0.558471
vt 0.132899 0.554128
vt 0.135970 0.548931
vt 0.098958 0.516423
vt 0.101503 0.515813
vt 0.099961 0.501661
vt 0.103890 0.514867
vt 0.106080 0.513564
vt 0.103198 0.499420
vt 0.126973 0.543558
vt 0.123957 0.547378
vt 0.120683 0.550450
vt 0.117092 0.552847
vt 0.113139 0.554700
vt 0.108889 0.556021
vt 0.104357 0.556717
vt 0.099429 0.556752
vt 0.094117 0.556086
vt 0.088505 0.554535
vt 0.082672 0.551806
vt 0.076689 0.547716
vt 0.070655 0.542268
vt 0.072424 0.530524
vt 0.077552 0.535326
vt 0.082670 0.538968
vt 0.087688 0.541440
vt 0.092523 0.542896
vt 0.097109 0.543582
vt 0.101377 0.543653
vt 0.105317 0.543141
vt 0.109022 0.542078
vt 0.112477 0.540541
vt 0.115629 0.538514
vt 0.118519 0.535886
vt 0.108113 0.511833
vt 0.109997 0.509640
vt 0.106007 0.495769
vt 0.158292 0.649119
vt 0.173746 0.653847
vt 0.165747 0.643017
vt 0.180460 0.646296
vt 0.172196 0.636256
vt 0.186155 0.637940
vt 0.177715 0.628663
vt 0.191216 0.628447
vt 0.182649 0.619940
vt 0.195729 0.617775
vt 0.187079 0.610044
vt 0.199738 0.605979
vt 0.191044 0.599028
vt 0.203198 0.593229
vt 0.194498 0.587051
vt 0.206071 0.579685
vt 0.197398 0.574269
vt 0.208329 0.565497
vt 0.199714 0.560820
vt 0.210006 0.550762
vt 0.201473 0.546799
vt 0.143256 0.641979
vt 0.151124 0.637458
vt 0.158197 0.632104
vt 0.164354 0.626084
vt 0.169669 0.619213
vt 0.174450 0.611227
vt 0.178767 0.602083
vt 0.182659 0.591832
vt 0.186076 0.580625
vt 0.188974 0.568608
vt 0.191320 0.555913
vt 0.193136 0.542631
vt 0.128946 0.632458
vt 0.137037 0.629595
vt 0.144408 0.625733
vt 0.151074 0.621072
vt 0.156915 0.615742
vt 0.162002 0.609553
vt 0.166604 0.602272
vt 0.170784 0.593857
vt 0.174574 0.584359
vt 0.177925 0.573920
vt 0.180793 0.562677
vt 0.183140 0.550754
vt 0.184988 0.538237
vt 0.200167 0.636790
vt 0.204733 0.625317
vt 0.208755 0.612725
vt 0.212190 0.599193
vt 0.215005 0.584892
vt 0.217178 0.569975
vt 0.218742 0.554546
vt 0.211160 0.535632
vt 0.202727 0.532358
vt 0.194472 0.528907
vt 0.115449 0.620895
vt 0.123810 0.619581
vt 0.131291 0.617253
vt 0.138148 0.613983
vt 0.144388 0.609953
vt 0.149891 0.605258
vt 0.154727 0.599705
vt 0.159125 0.593093
vt 0.163139 0.585382
vt 0.166798 0.576621
vt 0.170054 0.566944
vt 0.172859 0.556479
vt 0.175178 0.545342
vt 0.165176 0.550017
vt 0.162466 0.559702
vt 0.159342 0.568626
vt 0.155846 0.576670
vt 0.152026 0.583709
vt 0.147857 0.589694
vt 0.143295 0.594661
vt 0.138149 0.598784
vt 0.132352 0.602251
vt 0.126018 0.604997
vt 0.119150 0.606863
vt 0.111522 0.607785
vt 0.103139 0.607630
vt 0.195580 0.514764
vt 0.186378 0.525266
vt 0.177028 0.533615
vt 0.167432 0.539678
vt 0.157745 0.543284
vt 0.148160 0.544380
vt 0.138787 0.542930
vt 0.187544 0.511881
vt 0.196700 0.500469
vt 0.180829 0.496057
vt 0.169252 0.528764
vt 0.178447 0.521432
vt 0.170671 0.517401
vt 0.179650 0.508838
vt 0.171879 0.505644
vt 0.159903 0.533754
vt 0.161657 0.523676
vt 0.163039 0.513166
vt 0.164231 0.502277
vt 0.165379 0.491192
vt 0.150179 0.485860
vt 0.140762 0.499149
vt 0.148124 0.504038
vt 0.139645 0.506864
vt 0.146905 0.512726
vt 0.138260 0.514253
vt 0.145382 0.521048
vt 0.136577 0.521223
vt 0.143525 0.528902
vt 0.134579 0.527717
vt 0.141317 0.536223
vt 0.132293 0.533660
vt 0.125898 0.524034
vt 0.127925 0.518881
vt 0.129699 0.513245
vt 0.131197 0.507189
vt 0.132435 0.500767
vt 0.111750 0.506973
vt 0.113357 0.503862
vt 0.114823 0.500362
vt 0.090954 0.488710
vt 0.093786 0.488842
vt 0.096321 0.488165
vt 0.098529 0.486691
vt 0.100464 0.484251
vt 0.102127 0.480882
vt 0.121197 0.464039
vt 0.120045 0.473812
vt 0.118811 0.483413
vt 0.150563 0.536257
vt 0.152582 0.527553
vt 0.154231 0.518335
vt 0.155537 0.508714
vt 0.157752 0.488598
vt 0.166473 0.480057
vt 0.352950 0.450439
vt 0.354548 0.439481
vt 0.332363 0.439855
vt 0.334003 0.429289
vt 0.314382 0.419882
vt 0.293924 0.421145
vt 0.291066 0.440506
vt 0.311221 0.440187
vt 0.309840 0.450269
vt 0.330866 0.450365
vt 0.351579 0.461352
vt 0.329572 0.460842
vt 0.308644 0.460313
vt 0.288682 0.459766
vt 0.297093 0.401755
vt 0.372222 0.114053
vt 0.345558 0.136142
vt 0.378304 0.124313
vt 0.351319 0.145398
vt 0.383671 0.134968
vt 0.356438 0.155029
vt 0.388353 0.145936
vt 0.360940 0.164959
vt 0.392369 0.157113
vt 0.364836 0.175091
vt 0.395777 0.168449
vt 0.368177 0.185383
vt 0.398473 0.179644
vt 0.370866 0.195569
vt 0.400527 0.190780
vt 0.403337 0.213626
vt 0.402139 0.202118
vt 0.374660 0.216111
vt 0.372967 0.205732
vt 0.346627 0.220474
vt 0.344488 0.211258
vt 0.319248 0.226800
vt 0.316592 0.218552
vt 0.292415 0.234974
vt 0.289288 0.227638
vt 0.320118 0.157770
vt 0.295802 0.179067
vt 0.325567 0.166068
vt 0.300954 0.186443
vt 0.330444 0.174718
vt 0.305599 0.194145
vt 0.334767 0.183649
vt 0.309754 0.202109
vt 0.338541 0.192773
vt 0.313399 0.210257
vt 0.341812 0.202053
vt 0.269621 0.459229
vt 0.271808 0.440855
vt 0.274345 0.422422
vt 0.277106 0.404040
vt 0.278438 0.395009
vt 0.255594 0.423787
vt 0.267420 0.405210
vt 0.257947 0.406430
vt 0.269752 0.387700
vt 0.262025 0.364520
vt 0.282266 0.359218
vt 0.272413 0.353385
vt 0.253355 0.441258
vt 0.251364 0.458714
vt 0.237570 0.425356
vt 0.220187 0.427236
vt 0.235618 0.441794
vt 0.218502 0.442540
vt 0.233824 0.458268
vt 0.216893 0.457917
vt 0.248670 0.407726
vt 0.260057 0.389467
vt 0.271453 0.370389
vt 0.221872 0.412155
vt 0.230644 0.410569
vt 0.239573 0.409095
vt 0.250574 0.391313
vt 0.261540 0.372746
vt 0.352174 0.269631
vt 0.327570 0.279824
vt 0.326900 0.270454
vt 0.303140 0.281504
vt 0.302071 0.273208
vt 0.279181 0.285180
vt 0.277756 0.277982
vt 0.255982 0.290883
vt 0.404565 0.261055
vt 0.404739 0.249011
vt 0.377868 0.259385
vt 0.377547 0.248315
vt 0.351674 0.259416
vt 0.350894 0.249394
vt 0.325971 0.261299
vt 0.324762 0.252354
vt 0.300746 0.265141
vt 0.299144 0.257292
vt 0.276083 0.271024
vt 0.274151 0.264296
vt 0.263072 0.271613
vt 0.260866 0.265559
vt 0.250132 0.273290
vt 0.247591 0.267781
vt 0.404604 0.237074
vt 0.404147 0.225279
vt 0.376924 0.237413
vt 0.375972 0.226678
vt 0.349809 0.239561
vt 0.348393 0.229916
vt 0.323249 0.243613
vt 0.321417 0.235090
vt 0.297251 0.249670
vt 0.295054 0.242289
vt 0.271947 0.257809
vt 0.269349 0.251412
vt 0.258290 0.259610
vt 0.255304 0.253678
vt 0.244659 0.262298
vt 0.237816 0.251761
vt 0.250413 0.221249
vt 0.254978 0.226843
vt 0.259139 0.232721
vt 0.266316 0.245017
vt 0.272538 0.200190
vt 0.277391 0.206665
vt 0.281795 0.213440
vt 0.252247 0.344301
vt 0.262282 0.340505
vt 0.261982 0.332786
vt 0.251292 0.329768
vt 0.282118 0.308244
vt 0.281353 0.300320
vt 0.259873 0.310756
vt 0.258776 0.303870
vt 0.248446 0.309572
vt 0.247126 0.303351
vt 0.237075 0.309508
vt 0.249580 0.316061
vt 0.239584 0.321445
vt 0.241388 0.334402
vt 0.229887 0.326942
vt 0.231754 0.339160
vt 0.220470 0.332572
vt 0.222376 0.344070
vt 0.303972 0.290033
vt 0.280374 0.292624
vt 0.257484 0.297249
vt 0.245608 0.297395
vt 0.233826 0.298632
vt 0.224107 0.305620
vt 0.307333 0.142391
vt 0.314058 0.149867
vt 0.339115 0.127312
vt 0.283816 0.165430
vt 0.290107 0.172055
vt 0.261333 0.188255
vt 0.267203 0.194047
vt 0.196359 0.132314
vt 0.227016 0.105559
vt 0.259015 0.079619
vt 0.292705 0.054161
vt 0.305662 0.058512
vt 0.271541 0.082317
vt 0.239555 0.107200
vt 0.208985 0.132962
vt 0.186102 0.188469
vt 0.195508 0.189815
vt 0.212991 0.163130
vt 0.222608 0.165784
vt 0.242039 0.139578
vt 0.251818 0.143553
vt 0.272916 0.117684
vt 0.282669 0.122926
vt 0.305438 0.097167
vt 0.315123 0.103802
vt 0.220005 0.233421
vt 0.225037 0.237587
vt 0.235031 0.226821
vt 0.231657 0.169203
vt 0.212628 0.194785
vt 0.204330 0.191949
vt 0.195738 0.204945
vt 0.187385 0.203072
vt 0.179561 0.216154
vt 0.162206 0.215211
vt 0.171233 0.215373
vt 0.210613 0.244492
vt 0.219840 0.252302
vt 0.201626 0.255386
vt 0.205380 0.240962
vt 0.191232 0.249393
vt 0.183197 0.260800
vt 0.113291 0.236892
vt 0.100428 0.266203
vt 0.203344 0.429545
vt 0.195088 0.430897
vt 0.201902 0.443574
vt 0.193760 0.444224
vt 0.200471 0.457700
vt 0.184445 0.457655
vt 0.213247 0.413884
vt 0.177713 0.445802
vt 0.185704 0.444966
vt 0.178861 0.434016
vt 0.186929 0.432387
vt 0.168706 0.457783
vt 0.169791 0.446741
vt 0.171761 0.425110
vt 0.161894 0.447776
vt 0.163716 0.427934
vt 0.204747 0.415766
vt 0.196362 0.417827
vt 0.188079 0.420067
vt 0.179886 0.422491
vt 0.153980 0.448937
vt 0.211312 0.338370
vt 0.213233 0.349165
vt 0.202386 0.344377
vt 0.204302 0.354481
vt 0.193668 0.350628
vt 0.195560 0.360054
vt 0.185161 0.357124
vt 0.187008 0.365884
vt 0.176868 0.363869
vt 0.178649 0.371977
vt 0.199909 0.335282
vt 0.191249 0.342187
vt 0.188271 0.334760
vt 0.179951 0.342490
vt 0.176524 0.336583
vt 0.168626 0.345037
vt 0.164707 0.340340
vt 0.157330 0.349442
vt 0.153043 0.345701
vt 0.146249 0.355396
vt 0.141804 0.352568
vt 0.135524 0.362955
vt 0.138126 0.451489
vt 0.152119 0.467357
vt 0.167573 0.468909
vt 0.183204 0.470425
vt 0.199113 0.471902
vt 0.215438 0.473353
vt 0.232282 0.474781
vt 0.249744 0.476193
vt 0.155666 0.430972
vt 0.147589 0.434186
vt 0.139473 0.437580
vt 0.123108 0.444732
vt 0.251857 0.375193
vt 0.242385 0.377746
vt 0.241288 0.393255
vt 0.233125 0.380439
vt 0.232187 0.395321
vt 0.224050 0.383283
vt 0.223258 0.397524
vt 0.215147 0.386307
vt 0.214484 0.399889
vt 0.206395 0.389539
vt 0.205848 0.402441
vt 0.197779 0.393006
vt 0.197334 0.405201
vt 0.189296 0.396710
vt 0.188937 0.408175
vt 0.180937 0.400660
vt 0.180647 0.411368
vt 0.172696 0.404867
vt 0.172451 0.414792
vt 0.164557 0.409356
vt 0.164336 0.418463
vt 0.156430 0.414138
vt 0.156229 0.422388
vt 0.148273 0.419192
vt 0.148093 0.426544
vt 0.140069 0.424495
vt 0.139917 0.430905
vt 0.131808 0.430008
vt 0.122986 0.427556
vt 0.131653 0.424849
vt 0.131190 0.419987
vt 0.139898 0.418400
vt 0.139382 0.412668
vt 0.148086 0.412208
vt 0.147510 0.405639
vt 0.156224 0.406303
vt 0.155589 0.398936
vt 0.164331 0.400709
vt 0.163636 0.392577
vt 0.172456 0.395440
vt 0.171711 0.386571
vt 0.180708 0.390476
vt 0.179938 0.380882
vt 0.189101 0.385788
vt 0.188331 0.375477
vt 0.197641 0.381361
vt 0.196893 0.370339
vt 0.206330 0.377188
vt 0.205625 0.365462
vt 0.215172 0.373266
vt 0.214528 0.360843
vt 0.224183 0.369566
vt 0.223620 0.356450
vt 0.233386 0.366056
vt 0.232926 0.352249
vt 0.242799 0.362708
vt 0.242464 0.348209
vt 0.252438 0.359495
vt 0.262307 0.356392
vt 0.272585 0.336808
vt 0.283005 0.324674
vt 0.135077 0.480017
vt 0.136662 0.465732
vt 0.122213 0.454287
vt 0.106636 0.452362
vt 0.106788 0.447704
vt 0.032502 0.538913
vt 0.037095 0.531626
vt 0.041568 0.524317
vt 0.046118 0.516922
vt 0.050813 0.509481
vt 0.055729 0.502036
vt 0.063693 0.501595
vt 0.066860 0.507987
vt 0.070475 0.513716
vt 0.074513 0.518698
vt 0.078748 0.522810
vt 0.082997 0.525960
vt 0.087187 0.528135
vt 0.091234 0.529459
vt 0.095082 0.530129
vt 0.098674 0.530276
vt 0.102001 0.529923
vt 0.105139 0.529097
vt 0.108073 0.527862
vt 0.110759 0.526200
vt 0.113234 0.524018
vt 0.115526 0.521273
vt 0.117641 0.517949
vt 0.119586 0.514085
vt 0.121339 0.509747
vt 0.122875 0.504995
vt 0.124174 0.499886
vt 0.133436 0.494046
vt 0.137356 0.402536
vt 0.138530 0.407355
vt 0.146558 0.399555
vt 0.182818 0.349316
vt 0.174623 0.356672
vt 0.171885 0.350413
vt 0.164077 0.358549
vt 0.161002 0.353663
vt 0.153633 0.362511
vt 0.150219 0.358719
vt 0.143224 0.368356
vt 0.139587 0.365423
vt 0.132996 0.375886
vt 0.129336 0.373760
vt 0.123236 0.385015
vt 0.113658 0.409932
vt 0.115712 0.411352
vt 0.122505 0.399973
vt 0.124679 0.402119
vt 0.131893 0.391551
vt 0.134050 0.394628
vt 0.141541 0.384962
vt 0.143578 0.389158
vt 0.151258 0.380451
vt 0.153090 0.385921
vt 0.160915 0.378210
vt 0.162490 0.385046
vt 0.170481 0.378352
vt 0.168791 0.370884
vt 0.166665 0.364273
vt 0.158929 0.372166
vt 0.156509 0.366947
vt 0.149021 0.375735
vt 0.146363 0.371740
vt 0.139122 0.381418
vt 0.136278 0.378438
vt 0.129371 0.388983
vt 0.126467 0.386806
vt 0.120011 0.398173
vt 0.117240 0.396711
vt 0.111385 0.408792
vt 0.129423 0.411398
vt 0.128127 0.407798
vt 0.120369 0.417645
vt 0.119056 0.415153
vt 0.111651 0.425901
vt 0.121461 0.420561
vt 0.113543 0.430028
vt 0.114721 0.435365
vt 0.130449 0.415485
vt 0.102554 0.435150
vt 0.104341 0.437071
vt 0.105647 0.439861
vt 0.109053 0.423040
vt 0.117503 0.413068
vt 0.126547 0.404711
vt 0.135868 0.398282
vt 0.145243 0.394034
vt 0.154538 0.392113
vt 0.105721 0.421165
vt 0.141390 0.302445
vt 0.146144 0.303143
vt 0.152091 0.291714
vt 0.161477 0.294373
vt 0.168377 0.283296
vt 0.177147 0.287482
vt 0.184927 0.276886
vt 0.192908 0.282591
vt 0.201489 0.272576
vt 0.208764 0.279912
vt 0.218050 0.270584
vt 0.224497 0.279435
vt 0.234379 0.270883
vt 0.239748 0.281008
vt 0.220317 0.198168
vt 0.203631 0.207480
vt 0.187524 0.217781
vt 0.172239 0.229089
vt 0.164367 0.228462
vt 0.157931 0.241349
vt 0.149962 0.241532
vt 0.144470 0.254324
vt 0.136554 0.255297
vt 0.131987 0.267877
vt 0.124163 0.269560
vt 0.120480 0.281916
vt 0.112829 0.284259
vt 0.109995 0.296330
vt 0.102710 0.299314
vt 0.100541 0.311029
vt 0.254870 0.182824
vt 0.233995 0.206343
vt 0.227448 0.202051
vt 0.217784 0.214074
vt 0.210967 0.210538
vt 0.202016 0.222781
vt 0.195033 0.220033
vt 0.186860 0.232438
vt 0.179754 0.230467
vt 0.172415 0.242951
vt 0.165339 0.241798
vt 0.158854 0.254287
vt 0.151913 0.254002
vt 0.146278 0.266389
vt 0.139345 0.266825
vt 0.134540 0.279084
vt 0.127719 0.280201
vt 0.123712 0.292323
vt 0.117040 0.294053
vt 0.113660 0.305837
vt 0.227732 0.261202
vt 0.210460 0.262486
vt 0.193077 0.266191
vt 0.175605 0.272124
vt 0.164869 0.268523
vt 0.158318 0.280181
vt 0.152810 0.279151
vt 0.146966 0.290872
vt 0.141585 0.290441
vt 0.136403 0.302144
vt 0.131209 0.302322
vt 0.126686 0.314013
vt 0.121612 0.314724
vt 0.117688 0.326270
vt 0.155866 0.228482
vt 0.146784 0.229201
vt 0.141468 0.242393
vt 0.132407 0.243948
vt 0.128126 0.256936
vt 0.119227 0.259278
vt 0.115897 0.271903
vt 0.107267 0.274949
vt 0.104874 0.287279
vt 0.096662 0.291030
vt 0.095211 0.302894
vt 0.087766 0.307227
vt 0.086982 0.318579
vt 0.241925 0.286223
vt 0.229743 0.288745
vt 0.214989 0.287971
vt 0.199857 0.289202
vt 0.184693 0.292551
vt 0.169698 0.298022
vt 0.154867 0.305392
vt 0.048399 0.416741
vt 0.054704 0.405911
vt 0.051206 0.398901
vt 0.059028 0.387835
vt 0.056591 0.379801
vt 0.065823 0.368805
vt 0.064251 0.359730
vt 0.074851 0.349237
vt 0.074253 0.339069
vt 0.086407 0.329730
vt 0.294922 0.091303
vt 0.262377 0.113183
vt 0.231664 0.136448
vt 0.202829 0.161408
vt 0.176111 0.187918
vt 0.152534 0.215772
vt 0.137074 0.230635
vt 0.122831 0.246242
vt 0.109957 0.262361
vt 0.080327 0.312170
vt 0.054067 0.371748
vt 0.047795 0.391944
vt 0.043993 0.410966
vt 0.047283 0.360057
vt 0.042183 0.373857
vt 0.039681 0.405199
vt 0.037733 0.424002
vt 0.032853 0.437980
vt 0.029757 0.452733
vt 0.080598 0.419757
vt 0.084419 0.415981
vt 0.083846 0.404822
vt 0.088810 0.401067
vt 0.089611 0.389420
vt 0.095536 0.386110
vt 0.097612 0.374315
vt 0.104109 0.371889
vt 0.107278 0.360229
vt 0.114051 0.359010
vt 0.118125 0.347661
vt 0.125011 0.347737
vt 0.129908 0.336731
vt 0.136766 0.337962
vt 0.142508 0.327178
vt 0.149129 0.329485
vt 0.155686 0.319039
vt 0.161917 0.322469
vt 0.169214 0.312476
vt 0.175125 0.317175
vt 0.183072 0.307791
vt 0.188543 0.313723
vt 0.197042 0.305078
vt 0.201814 0.312155
vt 0.210793 0.304288
vt 0.214727 0.312698
vt 0.227352 0.315751
vt 0.131022 0.361043
vt 0.125289 0.372145
vt 0.119671 0.383681
vt 0.114190 0.395647
vt 0.108887 0.407985
vt 0.120736 0.371044
vt 0.115674 0.382812
vt 0.110782 0.394989
vt 0.106105 0.407518
vt 0.101685 0.420306
vt 0.100271 0.433919
vt 0.096170 0.447637
vt 0.111245 0.382434
vt 0.107017 0.394759
vt 0.103040 0.407406
vt 0.099351 0.420285
vt 0.097517 0.433397
vt 0.095012 0.447032
vt 0.102916 0.395090
vt 0.099713 0.407759
vt 0.096825 0.420624
vt 0.094225 0.433698
vt 0.093620 0.446797
vt 0.217933 0.322105
vt 0.208795 0.328601
vt 0.205647 0.319884
vt 0.196838 0.327225
vt 0.193125 0.320139
vt 0.184693 0.328283
vt 0.180318 0.322486
vt 0.172369 0.331360
vt 0.167468 0.326624
vt 0.160108 0.336127
vt 0.154924 0.332466
vt 0.148229 0.342482
vt 0.142867 0.339905
vt 0.136868 0.350340
vt 0.131273 0.348710
vt 0.125939 0.359691
vt 0.120271 0.358942
vt 0.115675 0.370494
vt 0.110133 0.370679
vt 0.106407 0.382709
vt 0.101160 0.383878
vt 0.098482 0.396181
vt 0.093757 0.398171
vt 0.092329 0.410430
vt 0.088371 0.412861
vt 0.088305 0.424697
vt 0.085376 0.427108
vt 0.086557 0.438266
vt 0.096126 0.408731
vt 0.094114 0.421434
vt 0.092399 0.434291
vt 0.091968 0.446986
vt 0.091261 0.422794
vt 0.090488 0.435257
vt 0.090106 0.447809
vt 0.067022 0.412418
vt 0.072370 0.405368
vt 0.070468 0.396066
vt 0.076945 0.388928
vt 0.076278 0.378885
vt 0.084087 0.372151
vt 0.084625 0.361624
vt 0.093641 0.355813
vt 0.095306 0.344947
vt 0.105075 0.340449
vt 0.107769 0.329199
vt 0.116247 0.315891
vt 0.125694 0.302976
vt 0.135979 0.290541
vt 0.147019 0.278565
vt 0.158971 0.267286
vt 0.171780 0.256705
vt 0.185383 0.246809
vt 0.199670 0.237753
vt 0.214510 0.229542
vt 0.229792 0.222255
vt 0.245430 0.215961
vt 0.239977 0.210990
vt 0.224054 0.217996
vt 0.208518 0.225980
vt 0.193486 0.234882
vt 0.179117 0.244658
vt 0.165490 0.255236
vt 0.152762 0.266529
vt 0.140981 0.278553
vt 0.130016 0.291155
vt 0.119854 0.304140
vt 0.110614 0.317615
vt 0.098718 0.322597
vt 0.096986 0.333919
vt 0.085842 0.340591
vt 0.085252 0.351187
vt 0.075360 0.359180
vt 0.075784 0.368991
vt 0.067280 0.377797
vt 0.068794 0.386874
vt 0.061533 0.395956
vt 0.064176 0.404156
vt 0.058304 0.412966
vt 0.062134 0.420039
vt 0.114099 0.337647
vt 0.102440 0.351561
vt 0.092085 0.366787
vt 0.083735 0.382863
vt 0.077853 0.399120
vt 0.074546 0.414717
vt 0.068006 0.439441
vt 0.070741 0.433988
vt 0.065732 0.445166
vt 0.057899 0.428239
vt 0.054201 0.436941
vt 0.043050 0.428383
vt 0.084749 0.440227
vt 0.243874 0.291686
vt 0.231892 0.293564
vt 0.220091 0.296497
vt 0.205846 0.296509
vt 0.191305 0.298480
vt 0.176807 0.302498
vt 0.162545 0.308547
vt 0.148538 0.316329
vt 0.135029 0.325636
vt 0.122344 0.336481
vt 0.110622 0.348863
vt 0.099931 0.362807
vt 0.090722 0.377983
vt 0.083636 0.393766
vt 0.079052 0.409414
vt 0.077086 0.424047
vt 0.073815 0.428835
vt 0.076877 0.455869
vt 0.064005 0.451078
vt 0.051385 0.446033
vt 0.038996 0.440735
vt 0.902472 0.338403
vt 0.898946 0.359455
vt 0.895685 0.380309
vt 0.892710 0.400969
vt 0.870330 0.243197
vt 0.866438 0.264053
vt 0.862474 0.284547
vt 0.858483 0.304693
vt 0.854506 0.324501
vt 0.850584 0.343993
vt 0.846940 0.364194
vt 0.843576 0.384202
vt 0.832481 0.189825
vt 0.829074 0.211023
vt 0.825446 0.231856
vt 0.821645 0.252307
vt 0.817719 0.272376
vt 0.813717 0.292099
vt 0.809679 0.311486
vt 0.805646 0.330543
vt 0.801656 0.349286
vt 0.797936 0.368673
vt 0.794729 0.137851
vt 0.792271 0.159146
vt 0.789450 0.180155
vt 0.786318 0.200864
vt 0.782921 0.221252
vt 0.779307 0.241295
vt 0.775518 0.260973
vt 0.771600 0.280286
vt 0.767600 0.299267
vt 0.763557 0.317922
vt 0.759507 0.336255
vt 0.755491 0.354280
vt 0.754333 0.109363
vt 0.752712 0.130212
vt 0.750670 0.150882
vt 0.748243 0.171327
vt 0.745470 0.191509
vt 0.742392 0.211412
vt 0.739055 0.231014
vt 0.735500 0.250290
vt 0.731769 0.269219
vt 0.727902 0.287800
vt 0.723946 0.306062
vt 0.719937 0.324008
vt 0.715912 0.341643
vt 0.713773 0.083296
vt 0.713162 0.103516
vt 0.712054 0.123622
vt 0.710502 0.143607
vt 0.708543 0.163426
vt 0.706209 0.183040
vt 0.703535 0.202410
vt 0.700562 0.221522
vt 0.697329 0.240353
vt 0.693878 0.258877
vt 0.690245 0.277074
vt 0.686470 0.294940
vt 0.682596 0.312502
vt 0.678659 0.329763
vt 0.672987 0.079582
vt 0.673020 0.098972
vt 0.672512 0.118281
vt 0.671519 0.137493
vt 0.670092 0.156602
vt 0.668265 0.175566
vt 0.666070 0.194347
vt 0.663540 0.212910
vt 0.660712 0.231237
vt 0.657623 0.249305
vt 0.654312 0.267088
vt 0.650814 0.284565
vt 0.647166 0.301731
vt 0.643409 0.318610
vt 0.450198 0.488505
vt 0.423782 0.474928
vt 0.422948 0.487168
vt 0.398008 0.474057
vt 0.397175 0.485823
vt 0.373602 0.473158
vt 0.372772 0.484470
vt 0.350466 0.472236
vt 0.349640 0.483111
vt 0.328502 0.471297
vt 0.327684 0.481743
vt 0.307618 0.470343
vt 0.306808 0.480369
vt 0.287711 0.469378
vt 0.286917 0.478986
vt 0.268705 0.468414
vt 0.267934 0.477594
vt 0.280699 0.377008
vt 0.279647 0.385988
vt 0.300105 0.382656
vt 0.298667 0.392211
vt 0.319769 0.389457
vt 0.317964 0.399505
vt 0.339796 0.397249
vt 0.335819 0.418635
vt 0.358321 0.417333
vt 0.356347 0.428454
vt 0.379845 0.427575
vt 0.377909 0.439065
vt 0.402522 0.438577
vt 0.400717 0.450456
vt 0.426591 0.450372
vt 0.425009 0.462672
vt 0.452288 0.463018
vt 0.451030 0.475770
vt 0.479862 0.476580
vt 0.479033 0.489833
vt 0.509569 0.491150
vt 0.510394 0.477354
vt 0.511705 0.463536
vt 0.481148 0.463307
vt 0.482849 0.449982
vt 0.453932 0.450216
vt 0.455923 0.437341
vt 0.428492 0.438004
vt 0.430675 0.425535
vt 0.404583 0.426606
vt 0.406866 0.414516
vt 0.381985 0.415982
vt 0.384259 0.404314
vt 0.362673 0.394943
vt 0.281574 0.368077
vt 0.301390 0.373106
vt 0.321444 0.379371
vt 0.341828 0.386701
vt 0.578407 0.463783
vt 0.544081 0.463696
vt 0.545877 0.449244
vt 0.513456 0.449661
vt 0.515605 0.435700
vt 0.484922 0.436576
vt 0.487328 0.423052
vt 0.458221 0.424355
vt 0.460789 0.411227
vt 0.433105 0.412936
vt 0.435749 0.400232
vt 0.409341 0.402336
vt 0.411979 0.390091
vt 0.386706 0.392588
vt 0.389190 0.381037
vt 0.364935 0.383904
vt 0.367082 0.372769
vt 0.343739 0.376089
vt 0.345506 0.365425
vt 0.322969 0.369261
vt 0.324328 0.359147
vt 0.302505 0.363580
vt 0.303435 0.354097
vt 0.282759 0.350433
vt 0.941744 0.461383
vt 0.943444 0.440291
vt 0.887838 0.441755
vt 0.890073 0.421438
vt 0.837807 0.423648
vt 0.840514 0.404018
vt 0.791384 0.406882
vt 0.794504 0.387871
vt 0.748268 0.391307
vt 0.751733 0.372884
vt 0.708149 0.376832
vt 0.711908 0.358978
vt 0.670741 0.363392
vt 0.674695 0.346723
vt 0.635709 0.351509
vt 0.639579 0.335203
vt 0.602561 0.340345
vt 0.606256 0.324402
vt 0.571016 0.329895
vt 0.574454 0.314340
vt 0.540823 0.320190
vt 0.543928 0.305055
vt 0.511757 0.311278
vt 0.514463 0.296588
vt 0.483622 0.303223
vt 0.485878 0.289040
vt 0.456257 0.296128
vt 0.653467 0.463717
vt 0.614820 0.463792
vt 0.616680 0.448098
vt 0.580239 0.448725
vt 0.582511 0.433572
vt 0.548092 0.434701
vt 0.550681 0.420027
vt 0.518108 0.421614
vt 0.520921 0.407367
vt 0.490024 0.409376
vt 0.492973 0.395571
vt 0.463591 0.397982
vt 0.466597 0.384642
vt 0.438576 0.387448
vt 0.441485 0.374870
vt 0.414679 0.378033
vt 0.417284 0.365830
vt 0.391568 0.369369
vt 0.393817 0.357593
vt 0.369091 0.361552
vt 0.370942 0.350270
vt 0.347110 0.354726
vt 0.348532 0.344009
vt 0.325503 0.349045
vt 0.326475 0.338953
vt 0.304164 0.344655
vt 0.304684 0.335269
vt 0.283053 0.341738
vt 0.738103 0.463299
vt 0.694506 0.463555
vt 0.696391 0.446492
vt 0.655346 0.447355
vt 0.657691 0.430891
vt 0.618996 0.432304
vt 0.621717 0.416369
vt 0.585173 0.418281
vt 0.588178 0.402817
vt 0.553598 0.405184
vt 0.556800 0.390191
vt 0.524004 0.392980
vt 0.527327 0.378469
vt 0.496145 0.381656
vt 0.499443 0.367997
vt 0.469706 0.371531
vt 0.472745 0.358228
vt 0.444312 0.362123
vt 0.447028 0.349214
vt 0.419769 0.353493
vt 0.422110 0.341033
vt 0.395914 0.345725
vt 0.397835 0.333778
vt 0.372613 0.338939
vt 0.374083 0.327554
vt 0.349751 0.333271
vt 0.350755 0.322526
vt 0.327235 0.328886
vt 0.940498 0.482367
vt 0.886060 0.461961
vt 0.835515 0.443126
vt 0.788628 0.425705
vt 0.745119 0.409546
vt 0.704682 0.394511
vt 0.667014 0.380525
vt 0.631836 0.367535
vt 0.598816 0.356016
vt 0.567483 0.345203
vt 0.537578 0.335104
vt 0.508870 0.325758
vt 0.481154 0.317237
vt 0.454249 0.309611
vt 0.428011 0.302987
vt 0.833690 0.462496
vt 0.784436 0.462945
vt 0.786294 0.444379
vt 0.739982 0.445501
vt 0.742338 0.427598
vt 0.698750 0.429325
vt 0.701533 0.412011
vt 0.660453 0.414282
vt 0.663577 0.397491
vt 0.624792 0.400256
vt 0.628173 0.383974
vt 0.591480 0.387193
vt 0.595052 0.371421
vt 0.560258 0.375062
vt 0.563886 0.360258
vt 0.530799 0.364247
vt 0.534227 0.349792
vt 0.502683 0.354125
vt 0.505835 0.340043
vt 0.475685 0.344738
vt 0.478497 0.331072
vt 0.449608 0.336156
vt 0.452025 0.322958
vt 0.424281 0.328464
vt 0.426254 0.315777
vt 0.399556 0.321744
vt 0.401059 0.309640
vt 0.375334 0.316132
vt 0.123515 0.435717
vt 0.631542 0.059073
vt 0.632943 0.077481
vt 0.633706 0.095925
vt 0.633882 0.114354
vt 0.633524 0.132725
vt 0.632688 0.151022
vt 0.631425 0.169242
vt 0.629767 0.187343
vt 0.627747 0.205288
vt 0.625393 0.223042
vt 0.622742 0.240586
vt 0.619829 0.257897
vt 0.616689 0.274946
vt 0.613356 0.291714
vt 0.609866 0.308191
vt 0.591122 0.059469
vt 0.593593 0.077219
vt 0.595129 0.094583
vt 0.596038 0.112010
vt 0.596372 0.129451
vt 0.596184 0.146862
vt 0.595526 0.164229
vt 0.594449 0.181548
vt 0.592985 0.198780
vt 0.591162 0.215885
vt 0.589010 0.232830
vt 0.586561 0.249593
vt 0.583848 0.266150
vt 0.580905 0.282472
vt 0.577763 0.298539
vt 0.551164 0.061484
vt 0.554717 0.078493
vt 0.557267 0.095112
vt 0.558922 0.111414
vt 0.559972 0.127809
vt 0.560466 0.144247
vt 0.560453 0.160687
vt 0.559984 0.177116
vt 0.559106 0.193529
vt 0.557850 0.209886
vt 0.556243 0.226150
vt 0.554309 0.242286
vt 0.552080 0.258271
vt 0.549587 0.274078
vt 0.546860 0.289681
vt 0.506707 0.050137
vt 0.511993 0.065657
vt 0.516372 0.081368
vt 0.519929 0.097196
vt 0.522538 0.112694
vt 0.524297 0.127936
vt 0.525479 0.143296
vt 0.526129 0.158729
vt 0.526292 0.174196
vt 0.526015 0.189684
vt 0.525342 0.205190
vt 0.524302 0.220673
vt 0.522919 0.236097
vt 0.521215 0.251426
vt 0.519219 0.266636
vt 0.516959 0.281699
vt 0.458027 0.282534
vt 0.430795 0.277201
vt 0.429531 0.290118
vt 0.403346 0.285325
vt 0.402328 0.297491
vt 0.377132 0.293276
vt 0.376355 0.304696
vt 0.352074 0.301121
vt 0.351533 0.311801
vt 0.328084 0.308929
vt 0.327774 0.318870
vt 0.305077 0.316762
vt 0.304990 0.325963
vt 0.283134 0.333143
vt 0.460605 0.044466
vt 0.467615 0.058037
vt 0.473678 0.072035
vt 0.478845 0.086360
vt 0.483161 0.100889
vt 0.486705 0.115554
vt 0.489357 0.129943
vt 0.491208 0.144132
vt 0.492513 0.158465
vt 0.493313 0.172898
vt 0.493647 0.187396
vt 0.493561 0.201947
vt 0.493095 0.216548
vt 0.492274 0.231161
vt 0.491119 0.245748
vt 0.489652 0.260274
vt 0.487896 0.274714
vt 0.429648 0.068187
vt 0.400223 0.091414
vt 0.436368 0.080621
vt 0.406629 0.102729
vt 0.442217 0.093470
vt 0.412243 0.114455
vt 0.447239 0.106642
vt 0.417101 0.126504
vt 0.451471 0.120022
vt 0.421231 0.138764
vt 0.454984 0.133549
vt 0.424697 0.151179
vt 0.457663 0.146849
vt 0.427391 0.163413
vt 0.459594 0.160001
vt 0.429389 0.175547
vt 0.461012 0.173319
vt 0.430909 0.187865
vt 0.461954 0.186762
vt 0.431983 0.200333
vt 0.462454 0.200299
vt 0.432642 0.212921
vt 0.462554 0.213921
vt 0.432925 0.225624
vt 0.462293 0.227625
vt 0.432864 0.238439
vt 0.461691 0.241373
vt 0.432478 0.251330
vt 0.460766 0.255129
vt 0.431783 0.264263
vt 0.459538 0.268858
vt 0.276868 0.159211
vt 0.299882 0.135370
vt 0.331932 0.118950
vt 0.323948 0.111091
vt 0.357719 0.094950
vt 0.349175 0.086203
vt 0.384818 0.070287
vt 0.375690 0.060601
vt 0.403597 0.034155
vt 0.397308 0.012317
vt 0.365380 0.104250
vt 0.392973 0.080579
vt 0.422000 0.056240
vt 0.392717 0.024302
vt 0.354359 0.043413
vt 0.380802 0.015410
vt 0.295375 0.032866
vt 0.281998 0.036431
vt 0.272789 0.039527
vt 0.317951 0.064141
vt 0.283553 0.086274
vt 0.251221 0.109629
vt 0.220764 0.134336
vt 0.191835 0.160415
vt 0.162027 0.168862
vt 0.883967 0.522307
vt 0.884422 0.542505
vt 0.885389 0.562818
vt 0.886820 0.583284
vt 0.888668 0.603945
vt 0.890874 0.624829
vt 0.893391 0.645958
vt 0.896201 0.667329
vt 0.899356 0.687960
vt 0.902617 0.708934
vt 0.950824 0.720060
vt 0.905916 0.730292
vt 0.944543 0.737540
vt 0.909207 0.752052
vt 0.937083 0.755675
vt 0.929445 0.772098
vt 0.831535 0.520354
vt 0.831993 0.539732
vt 0.832974 0.559233
vt 0.834430 0.578891
vt 0.836312 0.598746
vt 0.838561 0.618835
vt 0.841128 0.639159
vt 0.843993 0.659723
vt 0.847191 0.679614
vt 0.850456 0.699855
vt 0.853747 0.720469
vt 0.857023 0.741468
vt 0.860241 0.762868
vt 0.863351 0.784717
vt 0.866314 0.806976
vt 0.902425 0.820196
vt 0.869060 0.829663
vt 0.891809 0.836017
vt 0.871523 0.852741
vt 0.885823 0.844329
vt 0.873719 0.860464
vt 0.782220 0.518403
vt 0.782670 0.536988
vt 0.783651 0.555699
vt 0.785113 0.574571
vt 0.787006 0.593645
vt 0.789272 0.612954
vt 0.791862 0.632498
vt 0.794755 0.652276
vt 0.797971 0.671446
vt 0.801239 0.690964
vt 0.804520 0.710846
vt 0.807775 0.731100
vt 0.810962 0.751737
vt 0.814030 0.772795
vt 0.816929 0.794265
vt 0.819611 0.816135
vt 0.822024 0.838386
vt 0.824120 0.860975
vt 0.860840 0.876153
vt 0.825832 0.883884
vt 0.847279 0.891592
vt 0.827092 0.907078
vt 0.833038 0.906708
vt 0.818360 0.921580
vt 0.735833 0.516456
vt 0.736267 0.534278
vt 0.737233 0.552231
vt 0.738682 0.570347
vt 0.740562 0.588667
vt 0.742819 0.607225
vt 0.745403 0.626015
vt 0.748293 0.645035
vt 0.751494 0.663509
vt 0.754735 0.682326
vt 0.757977 0.701497
vt 0.761183 0.721028
vt 0.764314 0.740923
vt 0.767321 0.761218
vt 0.770156 0.781907
vt 0.772776 0.802973
vt 0.775134 0.824392
vt 0.777181 0.846136
vt 0.778867 0.868189
vt 0.780154 0.890523
vt 0.781009 0.913061
vt 0.811340 0.928041
vt 0.798682 0.938294
vt 0.692191 0.514515
vt 0.692601 0.531610
vt 0.693537 0.548836
vt 0.694953 0.566228
vt 0.696799 0.583824
vt 0.699020 0.601659
vt 0.701568 0.619725
vt 0.704422 0.638014
vt 0.707572 0.655818
vt 0.710749 0.673957
vt 0.713917 0.692439
vt 0.717039 0.711267
vt 0.720077 0.730444
vt 0.722984 0.749999
vt 0.725717 0.769929
vt 0.728235 0.790213
vt 0.730495 0.810825
vt 0.732451 0.831740
vt 0.734058 0.852942
vt 0.735277 0.874394
vt 0.736070 0.896044
vt 0.736395 0.917850
vt 0.764564 0.958911
vt 0.651115 0.512584
vt 0.651492 0.528984
vt 0.652387 0.545517
vt 0.653753 0.562216
vt 0.655543 0.579119
vt 0.657701 0.596261
vt 0.660184 0.613629
vt 0.662969 0.631214
vt 0.666034 0.648371
vt 0.669114 0.665852
vt 0.672172 0.683665
vt 0.675174 0.701808
vt 0.678083 0.720283
vt 0.680854 0.739116
vt 0.683447 0.758301
vt 0.685823 0.777817
vt 0.687944 0.797636
vt 0.689765 0.817733
vt 0.691244 0.838090
vt 0.692345 0.858670
vt 0.693032 0.879427
vt 0.693265 0.900319
vt 0.692986 0.921335
vt 0.692136 0.942448
vt 0.690655 0.963615
vt 0.696196 0.978601
vt 0.681207 0.981147
vt 0.612438 0.510664
vt 0.612774 0.526402
vt 0.613615 0.542274
vt 0.614916 0.558310
vt 0.616629 0.574549
vt 0.618702 0.591025
vt 0.621093 0.607723
vt 0.623779 0.624630
vt 0.626726 0.641160
vt 0.629675 0.658003
vt 0.632591 0.675162
vt 0.635440 0.692635
vt 0.638187 0.710421
vt 0.640788 0.728543
vt 0.643208 0.746995
vt 0.645408 0.765751
vt 0.647353 0.784785
vt 0.649003 0.804069
vt 0.650319 0.823584
vt 0.651268 0.843292
vt 0.651814 0.863149
vt 0.651922 0.883110
vt 0.651533 0.903164
vt 0.650585 0.923282
vt 0.649017 0.943404
vt 0.646753 0.963456
vt 0.663224 0.983683
vt 0.643447 0.983819
vt 0.627712 0.987955
vt 0.157810 0.734679
vt 0.157618 0.752076
vt 0.166249 0.749584
vt 0.166114 0.767544
vt 0.175192 0.764617
vt 0.184770 0.798328
vt 0.194548 0.794656
vt 0.204988 0.828881
vt 0.215457 0.824491
vt 0.226442 0.859360
vt 0.237629 0.854288
vt 0.249048 0.890165
vt 0.261017 0.884382
vt 0.272955 0.921559
vt 0.285747 0.915008
vt 0.365163 0.958384
vt 0.335934 0.928574
vt 0.324506 0.937886
vt 0.308332 0.899197
vt 0.297546 0.907507
vt 0.282244 0.870339
vt 0.272092 0.877729
vt 0.257547 0.841898
vt 0.248007 0.848427
vt 0.234147 0.813687
vt 0.225185 0.819389
vt 0.212046 0.785460
vt 0.203649 0.790330
vt 0.191468 0.757071
vt 0.183650 0.761093
vt 0.181843 0.742906
vt 0.174340 0.746489
vt 0.165548 0.731978
vt 0.157299 0.717574
vt 0.179393 0.725244
vt 0.185545 0.721325
vt 0.188773 0.738898
vt 0.195168 0.734509
vt 0.198673 0.752612
vt 0.205309 0.747756
vt 0.219764 0.780112
vt 0.226848 0.774332
vt 0.242365 0.807457
vt 0.249885 0.800754
vt 0.266273 0.834784
vt 0.274229 0.827148
vt 0.291499 0.862306
vt 0.299906 0.853706
vt 0.318130 0.890192
vt 0.326994 0.880579
vt 0.346274 0.918535
vt 0.355591 0.907856
vt 0.376021 0.947312
vt 0.385757 0.935528
vt 0.407440 0.976483
vt 0.423287 0.990304
vt 0.400611 0.987970
vt 0.576000 0.508757
vt 0.576289 0.523864
vt 0.577066 0.539105
vt 0.578286 0.554508
vt 0.579904 0.570112
vt 0.581871 0.585949
vt 0.584145 0.602001
vt 0.586704 0.618254
vt 0.589505 0.634176
vt 0.592294 0.650396
vt 0.595037 0.666916
vt 0.597703 0.683732
vt 0.600258 0.700839
vt 0.602660 0.718260
vt 0.604874 0.735983
vt 0.606867 0.753985
vt 0.608606 0.772237
vt 0.610052 0.790711
vt 0.611171 0.809386
vt 0.611931 0.828223
vt 0.612301 0.847178
vt 0.612246 0.866207
vt 0.611711 0.885300
vt 0.610638 0.904433
vt 0.608972 0.923551
vt 0.606659 0.942594
vt 0.603364 0.962024
vt 0.599008 0.981853
vt 0.588204 0.991726
vt 0.578665 0.992555
vt 0.541654 0.506864
vt 0.541890 0.521371
vt 0.542592 0.536009
vt 0.543719 0.550807
vt 0.545226 0.565802
vt 0.547066 0.581025
vt 0.549203 0.596455
vt 0.551610 0.612075
vt 0.554238 0.627406
vt 0.556840 0.643019
vt 0.559385 0.658913
vt 0.561842 0.675082
vt 0.564178 0.691519
vt 0.566354 0.708243
vt 0.568338 0.725243
vt 0.570099 0.742494
vt 0.571604 0.759966
vt 0.572822 0.777629
vt 0.573717 0.795461
vt 0.574263 0.813422
vt 0.574430 0.831471
vt 0.574186 0.849564
vt 0.573478 0.867691
vt 0.572251 0.885832
vt 0.570453 0.903940
vt 0.568033 0.921958
vt 0.564658 0.940338
vt 0.560224 0.959153
vt 0.554888 0.977883
vt 0.549351 0.994120
vt 0.545218 0.994286
vt 0.509260 0.504986
vt 0.509437 0.518921
vt 0.510057 0.532985
vt 0.511078 0.547205
vt 0.512460 0.561616
vt 0.514157 0.576248
vt 0.516136 0.591078
vt 0.518370 0.606086
vt 0.520801 0.620842
vt 0.523194 0.635861
vt 0.525518 0.651140
vt 0.527744 0.666670
vt 0.529839 0.682443
vt 0.531768 0.698476
vt 0.533500 0.714756
vt 0.535007 0.731256
vt 0.536259 0.747946
vt 0.537228 0.764797
vt 0.537881 0.781782
vt 0.538194 0.798864
vt 0.538141 0.816001
vt 0.537692 0.833148
vt 0.536796 0.850299
vt 0.535401 0.867435
vt 0.533458 0.884511
vt 0.530918 0.901472
vt 0.527457 0.918733
vt 0.522964 0.936366
vt 0.517598 0.953870
vt 0.511256 0.971167
vt 0.544003 0.994304
vt 0.503889 0.987925
vt 0.498261 0.994304
vt 0.502500 0.736159
vt 0.470270 0.724580
vt 0.503206 0.752194
vt 0.470706 0.739799
vt 0.503604 0.768330
vt 0.470843 0.755084
vt 0.503673 0.784528
vt 0.470662 0.770396
vt 0.503389 0.800747
vt 0.470143 0.785696
vt 0.502725 0.816944
vt 0.469261 0.800940
vt 0.501634 0.833112
vt 0.467973 0.816123
vt 0.500065 0.849235
vt 0.466230 0.831230
vt 0.497974 0.865269
vt 0.463992 0.846223
vt 0.495315 0.881164
vt 0.461218 0.861053
vt 0.491781 0.897300
vt 0.457619 0.876070
vt 0.487267 0.913754
vt 0.453092 0.891353
vt 0.481928 0.930063
vt 0.447788 0.906480
vt 0.475681 0.946144
vt 0.441627 0.921377
vt 0.468483 0.961872
vt 0.434565 0.935922
vt 0.460294 0.977105
vt 0.426552 0.950012
vt 0.439512 0.713187
vt 0.439675 0.727590
vt 0.439549 0.742023
vt 0.439119 0.756451
vt 0.438364 0.770831
vt 0.437267 0.785123
vt 0.435785 0.799323
vt 0.433874 0.813419
vt 0.431498 0.827374
vt 0.428618 0.841145
vt 0.424963 0.855051
vt 0.420439 0.869174
vt 0.415188 0.883131
vt 0.409135 0.896855
vt 0.402246 0.910224
vt 0.394475 0.923141
vt 0.410166 0.701962
vt 0.410057 0.715549
vt 0.409671 0.729133
vt 0.408994 0.742676
vt 0.408010 0.756140
vt 0.406704 0.769484
vt 0.405035 0.782706
vt 0.402965 0.795795
vt 0.400459 0.808721
vt 0.397484 0.821442
vt 0.393787 0.834251
vt 0.389279 0.847231
vt 0.384096 0.860037
vt 0.378169 0.872607
vt 0.371472 0.884825
vt 0.363965 0.896599
vt 0.501514 0.720251
vt 0.500276 0.704501
vt 0.468601 0.694454
vt 0.263833 0.608735
vt 0.285299 0.617683
vt 0.285827 0.607794
vt 0.307780 0.626486
vt 0.308056 0.615901
vt 0.331316 0.635207
vt 0.331329 0.623937
vt 0.355982 0.643903
vt 0.355724 0.631955
vt 0.381854 0.652640
vt 0.381317 0.640016
vt 0.409007 0.661480
vt 0.408186 0.648180
vt 0.437505 0.670463
vt 0.436398 0.656484
vt 0.467416 0.679610
vt 0.466027 0.664950
vt 0.498812 0.688940
vt 0.497148 0.673595
vt 0.251228 0.621460
vt 0.262880 0.617832
vt 0.284577 0.627520
vt 0.307306 0.637051
vt 0.331101 0.646489
vt 0.356036 0.655898
vt 0.382186 0.665344
vt 0.409623 0.674896
vt 0.438406 0.684593
vt 0.245208 0.582482
vt 0.255064 0.586402
vt 0.265172 0.590304
vt 0.265587 0.580963
vt 0.286167 0.597864
vt 0.286338 0.587893
vt 0.308142 0.605311
vt 0.308058 0.594715
vt 0.331151 0.612696
vt 0.330804 0.601484
vt 0.355274 0.620071
vt 0.354659 0.608248
vt 0.380590 0.627491
vt 0.379700 0.615060
vt 0.407177 0.635012
vt 0.406011 0.621971
vt 0.435108 0.642671
vt 0.433665 0.629016
vt 0.464459 0.650487
vt 0.462745 0.636213
vt 0.495310 0.658479
vt 0.493335 0.643580
vt 0.255955 0.568356
vt 0.265846 0.571585
vt 0.265958 0.562179
vt 0.286354 0.577906
vt 0.286228 0.567924
vt 0.307820 0.584134
vt 0.307445 0.573589
vt 0.330307 0.590318
vt 0.329677 0.579218
vt 0.353897 0.596503
vt 0.353008 0.584854
vt 0.378670 0.602740
vt 0.377521 0.590547
vt 0.404710 0.609071
vt 0.403299 0.596327
vt 0.432097 0.615531
vt 0.430426 0.602230
vt 0.460914 0.622137
vt 0.458991 0.608273
vt 0.491250 0.628907
vt 0.489085 0.614470
vt 0.352013 0.573315
vt 0.376277 0.578497
vt 0.375123 0.566300
vt 0.401801 0.583753
vt 0.400407 0.571023
vt 0.428680 0.589125
vt 0.427061 0.575848
vt 0.457005 0.594628
vt 0.455168 0.580789
vt 0.486869 0.600276
vt 0.484826 0.585861
vt 0.306088 0.541922
vt 0.327638 0.546005
vt 0.327193 0.535016
vt 0.350270 0.550092
vt 0.349633 0.538618
vt 0.374105 0.554210
vt 0.373273 0.542249
vt 0.399189 0.558411
vt 0.398175 0.545945
vt 0.425640 0.562704
vt 0.424444 0.549722
vt 0.453551 0.567100
vt 0.452179 0.553586
vt 0.483022 0.571611
vt 0.481482 0.557547
vt 0.265939 0.552768
vt 0.285975 0.557967
vt 0.285545 0.537836
vt 0.306948 0.563098
vt 0.328932 0.568203
vt 0.285475 0.517916
vt 0.305675 0.521049
vt 0.305691 0.510760
vt 0.326888 0.524164
vt 0.326760 0.513425
vt 0.349172 0.527294
vt 0.348914 0.516100
vt 0.372647 0.530450
vt 0.372253 0.518794
vt 0.397389 0.533658
vt 0.396863 0.521526
vt 0.423501 0.536931
vt 0.422844 0.524306
vt 0.451082 0.540275
vt 0.450298 0.527140
vt 0.480238 0.543697
vt 0.479331 0.530031
vt 0.248564 0.493768
vt 0.266816 0.496069
vt 0.267308 0.486804
vt 0.285880 0.498323
vt 0.286312 0.488624
vt 0.305863 0.500555
vt 0.306229 0.490428
vt 0.326834 0.502782
vt 0.327134 0.492225
vt 0.348888 0.505013
vt 0.349121 0.494021
vt 0.372123 0.507255
vt 0.372286 0.495820
vt 0.396631 0.509521
vt 0.396724 0.497627
vt 0.422510 0.511818
vt 0.422533 0.499446
vt 0.449864 0.514148
vt 0.449818 0.501279
vt 0.478802 0.516515
vt 0.478689 0.503125
vt 0.182005 0.483233
vt 0.197867 0.486161
vt 0.213089 0.504455
vt 0.214184 0.488862
vt 0.230075 0.508106
vt 0.231051 0.491381
vt 0.247747 0.511514
vt 0.266189 0.514758
vt 0.469561 0.709455
vt 0.439082 0.698844
vt 0.410015 0.688400
vt 0.382297 0.678103
vt 0.355874 0.667912
vt 0.330675 0.657756
vt 0.306627 0.647567
vt 0.283658 0.637280
vt 0.261736 0.626835
vt 0.036404 0.453653
vt 0.049573 0.455407
vt 0.062895 0.457114
vt 0.076357 0.458781
vt 0.982278 0.460103
vn 0.9923 -0.1039 0.0680
vn 0.9922 -0.1010 0.0735
vn 0.9922 -0.1018 0.0721
vn 0.0979 -0.5950 -0.7978
vn 0.0949 -0.5963 -0.7971
vn 0.0956 -0.5960 -0.7973
vn 0.0176 -0.3893 -0.9209
vn 0.0175 -0.3894 -0.9209
vn 0.0177 -0.3893 -0.9210
vn 0.0170 -0.3559 -0.9344
vn 0.0169 -0.3559 -0.9344
vn 0.0172 -0.3558 -0.9344
vn 0.0165 -0.3229 -0.9463
vn 0.0164 -0.3229 -0.9463
vn 0.0166 -0.3228 -0.9463
vn 0.0159 -0.2903 -0.9568
vn 0.0161 -0.2903 -0.9568
vn 0.0154 -0.2581 -0.9660
vn 0.0153 -0.2581 -0.9660
vn 0.0155 -0.2581 -0.9660
vn 0.0148 -0.2263 -0.9740
vn 0.0147 -0.2263 -0.9740
vn 0.0149 -0.2262 -0.9740
vn 0.0142 -0.1948 -0.9807
vn 0.0143 -0.1948 -0.9807
vn 0.0136 -0.1636 -0.9864
vn 0.0136 -0.1637 -0.9864
vn 0.0137 -0.1636 -0.9864
vn 0.0130 -0.1329 -0.9911
vn 0.0130 -0.1329 -0.9910
vn 0.0130 -0.1328 -0.9911
vn 0.0119 -0.9645 0.2638
vn 0.0192 -0.9652 0.2607
vn 0.0115 -0.9644 0.2640
vn 0.0270 -0.9671 0.2528
vn 0.0263 -0.9669 0.2539
vn 0.0313 -0.9691 0.2447
vn 0.2970 -0.6529 0.6968
vn 0.2969 -0.6532 0.6965
vn 0.2959 -0.6577 0.6927
vn 0.4256 -0.5952 0.6816
vn 0.6428 -0.7179 0.2671
vn 0.6255 -0.4448 0.6410
vn -0.0554 -0.9947 0.0863
vn 0.0154 -0.9761 0.2168
vn 0.0167 -0.9756 0.2191
vn 0.0152 -0.9762 0.2163
vn 0.7466 -0.3224 0.5819
vn 0.9739 -0.2018 0.1038
vn 0.9739 -0.1978 0.1114
vn 0.9739 -0.1989 0.1092
vn 0.9809 -0.1706 0.0932
vn 0.9809 -0.1670 0.1002
vn 0.9809 -0.1680 0.0983
vn 0.9474 -0.1148 0.2986
vn 0.9467 -0.1076 0.3038
vn 0.9475 -0.1159 0.2982
vn 0.9362 -0.3507 -0.0229
vn 0.9394 -0.3422 -0.0185
vn 0.9393 -0.3425 -0.0184
vn 0.8443 -0.4779 -0.2422
vn 0.6315 -0.6180 -0.4683
vn 0.6260 -0.6198 -0.4732
vn 0.6300 -0.6185 -0.4696
vn 0.6896 -0.5266 -0.4972
vn 0.7109 -0.4868 -0.5076
vn 0.7285 -0.4497 -0.5168
vn 0.7433 -0.4154 -0.5243
vn -0.0178 -0.9747 0.2226
vn -0.0182 -0.9746 0.2234
vn -0.0180 -0.9746 0.2233
vn -0.0150 -0.9824 0.1859
vn -0.0002 -0.9837 0.1800
vn -0.0060 -0.9837 0.1800
vn -0.0571 -0.9943 0.0898
vn -0.0560 -0.9945 0.0889
vn -0.0665 -0.9931 0.0961
vn -0.0135 -0.9770 0.2129
vn -0.0156 -0.9760 0.2170
vn -0.0132 -0.9771 0.2122
vn -0.0170 -0.9753 0.2204
vn -0.1884 -0.9816 0.0301
vn -0.7257 -0.5820 -0.3668
vn -0.7730 -0.5586 -0.3006
vn -0.9396 -0.3348 -0.0711
vn -0.9459 -0.3226 -0.0339
vn -0.9459 -0.3228 -0.0328
vn -0.9458 -0.3236 -0.0275
vn -0.9795 -0.1995 -0.0266
vn -0.9793 -0.1995 -0.0340
vn -0.9794 -0.1995 -0.0318
vn -0.0551 -0.9707 0.2339
vn -0.0552 -0.9709 0.2332
vn -0.0550 -0.9715 0.2306
vn -0.4606 -0.8023 0.3797
vn -0.5390 -0.7197 0.4376
vn -0.8983 -0.4222 0.1214
vn -0.8982 -0.4225 0.1215
vn -0.8992 -0.4196 0.1236
vn -0.9301 -0.2771 0.2410
vn -0.9122 -0.1138 0.3936
vn -0.9156 -0.1117 0.3862
vn -0.9147 -0.1244 0.3845
vn -0.6324 0.0492 -0.7731
vn 0.9964 -0.0572 -0.0619
vn 0.9964 -0.0618 -0.0574
vn 0.9956 -0.0603 -0.0721
vn 0.9966 -0.0580 -0.0582
vn 0.9923 -0.0903 0.0842
vn 0.9925 -0.0918 0.0808
vn 0.9924 -0.0913 0.0820
vn 0.9854 -0.0958 0.1405
vn 0.8637 -0.1776 0.4716
vn 0.6657 -0.3120 0.6779
vn 0.4873 -0.4112 0.7704
vn 0.3770 -0.5971 0.7080
vn -0.1328 -0.7130 0.6885
vn -0.1836 -0.7030 0.6871
vn -0.2582 -0.6428 0.7212
vn -0.3091 -0.6028 0.7356
vn -0.8228 -0.2709 0.4997
vn -0.8743 -0.1709 0.4543
vn -0.8741 -0.1705 0.4548
vn -0.8747 -0.1716 0.4533
vn -0.9564 -0.1000 0.2746
vn -0.9759 -0.1026 0.1928
vn -0.9864 -0.0957 0.1340
vn -0.9859 -0.1027 0.1320
vn -0.9858 -0.1038 0.1318
vn -0.9865 -0.0937 0.1345
vn -0.9914 -0.0919 0.0934
vn -0.9941 -0.0831 0.0691
vn -0.9939 -0.0905 0.0637
vn -0.9937 -0.0893 0.0674
vn -0.9942 -0.0839 0.0667
vn -0.9411 -0.1027 -0.3221
vn -0.9419 -0.0964 -0.3217
vn -0.9412 -0.1043 -0.3214
vn -0.9747 -0.0952 -0.2025
vn -0.9747 -0.0725 -0.2113
vn -0.9609 -0.0920 -0.2613
vn -0.9629 -0.0873 -0.2555
vn -0.9630 -0.0880 -0.2548
vn -0.9974 -0.0694 -0.0193
vn -0.9978 -0.0652 -0.0114
vn -0.9976 -0.0664 -0.0203
vn -0.9975 -0.0711 -0.0051
vn -0.9977 -0.0669 -0.0053
vn -0.9978 -0.0650 -0.0087
vn -0.9953 -0.0791 0.0566
vn -0.9954 -0.0780 0.0562
vn -0.9945 -0.0902 0.0540
vn -0.9961 -0.0813 0.0345
vn -0.9961 -0.0815 0.0332
vn -0.9961 -0.0813 0.0338
vn -0.9257 -0.1129 0.3610
vn -0.9262 -0.1047 0.3623
vn -0.9259 -0.1102 0.3614
vn -0.9263 -0.1030 0.3625
vn -0.9351 -0.0969 0.3408
vn -0.9256 -0.1190 0.3594
vn -0.9230 -0.1064 0.3698
vn -0.9152 -0.1120 0.3872
vn -0.9123 -0.1125 0.3937
vn -0.9106 -0.1119 0.3978
vn -0.8911 -0.1462 0.4297
vn -0.8905 -0.1453 0.4312
vn -0.8909 -0.1460 0.4300
vn -0.8785 -0.1231 0.4616
vn -0.6452 -0.3620 0.6728
vn -0.5915 -0.3984 0.7010
vn -0.4402 -0.5331 0.7225
vn -0.4405 -0.5326 0.7227
vn -0.4401 -0.5332 0.7225
vn -0.3801 -0.5686 0.7295
vn -0.3886 -0.5437 0.7439
vn -0.2262 -0.6876 0.6899
vn -0.2299 -0.6792 0.6970
vn -0.2272 -0.6855 0.6917
vn -0.1629 -0.7121 0.6829
vn -0.1588 -0.7174 0.6783
vn -0.1621 -0.7131 0.6820
vn -0.0924 -0.7329 0.6740
vn 0.0356 -0.7298 0.6827
vn 0.0345 -0.7327 0.6797
vn 0.2215 -0.6495 0.7274
vn 0.1774 -0.7017 0.6901
vn 0.1727 -0.7284 0.6631
vn 0.1499 -0.7157 0.6821
vn 0.1027 -0.7085 0.6982
vn 0.1146 -0.7416 0.6610
vn 0.0749 -0.7223 0.6875
vn 0.5467 -0.4228 0.7228
vn 0.5350 -0.4549 0.7119
vn 0.5307 -0.4864 0.6941
vn 0.5003 -0.4688 0.7280
vn 0.4616 -0.5026 0.7310
vn 0.6329 -0.3943 0.6663
vn 0.6054 -0.3820 0.6983
vn 0.5922 -0.4249 0.6846
vn 0.5877 -0.4259 0.6879
vn 0.5876 -0.4259 0.6880
vn 0.7604 -0.2545 0.5975
vn 0.8038 -0.2533 0.5383
vn 0.8178 -0.2166 0.5333
vn 0.8174 -0.2412 0.5231
vn 0.8211 -0.2412 0.5174
vn 0.8216 -0.2412 0.5165
vn 0.8445 -0.2548 0.4711
vn 0.8969 -0.1570 0.4133
vn 0.9112 -0.1119 0.3964
vn 0.9091 -0.1112 0.4015
vn 0.9105 -0.1117 0.3982
vn 0.8723 -0.1058 0.4775
vn 0.9256 -0.1068 0.3632
vn 0.9257 -0.1089 0.3623
vn 0.9259 -0.1140 0.3603
vn 0.9259 -0.1168 0.3592
vn 0.9252 -0.1068 0.3641
vn 0.9165 -0.1106 0.3844
vn 0.9178 -0.1095 0.3817
vn 0.9151 -0.1118 0.3874
vn 0.9972 -0.0730 0.0190
vn 0.9970 -0.0747 0.0192
vn 0.9965 -0.0813 0.0202
vn 0.9963 -0.0830 0.0205
vn 0.9967 -0.0777 0.0221
vn 0.9967 -0.0777 0.0220
vn 0.9967 -0.0776 0.0219
vn 0.9974 -0.0710 -0.0108
vn 0.9975 -0.0695 -0.0112
vn 0.9974 -0.0709 -0.0099
vn 0.9973 -0.0641 -0.0349
vn 0.9967 -0.0747 -0.0317
vn 0.9971 -0.0656 -0.0384
vn 0.9955 -0.0774 -0.0544
vn 0.9963 -0.0648 -0.0558
vn 0.9968 -0.0675 -0.0429
vn 0.9970 -0.0629 -0.0448
vn 0.9971 -0.0674 -0.0348
vn 0.9975 -0.0617 -0.0351
vn 0.9974 -0.0619 -0.0381
vn 0.9977 -0.0612 -0.0298
vn 0.9961 -0.0627 -0.0625
vn 0.9961 -0.0618 -0.0625
vn 0.9969 -0.0608 -0.0507
vn 0.9968 -0.0603 -0.0521
vn 0.9969 -0.0604 -0.0511
vn 0.9884 -0.0732 -0.1331
vn 0.9878 -0.0724 -0.1379
vn 0.9876 -0.0721 -0.1393
vn 0.9952 -0.0565 -0.0797
vn 0.9952 -0.0591 -0.0777
vn 0.9962 -0.0543 -0.0684
vn 0.9961 -0.0602 -0.0646
vn 0.9963 -0.0565 -0.0644
vn 0.9817 -0.0739 -0.1757
vn 0.9771 -0.0810 -0.1966
vn 0.9772 -0.0841 -0.1949
vn 0.9756 -0.0875 -0.2012
vn 0.9760 -0.0801 -0.2023
vn 0.9761 -0.0801 -0.2023
vn 0.9580 -0.0986 -0.2692
vn 0.9629 -0.0878 -0.2553
vn 0.9629 -0.0882 -0.2551
vn 0.9612 -0.0924 -0.2599
vn 0.9542 -0.0863 -0.2866
vn 0.9414 -0.0969 -0.3230
vn 0.9421 -0.1033 -0.3191
vn 0.9394 -0.1010 -0.3275
vn 0.9268 -0.0918 -0.3642
vn 0.9190 -0.1044 -0.3803
vn 0.9190 -0.1049 -0.3800
vn 0.9167 -0.1087 -0.3845
vn 0.9081 -0.0996 -0.4067
vn 0.8879 -0.1107 -0.4465
vn 0.8884 -0.1109 -0.4456
vn 0.8865 -0.1100 -0.4494
vn 0.8662 -0.1052 -0.4885
vn 0.8592 -0.1211 -0.4971
vn 0.8588 -0.1189 -0.4983
vn 0.8560 -0.1224 -0.5023
vn 0.7732 -0.1271 -0.6213
vn 0.7762 -0.1280 -0.6174
vn 0.7771 -0.1282 -0.6162
vn 0.8048 -0.1167 -0.5820
vn 0.8171 -0.1305 -0.5615
vn 0.8200 -0.1229 -0.5590
vn 0.8212 -0.1287 -0.5559
vn 0.8306 -0.1148 -0.5449
vn 0.8475 -0.1114 -0.5190
vn 0.6824 -0.1289 -0.7195
vn 0.7259 -0.1196 -0.6773
vn 0.7321 -0.1350 -0.6676
vn 0.7351 -0.1325 -0.6648
vn 0.7351 -0.1324 -0.6649
vn 0.6284 -0.1347 -0.7662
vn 0.6456 -0.1268 -0.7531
vn 0.6845 -0.1305 -0.7172
vn 0.3735 -0.1289 -0.9186
vn 0.4349 -0.1267 -0.8915
vn 0.4425 -0.1307 -0.8872
vn 0.4929 -0.1225 -0.8614
vn 0.5072 -0.1388 -0.8506
vn 0.5099 -0.1340 -0.8497
vn 0.5121 -0.1413 -0.8472
vn 0.5494 -0.1147 -0.8277
vn 0.5776 -0.1492 -0.8026
vn 0.3039 -0.1317 -0.9436
vn 0.3209 -0.1270 -0.9386
vn 0.3774 -0.1307 -0.9168
vn 0.2350 -0.1411 -0.9617
vn 0.2336 -0.1389 -0.9624
vn 0.2354 -0.1427 -0.9614
vn 0.2033 -0.1047 -0.9735
vn 0.1724 -0.1206 -0.9776
vn 0.1728 -0.1201 -0.9776
vn 0.1733 -0.1190 -0.9777
vn 0.1781 -0.1103 -0.9778
vn 0.1533 -0.1131 -0.9817
vn 0.1534 -0.1129 -0.9817
vn 0.1533 -0.1129 -0.9817
vn 0.1552 -0.1111 -0.9816
vn 0.1325 -0.1099 -0.9851
vn 0.1310 -0.1087 -0.9854
vn 0.1096 -0.1098 -0.9879
vn 0.1012 -0.1048 -0.9893
vn -0.0026 -0.1084 -0.9941
vn -0.0371 -0.1053 -0.9937
vn -0.0375 -0.1051 -0.9938
vn -0.0617 -0.1083 -0.9922
vn -0.0720 -0.1041 -0.9920
vn -0.0859 -0.1096 -0.9903
vn -0.1088 -0.1053 -0.9885
vn -0.1060 -0.1078 -0.9885
vn -0.1326 -0.1105 -0.9850
vn -0.1399 -0.1053 -0.9846
vn -0.1664 -0.1200 -0.9787
vn -0.1525 -0.0989 -0.9833
vn -0.1833 -0.1196 -0.9758
vn -0.1830 -0.1194 -0.9758
vn -0.1830 -0.1193 -0.9759
vn -0.1788 -0.1135 -0.9773
vn -0.2064 -0.1133 -0.9719
vn -0.2344 -0.1392 -0.9621
vn -0.2340 -0.1374 -0.9625
vn -0.2287 -0.1315 -0.9646
vn -0.2590 -0.0744 -0.9630
vn -0.5776 -0.1493 -0.8026
vn -0.9363 -0.1544 0.3155
vn -0.9369 -0.1342 0.3227
vn -0.9425 -0.1302 0.3077
vn -0.9427 -0.1144 0.3135
vn -0.9475 -0.1103 0.3002
vn -0.9475 -0.1093 0.3005
vn -0.9478 -0.1086 0.2999
vn -0.9477 -0.1085 0.3002
vn -0.9478 -0.1081 0.2999
vn -0.8780 -0.1502 0.4546
vn -0.8927 -0.1487 0.4254
vn -0.9013 -0.1522 0.4055
vn -0.8583 -0.1852 0.4786
vn -0.8748 -0.1718 0.4529
vn -0.8922 -0.1796 0.4144
vn -0.9011 -0.1756 0.3965
vn -0.9205 -0.1861 0.3436
vn -0.9491 -0.1896 0.2514
vn -0.9519 -0.1643 0.2586
vn -0.9573 -0.1608 0.2403
vn -0.9590 -0.1398 0.2465
vn -0.9636 -0.1360 0.2301
vn -0.9646 -0.1194 0.2352
vn -0.9685 -0.1155 0.2204
vn -0.9689 -0.1073 0.2230
vn -0.9674 -0.1106 0.2276
vn -0.9687 -0.1072 0.2241
vn -0.9674 -0.1097 0.2282
vn -0.8140 -0.2120 0.5408
vn -0.8450 -0.2046 0.4942
vn -0.8470 -0.2055 0.4902
vn -0.8592 -0.2006 0.4707
vn -0.8802 -0.2111 0.4252
vn -0.8909 -0.2076 0.4041
vn -0.9085 -0.2181 0.3565
vn -0.9177 -0.2151 0.3340
vn -0.9311 -0.2251 0.2872
vn -0.9229 -0.2690 0.2756
vn -0.9139 -0.2705 0.3026
vn -0.9024 -0.2608 0.3429
vn -0.8913 -0.2629 0.3693
vn -0.8763 -0.2526 0.4102
vn -0.8633 -0.2553 0.4354
vn -0.8452 -0.2449 0.4750
vn -0.8307 -0.2483 0.4983
vn -0.8066 -0.2363 0.5418
vn -0.7955 -0.2548 0.5498
vn -0.7649 -0.2534 0.5922
vn -0.9524 -0.2290 0.2011
vn -0.9581 -0.1980 0.2069
vn -0.9628 -0.1953 0.1868
vn -0.9667 -0.1691 0.1920
vn -0.9707 -0.1659 0.1739
vn -0.9734 -0.1440 0.1784
vn -0.9768 -0.1405 0.1619
vn -0.9785 -0.1232 0.1656
vn -0.9814 -0.1194 0.1505
vn -0.9823 -0.1082 0.1532
vn -0.9830 -0.1070 0.1492
vn -0.9825 -0.1073 0.1524
vn -0.9830 -0.1064 0.1497
vn -0.9250 -0.3239 0.1985
vn -0.9244 -0.3244 0.2004
vn -0.9221 -0.3263 0.2078
vn -0.9215 -0.3268 0.2098
vn -0.9179 -0.3207 0.2336
vn -0.9131 -0.3247 0.2468
vn -0.9037 -0.3132 0.2918
vn -0.8975 -0.3179 0.3056
vn -0.8833 -0.3044 0.3565
vn -0.8759 -0.3099 0.3697
vn -0.8574 -0.2957 0.4213
vn -0.8490 -0.3018 0.4336
vn -0.8268 -0.2874 0.4835
vn -0.8178 -0.2943 0.4946
vn -0.7938 -0.2808 0.5395
vn -0.7844 -0.2884 0.5491
vn -0.7652 -0.2786 0.5804
vn -0.7493 -0.2859 0.5974
vn -0.7389 -0.2760 0.6147
vn -0.9093 -0.3612 0.2064
vn -0.9087 -0.3617 0.2085
vn -0.9062 -0.3634 0.2162
vn -0.9055 -0.3639 0.2183
vn -0.9021 -0.3578 0.2411
vn -0.8969 -0.3614 0.2550
vn -0.8883 -0.3500 0.2974
vn -0.8815 -0.3543 0.3121
vn -0.8684 -0.3409 0.3600
vn -0.8603 -0.3460 0.3743
vn -0.8432 -0.3318 0.4229
vn -0.8340 -0.3377 0.4363
vn -0.8135 -0.3231 0.4835
vn -0.8035 -0.3298 0.4956
vn -0.7815 -0.3161 0.5380
vn -0.7710 -0.3235 0.5486
vn -0.7476 -0.3105 0.5871
vn -0.9279 -0.3291 0.1753
vn -0.9294 -0.3278 0.1694
vn -0.9274 -0.3295 0.1769
vn -0.9121 -0.3665 0.1838
vn -0.9142 -0.3651 0.1760
vn -0.9137 -0.3654 0.1778
vn -0.9116 -0.3669 0.1855
vn -0.8926 -0.4115 0.1844
vn -0.8921 -0.4142 0.1805
vn -0.8925 -0.4119 0.1837
vn -0.8897 -0.4030 0.2144
vn -0.8890 -0.4034 0.2167
vn -0.8864 -0.4049 0.2245
vn -0.8856 -0.4053 0.2268
vn -0.8825 -0.3993 0.2484
vn -0.8768 -0.4025 0.2631
vn -0.8691 -0.3913 0.3025
vn -0.8617 -0.3951 0.3183
vn -0.8499 -0.3820 0.3629
vn -0.8411 -0.3866 0.3782
vn -0.8257 -0.3725 0.4237
vn -0.8156 -0.3779 0.4382
vn -0.7970 -0.3634 0.4825
vn -0.7860 -0.3696 0.4957
vn -0.7660 -0.3559 0.5352
vn -0.9347 -0.3440 0.0898
vn -0.9345 -0.3441 0.0907
vn -0.9346 -0.3441 0.0904
vn -0.9158 -0.3704 0.1553
vn -0.9168 -0.3697 0.1509
vn -0.9155 -0.3706 0.1566
vn -0.8974 -0.4117 0.1585
vn -0.8921 -0.4143 0.1803
vn -0.8688 -0.4610 0.1806
vn -0.8720 -0.4515 0.1889
vn -0.8691 -0.4605 0.1807
vn -0.8654 -0.4490 0.2224
vn -0.8646 -0.4494 0.2248
vn -0.8619 -0.4505 0.2328
vn -0.8610 -0.4508 0.2353
vn -0.8583 -0.4450 0.2554
vn -0.8522 -0.4476 0.2709
vn -0.8455 -0.4368 0.3072
vn -0.8375 -0.4400 0.3239
vn -0.8272 -0.4273 0.3650
vn -0.8176 -0.4312 0.3814
vn -0.8040 -0.4174 0.4235
vn -0.7930 -0.4222 0.4392
vn -0.7765 -0.4079 0.4802
vn -0.1023 -0.7086 0.6981
vn -0.0939 -0.7738 0.6265
vn -0.0808 -0.7807 0.6197
vn -0.5026 -0.4721 0.7242
vn -0.5163 -0.4800 0.7092
vn -0.5048 -0.5419 0.6719
vn -0.5046 -0.5422 0.6719
vn -0.5052 -0.5415 0.6719
vn -0.1958 -0.6675 0.7184
vn -0.2302 -0.6785 0.6976
vn -0.2221 -0.7146 0.6634
vn -0.2157 -0.6865 0.6944
vn -0.1962 -0.7610 0.6183
vn -0.1907 -0.7381 0.6471
vn -0.1701 -0.8031 0.5711
vn -0.0691 -0.8461 0.5285
vn -0.0599 -0.8487 0.5255
vn -0.0609 -0.8485 0.5257
vn -0.1584 -0.7180 0.6778
vn -0.1526 -0.7474 0.6466
vn -0.1208 -0.7792 0.6151
vn -0.1247 -0.7890 0.6015
vn -0.1081 -0.8471 0.5203
vn -0.1085 -0.8470 0.5204
vn -0.1130 -0.8485 0.5171
vn -0.0123 -0.9645 0.2637
vn -0.0113 -0.9644 0.2642
vn -0.0118 -0.9645 0.2638
vn -0.0231 -0.9373 0.3478
vn -0.0132 -0.9367 0.3500
vn -0.0200 -0.9371 0.3485
vn -0.0293 -0.9371 0.3477
vn -0.0471 -0.8990 0.4354
vn -0.0411 -0.8998 0.4343
vn -0.0423 -0.8997 0.4345
vn -0.0480 -0.8989 0.4356
vn -0.0640 -0.9013 0.4284
vn -0.0447 -0.9390 0.3410
vn -0.0423 -0.9383 0.3433
vn -0.0441 -0.9388 0.3415
vn -0.0417 -0.9381 0.3438
vn -0.0197 -0.9652 0.2607
vn -0.0693 -0.8458 0.5289
vn -0.0936 -0.8502 0.5180
vn -0.0745 -0.9006 0.4282
vn -0.0821 -0.9024 0.4229
vn -0.0757 -0.9009 0.4274
vn -0.0837 -0.9029 0.4217
vn -0.0582 -0.9398 0.3366
vn -0.0594 -0.9402 0.3353
vn -0.0639 -0.9419 0.3299
vn -0.1876 -0.8671 0.4615
vn -0.1886 -0.8799 0.4362
vn -0.2260 -0.8302 0.5096
vn -0.2267 -0.8485 0.4782
vn -0.2678 -0.7835 0.5608
vn -0.2684 -0.8088 0.5232
vn -0.3114 -0.7265 0.6126
vn -0.3127 -0.7597 0.5702
vn -0.3521 -0.6665 0.6571
vn -0.3552 -0.7053 0.6135
vn -0.3878 -0.6086 0.6923
vn -0.3928 -0.6506 0.6500
vn -0.4182 -0.5531 0.7206
vn -0.4252 -0.5963 0.6809
vn -0.4376 -0.5365 0.7216
vn -0.4140 -0.5231 0.7449
vn -0.0863 -0.9461 0.3122
vn -0.0845 -0.9449 0.3163
vn -0.0857 -0.9457 0.3134
vn -0.0838 -0.9444 0.3178
vn -0.0309 -0.9687 0.2464
vn -0.0329 -0.9697 0.2420
vn -0.0317 -0.9691 0.2446
vn -0.2121 -0.8749 0.4354
vn -0.2113 -0.8880 0.4085
vn -0.2571 -0.8390 0.4796
vn -0.2554 -0.8575 0.4466
vn -0.3064 -0.7926 0.5271
vn -0.3042 -0.8182 0.4878
vn -0.3582 -0.7352 0.5755
vn -0.3564 -0.7687 0.5312
vn -0.4063 -0.6745 0.6163
vn -0.4063 -0.7135 0.5708
vn -0.4481 -0.6161 0.6478
vn -0.4502 -0.6582 0.6034
vn -0.4838 -0.5602 0.6724
vn -0.4881 -0.6035 0.6305
vn -0.5059 -0.5408 0.6720
vn -0.4623 -0.5124 0.7237
vn -0.4657 -0.4954 0.7332
vn -0.5492 -0.4243 0.7200
vn -0.5758 -0.4365 0.6913
vn -0.5695 -0.4762 0.6700
vn -0.5876 -0.4884 0.6451
vn -0.5709 -0.5493 0.6103
vn -0.5711 -0.5490 0.6102
vn -0.5709 -0.5492 0.6103
vn -0.6246 -0.3926 0.6750
vn -0.6326 -0.3959 0.6656
vn -0.6276 -0.4310 0.6483
vn -0.6467 -0.4432 0.6207
vn -0.6363 -0.4867 0.5986
vn -0.6506 -0.4979 0.5734
vn -0.6283 -0.5593 0.5408
vn -0.6286 -0.5590 0.5407
vn -0.6282 -0.5593 0.5408
vn -0.6459 -0.3835 0.6602
vn -0.6686 -0.3966 0.6290
vn -0.6616 -0.4360 0.6101
vn -0.6788 -0.4480 0.5818
vn -0.6662 -0.4926 0.5599
vn -0.6796 -0.5041 0.5330
vn -0.6600 -0.5534 0.5082
vn -0.6099 -0.6837 0.4008
vn -0.6491 -0.6276 0.4298
vn -0.4887 -0.4048 0.7729
vn -0.5346 -0.4570 0.7109
vn -0.5327 -0.4714 0.7028
vn -0.5529 -0.4841 0.6782
vn -0.5430 -0.5287 0.6524
vn -0.5707 -0.5494 0.6103
vn -0.5468 -0.6127 0.5706
vn -0.5462 -0.5721 0.6119
vn -0.5037 -0.6677 0.5482
vn -0.5052 -0.6284 0.5915
vn -0.4537 -0.7233 0.5206
vn -0.4573 -0.6870 0.5647
vn -0.3965 -0.7788 0.4860
vn -0.4017 -0.7476 0.5289
vn -0.3367 -0.8283 0.4478
vn -0.3417 -0.8045 0.4857
vn -0.2811 -0.8669 0.4116
vn -0.6701 -0.5643 0.4822
vn -0.6418 -0.6173 0.4550
vn -0.6270 -0.6180 0.4743
vn -0.5836 -0.6822 0.4405
vn -0.5865 -0.6810 0.4384
vn -0.5861 -0.6812 0.4388
vn -0.5834 -0.6822 0.4407
vn -0.5302 -0.7477 0.3998
vn -0.6768 -0.3510 0.6471
vn -0.6859 -0.3588 0.6330
vn -0.6822 -0.3886 0.6194
vn -0.7022 -0.4011 0.5883
vn -0.6933 -0.4415 0.5695
vn -0.7093 -0.4538 0.5393
vn -0.6944 -0.4997 0.5178
vn -0.7071 -0.5117 0.4880
vn -0.6846 -0.5621 0.4641
vn -0.6942 -0.5738 0.4346
vn -0.6623 -0.6275 0.4093
vn -0.6683 -0.6373 0.3836
vn -0.6188 -0.7010 0.3546
vn -0.6190 -0.6990 0.3582
vn -0.6188 -0.7006 0.3553
vn -0.6191 -0.6988 0.3583
vn -0.5578 -0.7624 0.3279
vn -0.5903 -0.4257 0.6858
vn -0.6126 -0.4390 0.6573
vn -0.6041 -0.4813 0.6351
vn -0.6201 -0.4929 0.6104
vn -0.6056 -0.5398 0.5846
vn -0.6280 -0.5595 0.5409
vn -0.5979 -0.6231 0.5043
vn -0.6006 -0.5862 0.5438
vn -0.5501 -0.6782 0.4873
vn -0.5548 -0.6427 0.5283
vn -0.4947 -0.7339 0.4655
vn -0.5012 -0.7012 0.5071
vn -0.4310 -0.7893 0.4373
vn -0.4388 -0.7613 0.4775
vn -0.3642 -0.8384 0.4054
vn -0.6662 -0.3095 0.6785
vn -0.7023 -0.3322 0.6297
vn -0.7031 -0.3476 0.6203
vn -0.7213 -0.3578 0.5931
vn -0.7154 -0.3938 0.5771
vn -0.7341 -0.4066 0.5439
vn -0.7232 -0.4482 0.5254
vn -0.7384 -0.4611 0.4920
vn -0.7209 -0.5082 0.4712
vn -0.7329 -0.5211 0.4375
vn -0.7071 -0.5724 0.4152
vn -0.7149 -0.5836 0.3851
vn -0.6795 -0.6376 0.3629
vn -0.6838 -0.6465 0.3383
vn -0.6371 -0.7024 0.3174
vn -0.6417 -0.7191 0.2667
vn -0.0522 -0.9676 0.2469
vn -0.0531 -0.9678 0.2459
vn -0.0478 -0.9683 0.2452
vn -0.0531 -0.9674 0.2478
vn -0.0180 -0.9740 0.2258
vn -0.0018 -0.9420 0.3355
vn -0.0497 -0.9656 0.2551
vn -0.0501 -0.9659 0.2541
vn -0.0555 -0.9714 0.2311
vn -0.0555 -0.9732 0.2230
vn -0.0180 -0.9745 0.2236
vn -0.1179 -0.9456 0.3033
vn -0.1222 -0.9508 0.2846
vn -0.1230 -0.9458 0.3004
vn -0.1278 -0.9550 0.2676
vn -0.1294 -0.9505 0.2825
vn -0.1322 -0.9583 0.2534
vn -0.1317 -0.9591 0.2506
vn -0.1334 -0.9563 0.2603
vn -0.1339 -0.9554 0.2633
vn -0.1345 -0.9615 0.2396
vn -0.1340 -0.9621 0.2375
vn -0.1356 -0.9601 0.2446
vn -0.1362 -0.9594 0.2469
vn -0.1355 -0.9638 0.2296
vn -0.1351 -0.9642 0.2282
vn -0.1364 -0.9629 0.2327
vn -0.1368 -0.9625 0.2342
vn -0.1351 -0.9662 0.2198
vn -0.1353 -0.9659 0.2206
vn -0.1346 -0.9663 0.2196
vn -0.1343 -0.9678 0.2127
vn -0.0773 -0.9434 0.3226
vn -0.0750 -0.9422 0.3265
vn -0.0767 -0.9430 0.3237
vn -0.0742 -0.9418 0.3279
vn -0.0273 -0.9671 0.2528
vn -0.1653 -0.7862 0.5955
vn -0.1490 -0.8303 0.5371
vn -0.1132 -0.8486 0.5167
vn -0.1188 -0.8607 0.4951
vn -0.0966 -0.9030 0.4186
vn -0.0994 -0.9040 0.4158
vn -0.0971 -0.9032 0.4182
vn -0.1001 -0.9042 0.4152
vn -0.0626 -0.9398 0.3359
vn -0.0615 -0.9392 0.3379
vn -0.0267 -0.9669 0.2539
vn -0.9717 -0.2342 -0.0302
vn -0.9718 -0.2341 -0.0278
vn -0.9720 -0.2340 -0.0220
vn -0.9721 -0.2339 -0.0196
vn -0.9681 -0.2445 -0.0555
vn -0.7214 -0.4318 -0.5415
vn -0.7034 -0.4311 -0.5651
vn -0.7592 -0.4078 -0.5073
vn -0.7421 -0.4075 -0.5322
vn -0.7952 -0.3830 -0.4701
vn -0.7793 -0.3830 -0.4960
vn -0.8295 -0.3572 -0.4293
vn -0.8150 -0.3575 -0.4559
vn -0.8620 -0.3305 -0.3844
vn -0.8491 -0.3312 -0.4115
vn -0.8919 -0.3032 -0.3355
vn -0.8809 -0.3040 -0.3627
vn -0.9182 -0.2758 -0.2844
vn -0.9091 -0.2768 -0.3113
vn -0.9405 -0.2488 -0.2314
vn -0.9334 -0.2497 -0.2578
vn -0.9589 -0.2220 -0.1765
vn -0.9536 -0.2229 -0.2022
vn -0.9725 -0.1971 -0.1240
vn -0.9690 -0.1977 -0.1482
vn -0.9782 -0.1822 -0.0993
vn -0.9759 -0.1822 -0.1203
vn -0.9821 -0.1703 -0.0808
vn -0.9805 -0.1701 -0.0984
vn -0.9850 -0.1604 -0.0642
vn -0.9840 -0.1600 -0.0786
vn -0.9872 -0.1520 -0.0486
vn -0.9871 -0.1519 -0.0509
vn -0.9868 -0.1516 -0.0574
vn -0.9866 -0.1515 -0.0598
vn -0.9891 -0.1442 -0.0308
vn -0.9890 -0.1441 -0.0324
vn -0.9889 -0.1438 -0.0370
vn -0.9889 -0.1437 -0.0388
vn -0.7085 -0.4657 -0.5303
vn -0.6888 -0.4654 -0.5559
vn -0.7462 -0.4416 -0.4982
vn -0.7274 -0.4417 -0.5251
vn -0.7824 -0.4165 -0.4629
vn -0.7649 -0.4170 -0.4909
vn -0.8172 -0.3905 -0.4240
vn -0.8011 -0.3913 -0.4528
vn -0.8503 -0.3634 -0.3808
vn -0.8360 -0.3646 -0.4101
vn -0.8810 -0.3355 -0.3335
vn -0.8687 -0.3370 -0.3630
vn -0.9082 -0.3076 -0.2839
vn -0.8980 -0.3092 -0.3131
vn -0.9315 -0.2798 -0.2322
vn -0.9234 -0.2815 -0.2609
vn -0.9510 -0.2523 -0.1786
vn -0.9449 -0.2540 -0.2064
vn -0.9657 -0.2266 -0.1270
vn -0.9616 -0.2279 -0.1532
vn -0.9723 -0.2106 -0.1014
vn -0.9695 -0.2113 -0.1240
vn -0.9768 -0.1979 -0.0816
vn -0.9750 -0.1982 -0.1006
vn -0.9802 -0.1872 -0.0639
vn -0.9791 -0.1872 -0.0795
vn -0.9829 -0.1781 -0.0472
vn -0.9828 -0.1781 -0.0498
vn -0.9824 -0.1780 -0.0567
vn -0.9823 -0.1779 -0.0594
vn -0.9851 -0.1696 -0.0283
vn -0.9851 -0.1696 -0.0302
vn -0.9849 -0.1694 -0.0351
vn -0.6930 -0.5022 -0.5172
vn -0.6714 -0.5022 -0.5450
vn -0.7307 -0.4782 -0.4872
vn -0.7100 -0.4787 -0.5164
vn -0.7672 -0.4531 -0.4540
vn -0.7478 -0.4541 -0.4843
vn -0.8024 -0.4270 -0.4169
vn -0.7846 -0.4285 -0.4482
vn -0.8361 -0.3998 -0.3755
vn -0.8202 -0.4017 -0.4074
vn -0.8678 -0.3716 -0.3299
vn -0.8540 -0.3739 -0.3619
vn -0.8959 -0.3433 -0.2818
vn -0.8844 -0.3458 -0.3135
vn -0.9204 -0.3151 -0.2315
vn -0.9111 -0.3177 -0.2626
vn -0.9410 -0.2871 -0.1792
vn -0.9340 -0.2896 -0.2094
vn -0.9568 -0.2606 -0.1286
vn -0.9520 -0.2628 -0.1570
vn -0.9645 -0.2438 -0.1020
vn -0.9612 -0.2452 -0.1266
vn -0.9698 -0.2301 -0.0809
vn -0.9676 -0.2310 -0.1017
vn -0.9738 -0.2186 -0.0622
vn -0.9725 -0.2191 -0.0792
vn -0.9770 -0.2088 -0.0445
vn -0.9768 -0.2088 -0.0475
vn -0.9764 -0.2089 -0.0548
vn -0.6745 -0.5411 -0.5023
vn -0.6503 -0.5415 -0.5328
vn -0.7121 -0.5174 -0.4745
vn -0.6890 -0.5183 -0.5065
vn -0.7488 -0.4926 -0.4434
vn -0.7271 -0.4941 -0.4767
vn -0.7845 -0.4667 -0.4084
vn -0.7644 -0.4688 -0.4426
vn -0.8189 -0.4396 -0.3689
vn -0.8009 -0.4422 -0.4037
vn -0.8515 -0.4114 -0.3250
vn -0.8358 -0.4145 -0.3601
vn -0.8808 -0.3830 -0.2785
vn -0.8675 -0.3864 -0.3133
vn -0.9064 -0.3545 -0.2297
vn -0.8957 -0.3581 -0.2638
vn -0.9283 -0.3261 -0.1787
vn -0.9200 -0.3297 -0.2118
vn -0.9454 -0.2992 -0.1291
vn -0.9396 -0.3024 -0.1602
vn -0.9542 -0.2814 -0.1015
vn -0.9503 -0.2837 -0.1286
vn -0.9605 -0.2668 -0.0792
vn -0.9603 -0.2669 -0.0809
vn -0.9598 -0.2673 -0.0858
vn -0.9597 -0.2674 -0.0870
vn -0.9662 -0.2504 -0.0617
vn -0.9690 -0.2439 -0.0407
vn -0.9762 -0.2089 -0.0578
vn -0.9796 -0.1995 -0.0245
vn -0.9849 -0.1693 -0.0370
vn -0.9512 -0.3082 -0.0110
vn -0.9459 -0.3232 -0.0272
vn -0.9393 -0.3425 -0.0182
vn -0.9361 -0.3510 -0.0227
vn -0.9393 -0.3427 -0.0183
vn -0.9250 -0.3656 -0.1032
vn -0.9132 -0.3852 -0.1332
vn -0.8946 -0.4057 -0.1873
vn -0.8633 -0.4519 -0.2245
vn -0.9342 -0.3484 -0.0764
vn -0.9284 -0.3657 -0.0659
vn -0.9360 -0.3513 -0.0228
vn -0.9261 -0.3771 -0.0107
vn -0.9225 -0.3857 -0.0156
vn -0.9260 -0.3774 -0.0110
vn -0.9223 -0.3797 -0.0718
vn -0.9143 -0.4006 -0.0589
vn -0.9223 -0.3861 -0.0158
vn -0.9094 -0.4159 -0.0018
vn -0.9054 -0.4245 -0.0071
vn -0.9093 -0.4162 -0.0022
vn -0.9157 -0.3985 0.0524
vn -0.9156 -0.3987 0.0521
vn -0.9168 -0.3956 0.0545
vn -0.8967 -0.4380 0.0645
vn -0.8953 -0.4411 0.0621
vn -0.8966 -0.4382 0.0643
vn -0.8992 -0.4195 0.1239
vn -0.8734 -0.4689 0.1316
vn -0.8746 -0.4660 0.1338
vn -0.8736 -0.4686 0.1316
vn -0.8721 -0.4511 0.1895
vn -0.8386 -0.5106 0.1896
vn -0.8421 -0.5015 0.1984
vn -0.8388 -0.5102 0.1901
vn -0.8357 -0.4986 0.2301
vn -0.8311 -0.4999 0.2437
vn -0.8288 -0.4943 0.2621
vn -0.8224 -0.4963 0.2783
vn -0.8166 -0.4861 0.3113
vn -0.8082 -0.4885 0.3289
vn -0.7993 -0.4764 0.3662
vn -0.7892 -0.4795 0.3838
vn -0.7774 -0.4663 0.4221
vn -0.9232 -0.3647 -0.1217
vn -0.9126 -0.3969 -0.0986
vn -0.9105 -0.3962 -0.1180
vn -0.8995 -0.4261 -0.0963
vn -0.9075 -0.4149 -0.0654
vn -0.8968 -0.4395 -0.0500
vn -0.9051 -0.4251 -0.0073
vn -0.8886 -0.4586 0.0087
vn -0.8841 -0.4672 0.0031
vn -0.8883 -0.4591 0.0083
vn -0.8952 -0.4414 0.0620
vn -0.8715 -0.4845 0.0756
vn -0.8700 -0.4876 0.0732
vn -0.8714 -0.4847 0.0754
vn -0.8746 -0.4659 0.1341
vn -0.8430 -0.5187 0.1422
vn -0.8442 -0.5161 0.1446
vn -0.8431 -0.5185 0.1424
vn -0.8424 -0.5009 0.1990
vn -0.8023 -0.5629 0.1986
vn -0.8000 -0.5511 0.2375
vn -0.7951 -0.5518 0.2516
vn -0.7933 -0.5466 0.2683
vn -0.7866 -0.5477 0.2851
vn -0.7819 -0.5383 0.3145
vn -0.7730 -0.5399 0.3331
vn -0.7658 -0.5286 0.3663
vn -0.8285 -0.5051 -0.2416
vn -0.8355 -0.5056 -0.2153
vn -0.7972 -0.5315 -0.2865
vn -0.9101 -0.3845 -0.1545
vn -0.8999 -0.4167 -0.1289
vn -0.8966 -0.4163 -0.1512
vn -0.8837 -0.4518 -0.1218
vn -0.8837 -0.4518 -0.1224
vn -0.8837 -0.4518 -0.1222
vn -0.8838 -0.4518 -0.1211
vn -0.8756 -0.4713 -0.1059
vn -0.8892 -0.4540 -0.0572
vn -0.8752 -0.4822 -0.0394
vn -0.8838 -0.4679 0.0027
vn -0.8629 -0.5050 0.0206
vn -0.8580 -0.5134 0.0146
vn -0.8625 -0.5057 0.0201
vn -0.8699 -0.4879 0.0729
vn -0.8408 -0.5342 0.0876
vn -0.8391 -0.5374 0.0849
vn -0.8407 -0.5345 0.0874
vn -0.8444 -0.5158 0.1448
vn -0.8064 -0.5712 0.1530
vn -0.8077 -0.5688 0.1555
vn -0.8065 -0.5711 0.1533
vn -0.8064 -0.5534 0.2083
vn -0.7593 -0.6168 0.2072
vn -0.7576 -0.6052 0.2444
vn -0.7527 -0.6052 0.2590
vn -0.7513 -0.6005 0.2737
vn -0.7444 -0.6008 0.2912
vn -0.7408 -0.5923 0.3169
vn -0.7905 -0.5821 -0.1903
vn -0.7916 -0.5820 -0.1860
vn -0.7915 -0.5822 -0.1862
vn -0.8075 -0.5423 -0.2320
vn -0.8641 -0.4904 -0.1137
vn -0.8528 -0.5135 -0.0953
vn -0.8667 -0.4966 -0.0473
vn -0.8487 -0.5281 -0.0271
vn -0.8575 -0.5142 0.0140
vn -0.8316 -0.5543 0.0337
vn -0.8263 -0.5626 0.0274
vn -0.8311 -0.5551 0.0332
vn -0.8389 -0.5377 0.0846
vn -0.8038 -0.5864 0.1001
vn -0.8019 -0.5894 0.0973
vn -0.8036 -0.5867 0.0998
vn -0.8079 -0.5684 0.1557
vn -0.7632 -0.6251 0.1637
vn -0.7645 -0.6228 0.1662
vn -0.7633 -0.6249 0.1640
vn -0.7639 -0.6076 0.2173
vn -0.7095 -0.6710 0.2152
vn -0.7084 -0.6598 0.2505
vn -0.6981 -0.6587 0.2806
vn -0.6983 -0.6584 0.2808
vn -0.6978 -0.6604 0.2775
vn -0.6977 -0.6608 0.2767
vn -0.6929 -0.6471 0.3181
vn -0.7317 -0.5928 0.3363
vn -0.7260 -0.5827 0.3653
vn -0.7551 -0.5307 0.3850
vn -0.7453 -0.5183 0.4194
vn -0.7657 -0.4702 0.4390
vn -0.7514 -0.4564 0.4765
vn -0.7645 -0.4135 0.4945
vn -0.7469 -0.4001 0.5311
vn -0.7544 -0.3630 0.5469
vn -0.7333 -0.3500 0.5829
vn -0.7368 -0.3186 0.5963
vn -0.7143 -0.3076 0.6286
vn -0.7141 -0.3071 0.6291
vn -0.7149 -0.3089 0.6273
vn -0.7152 -0.3095 0.6267
vn -0.6518 -0.5825 -0.4856
vn -0.6247 -0.5831 -0.5194
vn -0.6894 -0.5594 -0.4602
vn -0.6633 -0.5607 -0.4956
vn -0.7263 -0.5352 -0.4313
vn -0.7016 -0.5372 -0.4681
vn -0.7625 -0.5098 -0.3984
vn -0.7396 -0.5125 -0.4363
vn -0.7977 -0.4831 -0.3610
vn -0.7770 -0.4865 -0.3996
vn -0.8313 -0.4552 -0.3189
vn -0.8131 -0.4592 -0.3578
vn -0.8617 -0.4269 -0.2741
vn -0.8462 -0.4314 -0.3127
vn -0.8887 -0.3985 -0.2269
vn -0.8760 -0.4032 -0.2647
vn -0.9120 -0.3700 -0.1774
vn -0.9021 -0.3748 -0.2140
vn -0.9306 -0.3427 -0.1288
vn -0.9235 -0.3471 -0.1632
vn -0.9407 -0.3240 -0.1002
vn -0.9359 -0.3274 -0.1303
vn -0.9504 -0.3042 -0.0649
vn -0.9491 -0.3016 -0.0911
vn -0.9582 -0.2839 -0.0359
vn -0.9570 -0.2851 -0.0526
vn -0.9619 -0.2731 -0.0137
vn -0.9618 -0.2732 -0.0165
vn -0.9616 -0.2736 -0.0229
vn -0.9614 -0.2738 -0.0257
vn -0.8148 -0.5425 -0.2045
vn -0.7875 -0.5608 -0.2555
vn -0.7538 -0.5935 -0.2820
vn -0.7528 -0.5935 -0.2848
vn -0.7521 -0.5934 -0.2867
vn -0.8058 -0.5324 -0.2593
vn -0.7627 -0.5572 -0.3284
vn -0.7518 -0.5934 -0.2876
vn -0.7187 -0.6096 -0.3346
vn -0.6813 -0.6407 -0.3541
vn -0.6801 -0.6402 -0.3572
vn -0.6801 -0.6404 -0.3568
vn -0.7010 -0.6082 -0.3724
vn -0.6657 -0.6221 -0.4121
vn -0.6276 -0.6588 -0.4148
vn -0.6274 -0.6521 -0.4256
vn -0.6274 -0.6522 -0.4255
vn -0.6272 -0.6521 -0.4258
vn -0.5911 -0.6636 -0.4586
vn -0.5537 -0.6943 -0.4597
vn -0.5530 -0.6915 -0.4647
vn -0.5528 -0.6916 -0.4649
vn -0.4970 -0.7024 -0.5095
vn -0.4970 -0.7020 -0.5101
vn -0.4969 -0.7048 -0.5063
vn -0.4367 -0.7149 -0.5461
vn -0.4362 -0.7151 -0.5463
vn -0.4370 -0.7145 -0.5463
vn -0.4310 -0.7145 -0.5511
vn -0.2014 -0.7945 -0.5729
vn -0.1994 -0.7927 -0.5761
vn -0.2002 -0.7935 -0.5747
vn -0.1990 -0.7924 -0.5767
vn -0.2661 -0.7864 -0.5574
vn -0.2667 -0.7908 -0.5509
vn -0.2662 -0.7872 -0.5562
vn -0.3285 -0.7852 -0.5250
vn -0.3285 -0.7845 -0.5260
vn -0.3287 -0.7883 -0.5201
vn -0.2668 -0.7916 -0.5497
vn -0.2557 -0.8069 -0.5325
vn -0.2555 -0.8060 -0.5339
vn -0.2561 -0.8108 -0.5264
vn -0.2016 -0.8106 -0.5498
vn -0.1829 -0.8298 -0.5272
vn -0.1848 -0.8319 -0.5232
vn -0.1829 -0.8302 -0.5266
vn -0.7376 -0.5841 -0.3389
vn -0.6879 -0.6055 -0.4002
vn -0.6799 -0.6404 -0.3572
vn -0.6275 -0.6589 -0.4147
vn -0.6071 -0.6818 -0.4082
vn -0.5534 -0.6968 -0.4563
vn -0.5334 -0.7195 -0.4447
vn -0.5334 -0.7189 -0.4458
vn -0.5324 -0.7253 -0.4364
vn -0.4792 -0.7310 -0.4858
vn -0.4794 -0.7271 -0.4915
vn -0.4792 -0.7305 -0.4866
vn -0.4603 -0.7525 -0.4711
vn -0.4603 -0.7518 -0.4721
vn -0.4599 -0.7569 -0.4643
vn -0.4039 -0.7619 -0.5063
vn -0.4039 -0.7607 -0.5081
vn -0.4006 -0.7593 -0.5128
vn -0.3867 -0.7816 -0.4894
vn -0.3868 -0.7809 -0.4905
vn -0.3866 -0.7854 -0.4834
vn -0.3288 -0.7889 -0.5191
vn -0.3141 -0.8064 -0.5010
vn -0.3140 -0.8057 -0.5022
vn -0.3142 -0.8101 -0.4950
vn -0.2562 -0.8116 -0.5250
vn -0.2441 -0.8266 -0.5071
vn -0.2440 -0.8257 -0.5086
vn -0.2444 -0.8308 -0.5001
vn -0.1825 -0.8299 -0.5272
vn -0.1862 -0.8671 -0.4620
vn -0.2701 -0.9501 -0.1558
vn -0.2870 -0.9485 -0.1341
vn -0.3109 -0.9417 -0.1287
vn -0.3290 -0.9388 -0.1018
vn -0.3526 -0.9312 -0.0922
vn -0.3719 -0.9264 -0.0589
vn -0.3940 -0.9180 -0.0458
vn -0.4120 -0.9111 -0.0092
vn -0.4314 -0.9022 0.0059
vn -0.4463 -0.8939 0.0424
vn -0.4618 -0.8851 0.0572
vn -0.4708 -0.8783 0.0838
vn -0.4817 -0.8711 0.0959
vn -0.4895 -0.8635 0.1215
vn -0.4883 -0.8644 0.1200
vn -0.4937 -0.8604 0.1269
vn -0.4947 -0.8595 0.1283
vn -0.5020 -0.8495 0.1622
vn -0.5016 -0.8499 0.1617
vn -0.5033 -0.8483 0.1642
vn -0.5037 -0.8481 0.1647
vn -0.5089 -0.8364 0.2036
vn -0.5093 -0.8361 0.2041
vn -0.5076 -0.8377 0.2014
vn -0.5074 -0.8380 0.2009
vn -0.5099 -0.8260 0.2401
vn -0.5107 -0.8251 0.2416
vn -0.5061 -0.8305 0.2327
vn -0.5054 -0.8313 0.2314
vn -0.5063 -0.8137 0.2856
vn -0.4979 -0.8253 0.2664
vn -0.4935 -0.7977 0.3465
vn -0.3962 -0.8320 0.3883
vn -0.4053 -0.8621 0.3040
vn -0.4142 -0.8484 0.3297
vn -0.4166 -0.8706 0.2617
vn -0.4239 -0.8617 0.2789
vn -0.4231 -0.8754 0.2339
vn -0.4224 -0.8761 0.2325
vn -0.4263 -0.8721 0.2404
vn -0.4271 -0.8712 0.2419
vn -0.4241 -0.8814 0.2078
vn -0.4239 -0.8817 0.2073
vn -0.4253 -0.8804 0.2098
vn -0.4256 -0.8801 0.2104
vn -0.4202 -0.8901 0.1767
vn -0.4205 -0.8898 0.1771
vn -0.4193 -0.8908 0.1752
vn -0.4190 -0.8910 0.1747
vn -0.4122 -0.8995 0.1451
vn -0.4131 -0.8989 0.1464
vn -0.4089 -0.9017 0.1406
vn -0.4078 -0.9024 0.1393
vn -0.4023 -0.9078 0.1189
vn -0.3933 -0.9130 0.1081
vn -0.3858 -0.9186 0.0856
vn -0.3731 -0.9250 0.0722
vn -0.3609 -0.9317 0.0417
vn -0.3449 -0.9382 0.0277
vn -0.3304 -0.9438 -0.0030
vn -0.3121 -0.9499 -0.0157
vn -0.2965 -0.9540 -0.0441
vn -0.2769 -0.9594 -0.0541
vn -0.2621 -0.9619 -0.0772
vn -0.1342 -0.9682 0.2111
vn -0.1311 -0.9712 0.1991
vn -0.1320 -0.9706 0.2012
vn -0.1282 -0.9729 0.1924
vn -0.1259 -0.9747 0.1848
vn -0.1247 -0.9756 0.1807
vn -0.1244 -0.9758 0.1801
vn -0.1160 -0.9795 0.1650
vn -0.1161 -0.9793 0.1657
vn -0.1161 -0.9793 0.1655
vn -0.2456 -0.9694 -0.0001
vn -0.2582 -0.9658 0.0238
vn -0.2728 -0.9614 0.0356
vn -0.2845 -0.9567 0.0612
vn -0.2971 -0.9520 0.0737
vn -0.3070 -0.9466 0.0990
vn -0.3170 -0.9420 0.1106
vn -0.3248 -0.9366 0.1316
vn -0.3232 -0.9374 0.1296
vn -0.3287 -0.9344 0.1369
vn -0.3302 -0.9337 0.1388
vn -0.3356 -0.9288 0.1571
vn -0.3348 -0.9293 0.1558
vn -0.3379 -0.9274 0.1606
vn -0.3387 -0.9269 0.1617
vn -0.3440 -0.9204 0.1857
vn -0.3438 -0.9206 0.1853
vn -0.3446 -0.9200 0.1867
vn -0.3448 -0.9199 0.1870
vn -0.3489 -0.9124 0.2142
vn -0.3492 -0.9121 0.2148
vn -0.3479 -0.9132 0.2123
vn -0.3476 -0.9134 0.2117
vn -0.3498 -0.9058 0.2391
vn -0.3505 -0.9051 0.2406
vn -0.3473 -0.9082 0.2336
vn -0.3466 -0.9088 0.2322
vn -0.3482 -0.8973 0.2711
vn -0.3422 -0.9040 0.2562
vn -0.3410 -0.8865 0.3127
vn -0.3338 -0.8967 0.2908
vn -0.3274 -0.8731 0.3612
vn -0.3204 -0.8865 0.3339
vn -0.3084 -0.8605 0.4055
vn -0.2339 -0.8840 0.4047
vn -0.2475 -0.9042 0.3479
vn -0.2518 -0.8931 0.3728
vn -0.2610 -0.9130 0.3137
vn -0.2663 -0.9033 0.3363
vn -0.2710 -0.9214 0.2785
vn -0.2764 -0.9140 0.2968
vn -0.2771 -0.9276 0.2506
vn -0.2818 -0.9226 0.2635
vn -0.2808 -0.9311 0.2327
vn -0.2802 -0.9317 0.2312
vn -0.2827 -0.9294 0.2372
vn -0.2834 -0.9288 0.2387
vn -0.2812 -0.9352 0.2155
vn -0.2809 -0.9354 0.2149
vn -0.2820 -0.9345 0.2173
vn -0.2823 -0.9343 0.2179
vn -0.2784 -0.9406 0.1946
vn -0.2786 -0.9404 0.1950
vn -0.2782 -0.9407 0.1942
vn -0.2780 -0.9408 0.1939
vn -0.2732 -0.9462 0.1734
vn -0.2738 -0.9458 0.1745
vn -0.2716 -0.9471 0.1708
vn -0.2710 -0.9475 0.1697
vn -0.2661 -0.9516 0.1541
vn -0.2672 -0.9510 0.1557
vn -0.2632 -0.9530 0.1499
vn -0.2620 -0.9536 0.1481
vn -0.2552 -0.9581 0.1300
vn -0.2569 -0.9574 0.1322
vn -0.2511 -0.9599 0.1247
vn -0.2493 -0.9607 0.1224
vn -0.2413 -0.9651 0.1016
vn -0.2316 -0.9686 0.0908
vn -0.2222 -0.9725 0.0697
vn -0.1162 -0.9793 0.1659
vn -0.1087 -0.9829 0.1486
vn -0.0968 -0.9865 0.1321
vn -0.0970 -0.9864 0.1325
vn -0.0974 -0.9862 0.1339
vn -0.8065 -0.5908 -0.0227
vn -0.7925 -0.6061 -0.0678
vn -0.7773 -0.6242 -0.0785
vn -0.7480 -0.6470 -0.1477
vn -0.7285 -0.6668 -0.1571
vn -0.6887 -0.6882 -0.2281
vn -0.6658 -0.7086 -0.2336
vn -0.6206 -0.7257 -0.2971
vn -0.5959 -0.7459 -0.2976
vn -0.5511 -0.7581 -0.3488
vn -0.5259 -0.7778 -0.3441
vn -0.4825 -0.7866 -0.3853
vn -0.4580 -0.8054 -0.3761
vn -0.4148 -0.8120 -0.4105
vn -0.3919 -0.8297 -0.3976
vn -0.3473 -0.8348 -0.4272
vn -0.3266 -0.8508 -0.4116
vn -0.2810 -0.8546 -0.4366
vn -0.2812 -0.8489 -0.4475
vn -0.2810 -0.8538 -0.4382
vn -0.2631 -0.8688 -0.4195
vn -0.7935 -0.6068 0.0471
vn -0.7884 -0.6138 0.0411
vn -0.7877 -0.6148 0.0402
vn -0.7788 -0.6273 0.0022
vn -0.7676 -0.6408 -0.0082
vn -0.7539 -0.6550 -0.0512
vn -0.7376 -0.6722 -0.0631
vn -0.7099 -0.6926 -0.1280
vn -0.6891 -0.7113 -0.1387
vn -0.6521 -0.7299 -0.2050
vn -0.6279 -0.7489 -0.2119
vn -0.5863 -0.7633 -0.2713
vn -0.5603 -0.7820 -0.2731
vn -0.5195 -0.7919 -0.3210
vn -0.4931 -0.8099 -0.3176
vn -0.4539 -0.8168 -0.3560
vn -0.4282 -0.8340 -0.3479
vn -0.3894 -0.8390 -0.3801
vn -0.3653 -0.8550 -0.3681
vn -0.3252 -0.8587 -0.3960
vn -0.3035 -0.8733 -0.3810
vn -0.2625 -0.8759 -0.4047
vn -0.2437 -0.8888 -0.3881
vn -0.7598 -0.6403 0.1126
vn -0.7581 -0.6428 0.1100
vn -0.7578 -0.6432 0.1096
vn -0.7493 -0.6593 0.0617
vn -0.7501 -0.6584 0.0626
vn -0.7440 -0.6659 0.0554
vn -0.7431 -0.6670 0.0543
vn -0.7344 -0.6785 0.0185
vn -0.7225 -0.6913 0.0072
vn -0.7093 -0.7041 -0.0333
vn -0.6921 -0.7203 -0.0464
vn -0.6663 -0.7380 -0.1064
vn -0.6445 -0.7554 -0.1185
vn -0.6109 -0.7711 -0.1797
vn -0.5856 -0.7885 -0.1881
vn -0.5482 -0.8003 -0.2430
vn -0.5211 -0.8172 -0.2464
vn -0.4847 -0.8250 -0.2905
vn -0.4573 -0.8412 -0.2887
vn -0.4227 -0.8464 -0.3241
vn -0.3960 -0.8616 -0.3174
vn -0.3617 -0.8652 -0.3472
vn -0.3367 -0.8795 -0.3364
vn -0.3014 -0.8820 -0.3623
vn -0.2788 -0.8949 -0.3484
vn -0.2426 -0.8966 -0.3706
vn -0.2230 -0.9080 -0.3547
vn -0.8113 -0.5773 -0.0922
vn -0.7809 -0.6024 -0.1652
vn -0.7628 -0.6230 -0.1733
vn -0.7207 -0.6471 -0.2486
vn -0.6994 -0.6685 -0.2529
vn -0.6510 -0.6883 -0.3201
vn -0.6278 -0.7098 -0.3195
vn -0.5795 -0.7243 -0.3737
vn -0.5558 -0.7454 -0.3682
vn -0.5086 -0.7562 -0.4118
vn -0.4855 -0.7764 -0.4019
vn -0.4383 -0.7848 -0.4382
vn -0.4392 -0.7785 -0.4484
vn -0.4384 -0.7840 -0.4395
vn -0.4166 -0.8038 -0.4248
vn -0.3678 -0.8104 -0.4560
vn -0.3683 -0.8050 -0.4650
vn -0.3680 -0.8096 -0.4573
vn -0.3482 -0.8277 -0.4400
vn -0.2982 -0.8328 -0.4663
vn -0.2982 -0.8278 -0.4752
vn -0.2982 -0.8320 -0.4677
vn -0.2813 -0.8481 -0.4490
vn -0.2175 -0.8522 -0.4758
vn -0.2176 -0.8525 -0.4752
vn -0.2179 -0.8527 -0.4748
vn -0.2181 -0.8713 -0.4395
vn -0.2034 -0.8833 -0.4224
vn -0.2034 -0.8905 -0.4071
vn -0.1879 -0.9014 -0.3901
vn -0.1875 -0.9089 -0.3725
vn -0.7132 -0.6789 0.1743
vn -0.7144 -0.6771 0.1764
vn -0.7146 -0.6768 0.1768
vn -0.7092 -0.6938 0.1254
vn -0.7095 -0.6934 0.1258
vn -0.7073 -0.6962 0.1226
vn -0.7070 -0.6966 0.1221
vn -0.6982 -0.7118 0.0766
vn -0.6992 -0.7107 0.0777
vn -0.6930 -0.7176 0.0702
vn -0.6919 -0.7187 0.0689
vn -0.6835 -0.7291 0.0355
vn -0.6710 -0.7411 0.0233
vn -0.6585 -0.7524 -0.0142
vn -0.6407 -0.7672 -0.0285
vn -0.6172 -0.7824 -0.0831
vn -0.5948 -0.7981 -0.0966
vn -0.5648 -0.8111 -0.1520
vn -0.5389 -0.8266 -0.1621
vn -0.5059 -0.8362 -0.2119
vn -0.4782 -0.8510 -0.2170
vn -0.4465 -0.8570 -0.2571
vn -0.4185 -0.8711 -0.2569
vn -0.3886 -0.8749 -0.2890
vn -0.3614 -0.8881 -0.2841
vn -0.3318 -0.8906 -0.3111
vn -0.3063 -0.9028 -0.3019
vn -0.2757 -0.9044 -0.3257
vn -0.2526 -0.9155 -0.3132
vn -0.2213 -0.9164 -0.3336
vn -0.2484 -0.9257 -0.2853
vn -0.2744 -0.9247 -0.2639
vn -0.2997 -0.9147 -0.2711
vn -0.3247 -0.9130 -0.2470
vn -0.3517 -0.9021 -0.2500
vn -0.3770 -0.8994 -0.2215
vn -0.4048 -0.8876 -0.2197
vn -0.4317 -0.8830 -0.1841
vn -0.4593 -0.8704 -0.1772
vn -0.4876 -0.8629 -0.1328
vn -0.5134 -0.8495 -0.1213
vn -0.5395 -0.8389 -0.0720
vn -0.5620 -0.8252 -0.0574
vn -0.5829 -0.8125 -0.0086
vn -0.6008 -0.7994 0.0066
vn -0.6124 -0.7895 0.0408
vn -0.6250 -0.7788 0.0536
vn -0.6342 -0.7684 0.0857
vn -0.6330 -0.7695 0.0843
vn -0.6394 -0.7633 0.0921
vn -0.6405 -0.7623 0.0934
vn -0.6486 -0.7489 0.1355
vn -0.6483 -0.7494 0.1349
vn -0.6504 -0.7469 0.1381
vn -0.6508 -0.7465 0.1386
vn -0.6560 -0.7314 0.1863
vn -0.6563 -0.7310 0.1868
vn -0.6548 -0.7330 0.1842
vn -0.6546 -0.7333 0.1838
vn -0.6568 -0.7172 0.2329
vn -0.5836 -0.7591 0.2884
vn -0.5845 -0.7783 0.2292
vn -0.5839 -0.7791 0.2279
vn -0.5886 -0.7729 0.2372
vn -0.5893 -0.7719 0.2386
vn -0.5867 -0.7864 0.1932
vn -0.5865 -0.7867 0.1929
vn -0.5880 -0.7849 0.1955
vn -0.5883 -0.7846 0.1959
vn -0.5822 -0.7989 0.1510
vn -0.5826 -0.7985 0.1515
vn -0.5806 -0.8005 0.1486
vn -0.5801 -0.8010 0.1480
vn -0.5715 -0.8134 0.1087
vn -0.5726 -0.8124 0.1101
vn -0.5666 -0.8176 0.1027
vn -0.5654 -0.8186 0.1011
vn -0.5580 -0.8266 0.0734
vn -0.5458 -0.8357 0.0605
vn -0.5354 -0.8441 0.0300
vn -0.5181 -0.8552 0.0146
vn -0.5001 -0.8655 -0.0281
vn -0.4785 -0.8770 -0.0434
vn -0.4565 -0.8855 -0.0863
vn -0.4318 -0.8965 -0.0990
vn -0.4081 -0.9025 -0.1378
vn -0.3818 -0.9126 -0.1463
vn -0.3595 -0.9161 -0.1774
vn -0.3329 -0.9254 -0.1811
vn -0.3121 -0.9274 -0.2061
vn -0.2862 -0.9359 -0.2052
vn -0.2656 -0.9371 -0.2264
vn -0.7903 -0.5821 -0.1913
vn -0.7485 -0.6073 -0.2663
vn -0.7288 -0.6294 -0.2696
vn -0.6779 -0.6518 -0.3401
vn -0.6563 -0.6742 -0.3387
vn -0.6049 -0.6911 -0.3956
vn -0.5828 -0.7132 -0.3895
vn -0.5322 -0.7261 -0.4354
vn -0.5105 -0.7474 -0.4251
vn -0.4597 -0.7577 -0.4633
vn -0.4393 -0.7777 -0.4496
vn -0.3866 -0.7860 -0.4824
vn -0.3683 -0.8043 -0.4663
vn -0.3142 -0.8108 -0.4938
vn -0.2983 -0.8270 -0.4766
vn -0.2445 -0.8317 -0.4985
vn -0.2214 -0.8552 -0.4685
vn -0.1622 -0.8580 -0.4874
vn -0.1639 -0.8848 -0.4362
vn -0.1403 -0.9023 -0.4077
vn -0.1413 -0.9032 -0.4054
vn -0.1402 -0.9024 -0.4075
vn -0.1400 -0.9023 -0.4078
vn -0.1401 -0.9190 -0.3686
vn -0.1713 -0.9186 -0.3561
vn -0.1706 -0.9265 -0.3353
vn -0.2013 -0.9262 -0.3189
vn -0.1988 -0.9352 -0.2931
vn -0.2254 -0.9347 -0.2747
vn -0.2197 -0.9455 -0.2404
vn -0.2413 -0.9448 -0.2214
vn -0.2299 -0.9572 -0.1757
vn -0.2469 -0.9562 -0.1571
vn -0.2283 -0.9682 -0.1027
vn -0.2422 -0.9666 -0.0837
vn -0.2178 -0.9755 -0.0296
vn -0.2298 -0.9732 -0.0099
vn -0.2007 -0.9789 0.0393
vn -0.2109 -0.9757 0.0592
vn -0.0835 -0.9416 -0.3263
vn -0.0814 -0.9404 -0.3303
vn -0.0834 -0.9415 -0.3265
vn -0.1361 -0.9500 -0.2810
vn -0.1131 -0.9499 -0.2915
vn -0.0999 -0.9554 -0.2778
vn -0.1561 -0.9587 -0.2379
vn -0.1342 -0.9586 -0.2512
vn -0.1182 -0.9637 -0.2393
vn -0.0989 -0.9635 -0.2486
vn -0.0862 -0.9677 -0.2367
vn -0.1137 -0.9417 -0.3165
vn -0.0837 -0.9416 -0.3260
vn -0.0831 -0.9553 -0.2836
vn -0.0627 -0.9673 -0.2459
vn -0.0582 -0.9654 -0.2540
vn -0.0633 -0.9674 -0.2451
vn -0.0517 -0.9924 -0.1120
vn -0.0720 -0.9923 -0.1008
vn -0.0714 -0.9924 -0.1005
vn -0.0816 -0.9912 -0.1047
vn -0.0819 -0.9911 -0.1047
vn -0.0961 -0.9908 -0.0954
vn -0.0951 -0.9909 -0.0951
vn -0.1068 -0.9895 -0.0977
vn -0.1075 -0.9894 -0.0978
vn -0.1209 -0.9889 -0.0859
vn -0.1350 -0.9871 -0.0866
vn -0.1476 -0.9863 -0.0734
vn -0.1628 -0.9841 -0.0717
vn -0.1745 -0.9830 -0.0574
vn -0.1660 -0.9861 0.0064
vn -0.1543 -0.9880 -0.0084
vn -0.1566 -0.9876 -0.0074
vn -0.1465 -0.9891 -0.0115
vn -0.1440 -0.9895 -0.0125
vn -0.1325 -0.9909 -0.0251
vn -0.1344 -0.9906 -0.0246
vn -0.1243 -0.9919 -0.0271
vn -0.1222 -0.9921 -0.0276
vn -0.1102 -0.9931 -0.0392
vn -0.1117 -0.9930 -0.0390
vn -0.1019 -0.9940 -0.0398
vn -0.1002 -0.9942 -0.0399
vn -0.0880 -0.9949 -0.0500
vn -0.0891 -0.9948 -0.0501
vn -0.0802 -0.9956 -0.0493
vn -0.0789 -0.9957 -0.0492
vn -0.0672 -0.9961 -0.0574
vn -0.0679 -0.9960 -0.0575
vn -0.0600 -0.9967 -0.0555
vn -0.0976 -0.9861 0.1345
vn -0.0885 -0.9890 0.1186
vn -0.0755 -0.9915 0.1056
vn -0.0757 -0.9914 0.1063
vn -0.0767 -0.9911 0.1085
vn -0.0771 -0.9910 0.1093
vn -0.0674 -0.9931 0.0964
vn -0.0557 -0.9727 0.2251
vn -0.0554 -0.9736 0.2216
vn -0.0532 -0.9759 0.2117
vn -0.0529 -0.9759 0.2117
vn -0.0525 -0.9761 0.2107
vn -0.0495 -0.9780 0.2027
vn -0.0504 -0.9776 0.2044
vn -0.0478 -0.9787 0.1996
vn -0.0468 -0.9791 0.1978
vn -0.0425 -0.9810 0.1890
vn -0.0439 -0.9806 0.1909
vn -0.0400 -0.9818 0.1856
vn -0.0385 -0.9823 0.1835
vn -0.0342 -0.9836 0.1769
vn -0.0358 -0.9833 0.1786
vn -0.0286 -0.9849 0.1710
vn -0.0275 -0.9851 0.1696
vn -0.0270 -0.9853 0.1690
vn 0.0599 -0.9921 0.1103
vn -0.0073 -0.9957 0.0920
vn -0.0077 -0.9957 0.0922
vn -0.0077 -0.9957 0.0924
vn -0.0184 -0.9955 0.0928
vn -0.0206 -0.9955 0.0928
vn -0.0280 -0.9949 0.0965
vn -0.0249 -0.9951 0.0955
vn -0.0347 -0.9945 0.0987
vn -0.0373 -0.9943 0.0996
vn -0.0422 -0.9936 0.1043
vn -0.0103 -0.9965 0.0835
vn -0.0537 -0.9886 0.1408
vn -0.0519 -0.9889 0.1395
vn -0.0577 -0.9879 0.1436
vn -0.0594 -0.9877 0.1448
vn -0.0686 -0.9847 0.1599
vn -0.0669 -0.9852 0.1581
vn -0.0720 -0.9839 0.1635
vn -0.0736 -0.9835 0.1652
vn -0.0818 -0.9797 0.1832
vn -0.0806 -0.9801 0.1815
vn -0.0842 -0.9788 0.1866
vn -0.0853 -0.9784 0.1882
vn -0.0902 -0.9751 0.2028
vn -0.0897 -0.9753 0.2020
vn -0.0912 -0.9746 0.2045
vn -0.0916 -0.9744 0.2053
vn -0.0946 -0.9710 0.2197
vn -0.0948 -0.9708 0.2202
vn -0.0945 -0.9709 0.2200
vn -0.0953 -0.9687 0.2292
vn -0.0950 -0.9684 0.2305
vn -0.0947 -0.9668 0.2373
vn -0.0943 -0.9665 0.2386
vn -0.0933 -0.9644 0.2473
vn -0.0927 -0.9651 0.2449
vn -0.0924 -0.9658 0.2421
vn -0.0904 -0.9603 0.2640
vn -0.0905 -0.9593 0.2674
vn -0.0900 -0.9622 0.2569
vn -0.0898 -0.9630 0.2540
vn -0.0860 -0.9561 0.2800
vn -0.0861 -0.9602 0.2658
vn -0.0803 -0.9533 0.2912
vn -0.0747 -0.9302 0.3594
vn -0.0950 -0.9496 0.2986
vn -0.1763 -0.9767 -0.1221
vn -0.1612 -0.9773 -0.1372
vn -0.1442 -0.9804 -0.1344
vn -0.1284 -0.9807 -0.1477
vn -0.1135 -0.9833 -0.1426
vn -0.0979 -0.9833 -0.1534
vn -0.0854 -0.9855 -0.1469
vn -0.0620 -0.9852 -0.1598
vn -0.0529 -0.9883 -0.1428
vn -0.0056 -0.9878 -0.1558
vn 0.0956 -0.6322 -0.7689
vn 0.0990 -0.6307 -0.7697
vn 0.0982 -0.6310 -0.7695
vn 0.1299 -0.6292 -0.7663
vn 0.1309 -0.6287 -0.7665
vn 0.1346 -0.6270 -0.7673
vn 0.1297 -0.6651 -0.7354
vn 0.1351 -0.6627 -0.7366
vn 0.1340 -0.6632 -0.7363
vn 0.1617 -0.6610 -0.7328
vn 0.1631 -0.6603 -0.7331
vn 0.1681 -0.6579 -0.7341
vn 0.1712 -0.6985 -0.6949
vn 0.1688 -0.7006 -0.6933
vn 0.1696 -0.6999 -0.6938
vn 0.1683 -0.7330 -0.6590
vn 0.1307 -0.7357 -0.6646
vn 0.1322 -0.6997 -0.7021
vn 0.1261 -0.7023 -0.7006
vn 0.1274 -0.7018 -0.7009
vn 0.0947 -0.6688 -0.7374
vn 0.0980 -0.6675 -0.7382
vn 0.0939 -0.6692 -0.7371
vn 0.0931 -0.7056 -0.7025
vn 0.0977 -0.7038 -0.7037
vn 0.0967 -0.7042 -0.7034
vn 0.0922 -0.7060 -0.7022
vn 0.1011 -0.7457 -0.6586
vn 0.0965 -0.7491 -0.6554
vn 0.0980 -0.7480 -0.6564
vn 0.1059 -0.7421 -0.6619
vn 0.2245 -0.7203 -0.6564
vn 0.1788 -0.7243 -0.6659
vn 0.1738 -0.6962 -0.6965
vn 0.1335 -0.6992 -0.7024
vn 0.1286 -0.6656 -0.7351
vn 0.0988 -0.6671 -0.7384
vn 0.0948 -0.6326 -0.7687
vn 0.9894 -0.1414 -0.0319
vn 0.9884 -0.1461 -0.0409
vn 0.9886 -0.1454 -0.0382
vn 0.9879 -0.1478 -0.0476
vn 0.9876 -0.1484 -0.0503
vn 0.9861 -0.1546 -0.0605
vn 0.9863 -0.1541 -0.0587
vn 0.9857 -0.1558 -0.0649
vn 0.9855 -0.1562 -0.0666
vn 0.9833 -0.1639 -0.0784
vn 0.9835 -0.1635 -0.0769
vn 0.9829 -0.1650 -0.0822
vn 0.9827 -0.1654 -0.0837
vn 0.9798 -0.1749 -0.0974
vn 0.9800 -0.1744 -0.0959
vn 0.9791 -0.1761 -0.1016
vn 0.9789 -0.1765 -0.1031
vn 0.9748 -0.1882 -0.1195
vn 0.9753 -0.1874 -0.1171
vn 0.9736 -0.1903 -0.1260
vn 0.9732 -0.1910 -0.1284
vn 0.9684 -0.2035 -0.1442
vn 0.9594 -0.2158 -0.1813
vn 0.9183 -0.2694 -0.2900
vn 0.9331 -0.2562 -0.2525
vn 0.9321 -0.2731 -0.2380
vn 0.9443 -0.2602 -0.2016
vn 0.9419 -0.2804 -0.1849
vn 0.9510 -0.2689 -0.1527
vn 0.9467 -0.2927 -0.1344
vn 0.9485 -0.2901 -0.1272
vn 0.9473 -0.2919 -0.1323
vn 0.9490 -0.2893 -0.1250
vn 0.9801 -0.1966 -0.0259
vn 0.9787 -0.2021 -0.0365
vn 0.9790 -0.2013 -0.0335
vn 0.9780 -0.2041 -0.0435
vn 0.9777 -0.2050 -0.0465
vn 0.9755 -0.2122 -0.0587
vn 0.9757 -0.2117 -0.0568
vn 0.9749 -0.2136 -0.0631
vn 0.9746 -0.2141 -0.0649
vn 0.9716 -0.2232 -0.0791
vn 0.9718 -0.2227 -0.0775
vn 0.9710 -0.2244 -0.0829
vn 0.9707 -0.2249 -0.0844
vn 0.9665 -0.2361 -0.1008
vn 0.9668 -0.2355 -0.0992
vn 0.9658 -0.2374 -0.1047
vn 0.9655 -0.2379 -0.1062
vn 0.9856 -0.1666 -0.0296
vn 0.9844 -0.1717 -0.0394
vn 0.9846 -0.1709 -0.0365
vn 0.9837 -0.1735 -0.0463
vn 0.9835 -0.1743 -0.0491
vn 0.9816 -0.1810 -0.0602
vn 0.9818 -0.1805 -0.0584
vn 0.9811 -0.1823 -0.0647
vn 0.9809 -0.1828 -0.0665
vn 0.9783 -0.1912 -0.0794
vn 0.9786 -0.1907 -0.0778
vn 0.9778 -0.1924 -0.0832
vn 0.9776 -0.1928 -0.0848
vn 0.9741 -0.2030 -0.0998
vn 0.9743 -0.2025 -0.0982
vn 0.9734 -0.2043 -0.1038
vn 0.9731 -0.2048 -0.1054
vn 0.9683 -0.2173 -0.1232
vn 0.9688 -0.2165 -0.1208
vn 0.9670 -0.2194 -0.1295
vn 0.9665 -0.2202 -0.1318
vn 0.1008 -0.7789 -0.6190
vn 0.1051 -0.7759 -0.6221
vn 0.1050 -0.7759 -0.6220
vn 0.1092 -0.7730 -0.6250
vn 0.1604 -0.7698 -0.6178
vn 0.1727 -0.7604 -0.6260
vn 0.2141 -0.7570 -0.6174
vn 0.2295 -0.7447 -0.6267
vn 0.2630 -0.7413 -0.6175
vn 0.2005 -0.7920 -0.5767
vn 0.2014 -0.7928 -0.5752
vn 0.2001 -0.7917 -0.5772
vn 0.2796 -0.7841 -0.5541
vn 0.4397 -0.7132 -0.5459
vn 0.4291 -0.7147 -0.5523
vn 0.4394 -0.7135 -0.5458
vn 0.2697 -0.7768 -0.5691
vn 0.2768 -0.7663 -0.5798
vn 0.2169 -0.7724 -0.5970
vn 0.2027 -0.7939 -0.5732
vn 0.1642 -0.7968 -0.5815
vn 0.1499 -0.8066 -0.5718
vn 0.1036 -0.8091 -0.5785
vn 0.0989 -0.8122 -0.5750
vn 0.0939 -0.8150 -0.5719
vn 0.0941 -0.8152 -0.5714
vn 0.1391 -0.8691 -0.4746
vn 0.1216 -0.8779 -0.4632
vn 0.0874 -0.8790 -0.4688
vn 0.0759 -0.8845 -0.4604
vn 0.0858 -0.8507 -0.5187
vn 0.0964 -0.8447 -0.5265
vn 0.1369 -0.8428 -0.5205
vn 0.1529 -0.8333 -0.5312
vn 0.1837 -0.8295 -0.5274
vn 0.1859 -0.8313 -0.5238
vn 0.1847 -0.8303 -0.5258
vn 0.2028 -0.8098 -0.5505
vn 0.2696 -0.8038 -0.5304
vn 0.2652 -0.7722 -0.5775
vn 0.3572 -0.7603 -0.5426
vn 0.1636 -0.8663 -0.4719
vn 0.1640 -0.8665 -0.4715
vn 0.1640 -0.8663 -0.4719
vn 0.1657 -0.8680 -0.4682
vn 0.1854 -0.8475 -0.4974
vn 0.1834 -0.8292 -0.5280
vn 0.2585 -0.8235 -0.5050
vn 0.2549 -0.7918 -0.5551
vn 0.3444 -0.7813 -0.5206
vn 0.3412 -0.7470 -0.5705
vn 0.7456 -0.4341 -0.5056
vn 0.7657 -0.4249 -0.4828
vn 0.7670 -0.4452 -0.4620
vn 0.7848 -0.4364 -0.4401
vn 0.7848 -0.4585 -0.4170
vn 0.8005 -0.4501 -0.3957
vn 0.7987 -0.4747 -0.3698
vn 0.8121 -0.4670 -0.3499
vn 0.8066 -0.4998 -0.3156
vn 0.7946 -0.3761 -0.4766
vn 0.8158 -0.3652 -0.4485
vn 0.8169 -0.3831 -0.4311
vn 0.8362 -0.3721 -0.4029
vn 0.8363 -0.3922 -0.3831
vn 0.8537 -0.3812 -0.3549
vn 0.8522 -0.4037 -0.3327
vn 0.8667 -0.3936 -0.3066
vn 0.8630 -0.4193 -0.2817
vn 0.8746 -0.4103 -0.2584
vn 0.8696 -0.4332 -0.2371
vn 0.8862 -0.4187 -0.1985
vn 0.8810 -0.4364 -0.1828
vn 0.8944 -0.4227 -0.1462
vn 0.8617 -0.3238 -0.3906
vn 0.8811 -0.3111 -0.3562
vn 0.8812 -0.3284 -0.3401
vn 0.8977 -0.3161 -0.3070
vn 0.8965 -0.3362 -0.2885
vn 0.9104 -0.3244 -0.2570
vn 0.9074 -0.3475 -0.2363
vn 0.9188 -0.3363 -0.2065
vn 0.9135 -0.3631 -0.1835
vn 0.9219 -0.3537 -0.1584
vn 0.9152 -0.3784 -0.1389
vn 0.9213 -0.3706 -0.1178
vn 0.9148 -0.3905 -0.1034
vn 0.9225 -0.3793 -0.0722
vn 0.9513 -0.3081 -0.0113
vn 0.9460 -0.3229 -0.0278
vn 0.9460 -0.3230 -0.0275
vn 0.9460 -0.3224 -0.0332
vn 0.9460 -0.3223 -0.0343
vn 0.9397 -0.3346 -0.0715
vn 0.8291 -0.3504 -0.4357
vn 0.8496 -0.3386 -0.4045
vn 0.8502 -0.3562 -0.3877
vn 0.8687 -0.3442 -0.3562
vn 0.8682 -0.3642 -0.3371
vn 0.8838 -0.3528 -0.3071
vn 0.8817 -0.3756 -0.2857
vn 0.8946 -0.3650 -0.2578
vn 0.8901 -0.3912 -0.2338
vn 0.9005 -0.3816 -0.2084
vn 0.8947 -0.4053 -0.1878
vn 0.9081 -0.3910 -0.1496
vn 0.9022 -0.4097 -0.1347
vn 0.9085 -0.4021 -0.1140
vn 0.9626 -0.2704 -0.0151
vn 0.9604 -0.2773 -0.0281
vn 0.9607 -0.2763 -0.0249
vn 0.9596 -0.2793 -0.0348
vn 0.9592 -0.2803 -0.0380
vn 0.9561 -0.2885 -0.0512
vn 0.9529 -0.2948 -0.0708
vn 0.9464 -0.3113 -0.0856
vn 0.9423 -0.3181 -0.1047
vn 0.5533 -0.6906 -0.4658
vn 0.5535 -0.6905 -0.4658
vn 0.5535 -0.6905 -0.4656
vn 0.6277 -0.6511 -0.4267
vn 0.6278 -0.6511 -0.4265
vn 0.6278 -0.6512 -0.4264
vn 0.6898 -0.5503 -0.4704
vn 0.7015 -0.5456 -0.4585
vn 0.6993 -0.5756 -0.4238
vn 0.7058 -0.5730 -0.4166
vn 0.7011 -0.5749 -0.4219
vn 0.7076 -0.5722 -0.4145
vn 0.7032 -0.5987 -0.3836
vn 0.7241 -0.5897 -0.3577
vn 0.7191 -0.6085 -0.3356
vn 0.6279 -0.6578 -0.4160
vn 0.6280 -0.6578 -0.4158
vn 0.6076 -0.6807 -0.4093
vn 0.5834 -0.7120 -0.3908
vn 0.5564 -0.7442 -0.3696
vn 0.7121 -0.5089 -0.4837
vn 0.7273 -0.5023 -0.4676
vn 0.7269 -0.5263 -0.4412
vn 0.7391 -0.5208 -0.4272
vn 0.7360 -0.5516 -0.3925
vn 0.7454 -0.5472 -0.3806
vn 0.7399 -0.5749 -0.3493
vn 0.7608 -0.5646 -0.3201
vn 0.7523 -0.5923 -0.2886
vn 0.7532 -0.5924 -0.2858
vn 0.7526 -0.5923 -0.2877
vn 0.7542 -0.5925 -0.2830
vn 0.7490 -0.6062 -0.2674
vn 0.8919 -0.2965 -0.3414
vn 0.9090 -0.2835 -0.3054
vn 0.9085 -0.3007 -0.2901
vn 0.9229 -0.2880 -0.2554
vn 0.9211 -0.3082 -0.2378
vn 0.9331 -0.2960 -0.2044
vn 0.9295 -0.3194 -0.1847
vn 0.9383 -0.3087 -0.1557
vn 0.9322 -0.3362 -0.1342
vn 0.9338 -0.3340 -0.1283
vn 0.9327 -0.3355 -0.1324
vn 0.9343 -0.3334 -0.1265
vn 0.9269 -0.3594 -0.1080
vn 0.9343 -0.3482 -0.0768
vn 0.9285 -0.3654 -0.0663
vn 0.9361 -0.3510 -0.0232
vn 0.9727 -0.2311 -0.0210
vn 0.9709 -0.2372 -0.0327
vn 0.9712 -0.2363 -0.0296
vn 0.9701 -0.2393 -0.0397
vn 0.9698 -0.2402 -0.0428
vn 0.9671 -0.2481 -0.0561
vn 0.9673 -0.2476 -0.0543
vn 0.9665 -0.2495 -0.0604
vn 0.9662 -0.2500 -0.0622
vn 0.9598 -0.2669 -0.0864
vn 0.9597 -0.2670 -0.0876
vn 0.9604 -0.2665 -0.0815
vn 0.9606 -0.2664 -0.0797
vn 0.9555 -0.2755 -0.1059
vn 0.9602 -0.2506 -0.1232
vn 0.9584 -0.2534 -0.1314
vn 0.9597 -0.2514 -0.1255
vn 0.9579 -0.2542 -0.1337
vn 0.9608 -0.2337 -0.1491
vn 0.9517 -0.2458 -0.1839
vn 0.9532 -0.2290 -0.1974
vn 0.9409 -0.2424 -0.2366
vn 0.9880 -0.1536 0.0159
vn 0.9879 -0.1542 0.0149
vn 0.9880 -0.1540 0.0152
vn 0.9149 -0.1305 0.3820
vn 0.9009 -0.1253 0.4155
vn 0.8830 -0.1315 0.4507
vn 0.9830 -0.1822 0.0221
vn 0.9829 -0.1829 0.0209
vn 0.9829 -0.1827 0.0212
vn 0.9761 -0.2153 0.0292
vn 0.9760 -0.2160 0.0280
vn 0.9760 -0.2158 0.0283
vn 0.8845 -0.1449 0.4435
vn 0.9088 -0.1548 0.3875
vn 0.9081 -0.1211 0.4008
vn 0.9424 -0.1362 0.3056
vn 0.9426 -0.1075 0.3160
vn 0.9688 -0.1100 0.2223
vn 0.9683 -0.1210 0.2187
vn 0.9683 -0.1196 0.2192
vn 0.9809 -0.1247 0.1494
vn 0.9649 -0.1124 0.2374
vn 0.9632 -0.1418 0.2284
vn 0.9370 -0.1267 0.3254
vn 0.9359 -0.1609 0.3133
vn 0.9012 -0.1440 0.4087
vn 0.9008 -0.1832 0.3937
vn 0.8685 -0.1686 0.4662
vn 0.8844 -0.1699 0.4346
vn 0.9323 -0.2167 0.2895
vn 0.9511 -0.2356 0.2000
vn 0.9593 -0.1905 0.2085
vn 0.9675 -0.2012 0.1533
vn 0.9740 -0.1627 0.1578
vn 0.9786 -0.1709 0.1145
vn 0.9785 -0.1696 0.1172
vn 0.9783 -0.1659 0.1244
vn 0.9839 -0.1431 0.1068
vn 0.9836 -0.1384 0.1159
vn 0.9837 -0.1397 0.1135
vn 0.9861 -0.1446 0.0821
vn 0.9861 -0.1437 0.0838
vn 0.9860 -0.1412 0.0886
vn 0.9897 -0.1214 0.0755
vn 0.9896 -0.1183 0.0814
vn 0.9897 -0.1191 0.0798
vn 0.9465 -0.3184 0.0520
vn 0.9463 -0.3192 0.0512
vn 0.9464 -0.3189 0.0514
vn 0.9739 -0.2029 0.1016
vn 0.9709 -0.1947 0.1395
vn 0.9616 -0.2370 0.1381
vn 0.9560 -0.2261 0.1869
vn 0.9459 -0.2613 0.1923
vn 0.9458 -0.2684 0.1827
vn 0.9458 -0.2672 0.1843
vn 0.9382 -0.2571 0.2316
vn 0.9286 -0.2952 0.2249
vn 0.8929 -0.2530 0.3724
vn 0.9303 -0.3643 0.0435
vn 0.9301 -0.3646 0.0446
vn 0.9309 -0.3637 0.0334
vn 0.9160 -0.3978 0.0521
vn 0.9172 -0.3947 0.0540
vn 0.9171 -0.3951 0.0542
vn 0.9340 -0.3521 0.0602
vn 0.9349 -0.3431 0.0904
vn 0.9349 -0.3433 0.0901
vn 0.9348 -0.3438 0.0895
vn 0.9192 -0.3815 0.0980
vn 0.9165 -0.3831 0.1152
vn 0.9166 -0.3827 0.1158
vn 0.9179 -0.3771 0.1232
vn 0.8997 -0.4187 0.1235
vn 0.8987 -0.4216 0.1212
vn 0.8987 -0.4214 0.1213
vn 0.8221 -0.2411 0.5158
vn 0.7958 -0.2483 0.5523
vn 0.7929 -0.2919 0.5349
vn 0.7641 -0.2773 0.5825
vn 0.7491 -0.2895 0.5959
vn 0.7270 -0.2699 0.6314
vn 0.7250 -0.3114 0.6144
vn 0.6765 -0.3491 0.6484
vn 0.7038 -0.3717 0.6054
vn 0.7024 -0.3317 0.6298
vn 0.7102 -0.3093 0.6325
vn 0.1041 -0.9269 -0.3605
vn 0.0942 -0.9331 -0.3472
vn 0.0649 -0.9334 -0.3530
vn 0.0469 -0.9441 -0.3264
vn 0.0520 -0.9468 -0.3177
vn 0.0515 -0.9465 -0.3185
vn 0.1647 -0.8842 -0.4371
vn 0.1419 -0.9028 -0.4061
vn 0.1407 -0.9019 -0.4084
vn 0.1407 -0.9019 -0.4083
vn 0.1228 -0.9032 -0.4112
vn 0.1039 -0.9107 -0.3998
vn 0.0769 -0.9112 -0.4047
vn 0.0647 -0.9159 -0.3962
vn 0.0736 -0.9595 -0.2719
vn 0.0836 -0.9552 -0.2838
vn 0.0941 -0.9416 -0.3233
vn 0.0840 -0.9469 -0.3105
vn 0.0522 -0.9469 -0.3173
vn 0.0519 -0.9595 -0.2769
vn 0.0306 -0.9677 -0.2501
vn 0.0316 -0.9678 -0.2499
vn 0.0156 -0.9668 -0.2550
vn 0.0731 -0.9802 -0.1839
vn 0.0643 -0.9748 -0.2136
vn 0.1406 -0.9018 -0.4086
vn 0.1407 -0.9187 -0.3691
vn 0.1277 -0.9267 -0.3534
vn 0.1275 -0.9347 -0.3317
vn 0.1142 -0.9416 -0.3169
vn 0.1136 -0.9497 -0.2918
vn 0.1004 -0.9553 -0.2781
vn 0.0994 -0.9634 -0.2489
vn 0.0725 -0.9719 -0.2237
vn 0.0745 -0.9707 -0.2286
vn 0.0730 -0.9717 -0.2249
vn 0.0747 -0.9706 -0.2287
vn 0.0392 -0.9706 -0.2373
vn 0.0385 -0.9805 -0.1930
vn 0.0077 -0.9876 -0.1567
vn 0.0061 -0.9877 -0.1560
vn 0.0149 -0.9879 -0.1543
vn 0.0616 -0.9881 -0.1408
vn 0.5265 -0.7767 -0.3456
vn 0.4937 -0.8090 -0.3190
vn 0.4578 -0.8404 -0.2900
vn 0.4189 -0.8706 -0.2581
vn 0.3773 -0.8990 -0.2225
vn 0.5202 -0.7908 -0.3225
vn 0.5610 -0.7809 -0.2747
vn 0.5489 -0.7994 -0.2444
vn 0.5863 -0.7876 -0.1896
vn 0.5655 -0.8104 -0.1534
vn 0.5955 -0.7973 -0.0980
vn 0.5627 -0.8246 -0.0586
vn 0.5837 -0.8119 -0.0097
vn 0.5360 -0.8437 0.0290
vn 0.5464 -0.8354 0.0597
vn 0.4822 -0.8709 0.0952
vn 0.4888 -0.8642 0.1194
vn 0.4900 -0.8633 0.1210
vn 0.4942 -0.8601 0.1264
vn 0.4093 -0.9015 0.1402
vn 0.4135 -0.8987 0.1460
vn 0.4126 -0.8994 0.1447
vn 0.0129 -0.9967 -0.0808
vn 0.0128 -0.9967 -0.0807
vn 0.0178 -0.9962 -0.0851
vn 0.0188 -0.9860 -0.1656
vn 0.0136 -0.9871 -0.1594
vn 0.0136 -0.9685 -0.2485
vn 0.0140 -0.9684 -0.2489
vn 0.0224 -0.9441 -0.3288
vn 0.0181 -0.9454 -0.3255
vn 0.0184 -0.9453 -0.3258
vn 0.0226 -0.9441 -0.3289
vn 0.0246 -0.9172 -0.3978
vn 0.0225 -0.9179 -0.3961
vn 0.0225 -0.9177 -0.3966
vn 0.0269 -0.9163 -0.3996
vn 0.0286 -0.8863 -0.4623
vn 0.0265 -0.8872 -0.4606
vn 0.0267 -0.8872 -0.4606
vn 0.0307 -0.8853 -0.4640
vn 0.0320 -0.8529 -0.5210
vn 0.0300 -0.8540 -0.5194
vn 0.0321 -0.8529 -0.5211
vn 0.0340 -0.8519 -0.5226
vn 0.0540 -0.9848 -0.1649
vn 0.0519 -0.9923 -0.1127
vn 0.0325 -0.9962 -0.0808
vn 0.0363 -0.9969 -0.0701
vn 0.0361 -0.9968 -0.0712
vn 0.0368 -0.9969 -0.0694
vn 0.0337 -0.9994 0.0039
vn 0.0357 -0.9993 0.0051
vn 0.0373 -0.9993 0.0060
vn 0.3142 -0.7894 -0.5273
vn 0.3150 -0.8098 -0.4949
vn 0.2990 -0.8261 -0.4777
vn 0.2989 -0.8269 -0.4763
vn 0.2989 -0.8311 -0.4689
vn 0.2990 -0.8319 -0.4675
vn 0.2820 -0.8473 -0.4501
vn 0.2819 -0.8481 -0.4486
vn 0.2817 -0.8530 -0.4394
vn 0.2817 -0.8538 -0.4378
vn 0.2638 -0.8681 -0.4206
vn 0.2631 -0.8753 -0.4058
vn 0.2442 -0.8883 -0.3890
vn 0.2432 -0.8961 -0.3714
vn 0.2235 -0.9076 -0.3555
vn 0.2218 -0.9160 -0.3342
vn 0.2017 -0.9259 -0.3195
vn 0.1992 -0.9349 -0.2936
vn 0.1792 -0.9430 -0.2806
vn 0.1757 -0.9524 -0.2491
vn 0.1564 -0.9585 -0.2383
vn 0.1518 -0.9680 -0.2000
vn 0.1343 -0.9722 -0.1920
vn 0.1287 -0.9805 -0.1485
vn 0.1137 -0.9831 -0.1434
vn 0.0963 -0.9907 -0.0962
vn 0.1078 -0.9893 -0.0987
vn 0.1071 -0.9894 -0.0985
vn 0.0953 -0.9908 -0.0960
vn 0.0892 -0.9947 -0.0510
vn 0.0780 -0.9957 -0.0506
vn 0.0788 -0.9956 -0.0501
vn 0.0768 -0.9955 -0.0564
vn 0.0728 -0.9973 -0.0055
vn 0.0807 -0.9967 0.0017
vn 0.0737 -0.9973 -0.0050
vn 0.0875 -0.9945 0.0579
vn 0.0995 -0.9949 0.0142
vn 0.0920 -0.9957 0.0059
vn 0.0984 -0.9951 0.0130
vn 0.1106 -0.9937 0.0191
vn 0.1096 -0.9938 0.0179
vn 0.1160 -0.9929 0.0262
vn 0.1327 -0.9908 -0.0261
vn 0.1223 -0.9921 -0.0287
vn 0.1245 -0.9918 -0.0281
vn 0.1347 -0.9906 -0.0257
vn 0.1479 -0.9862 -0.0744
vn 0.1632 -0.9839 -0.0727
vn 0.1766 -0.9766 -0.1231
vn 0.1952 -0.9730 -0.1232
vn 0.2083 -0.9624 -0.1740
vn 0.2303 -0.9570 -0.1765
vn 0.2416 -0.9446 -0.2221
vn 0.2660 -0.9369 -0.2271
vn 0.2747 -0.9244 -0.2646
vn 0.3001 -0.9143 -0.2719
vn 0.3067 -0.9024 -0.3028
vn 0.3323 -0.8901 -0.3120
vn 0.3372 -0.8789 -0.3375
vn 0.3623 -0.8646 -0.3483
vn 0.3658 -0.8543 -0.3694
vn 0.3900 -0.8381 -0.3814
vn 0.3925 -0.8287 -0.3989
vn 0.4155 -0.8110 -0.4118
vn 0.4172 -0.8027 -0.4261
vn 0.4390 -0.7837 -0.4395
vn 0.4391 -0.7829 -0.4408
vn 0.4399 -0.7773 -0.4497
vn 0.4400 -0.7766 -0.4509
vn 0.4604 -0.7565 -0.4645
vn 0.4605 -0.7558 -0.4655
vn 0.4609 -0.7514 -0.4723
vn 0.4609 -0.7507 -0.4732
vn 0.4799 -0.7298 -0.4869
vn 0.4800 -0.7293 -0.4876
vn 0.4802 -0.7259 -0.4924
vn 0.4801 -0.7254 -0.4932
vn 0.4976 -0.7041 -0.5067
vn 0.4976 -0.6829 -0.5348
vn 0.5549 -0.6690 -0.4945
vn 0.5895 -0.6403 -0.4925
vn 0.5871 -0.6399 -0.4957
vn 0.5918 -0.6396 -0.4907
vn -0.0131 -0.9966 -0.0807
vn -0.0129 -0.9967 -0.0807
vn -0.0128 -0.9967 -0.0805
vn 0.0127 -0.9967 -0.0805
vn 0.0117 -0.9999 0.0031
vn 0.0220 -0.9997 0.0062
vn 0.0129 -0.9999 0.0034
vn 0.0239 -0.9997 0.0068
vn 0.0202 -0.9955 0.0928
vn 0.0235 -0.9952 0.0950
vn 0.0208 -0.9954 0.0932
vn 0.0245 -0.9951 0.0956
vn 0.0146 -0.9825 0.1859
vn 0.0157 -0.9822 0.1870
vn 0.0206 -0.9812 0.1920
vn -0.2508 -0.5596 0.7899
vn -0.2982 -0.6466 0.7022
vn -0.2956 -0.6583 0.6923
vn -0.2889 -0.6220 0.7278
vn -0.2670 -0.7091 0.6526
vn -0.2615 -0.6766 0.6884
vn -0.2357 -0.7585 0.6076
vn -0.2314 -0.7315 0.6414
vn -0.2038 -0.8032 0.5597
vn -0.2001 -0.7831 0.5889
vn -0.1737 -0.8406 0.5131
vn -0.1703 -0.8262 0.5370
vn -0.1459 -0.8714 0.4684
vn -0.1427 -0.8615 0.4874
vn -0.1143 -0.9055 0.4087
vn -0.1010 -0.8990 0.4261
vn -0.1078 -0.9137 0.3917
vn -0.1243 -0.9234 0.3631
vn -0.1223 -0.9168 0.3800
vn -0.1381 -0.9287 0.3441
vn -0.1373 -0.9219 0.3623
vn -0.1500 -0.9342 0.3238
vn -0.1505 -0.9276 0.3419
vn -0.1594 -0.9394 0.3036
vn -0.1611 -0.9332 0.3211
vn -0.1671 -0.9450 0.2813
vn -0.1696 -0.9395 0.2976
vn -0.1725 -0.9504 0.2589
vn -0.1754 -0.9460 0.2726
vn -0.1762 -0.9537 0.2435
vn -0.1757 -0.9544 0.2414
vn -0.1778 -0.9520 0.2492
vn -0.1784 -0.9513 0.2515
vn -0.1777 -0.9567 0.2305
vn -0.1773 -0.9571 0.2292
vn -0.1788 -0.9557 0.2340
vn -0.1793 -0.9552 0.2355
vn -0.1777 -0.9592 0.2197
vn -0.1775 -0.9594 0.2191
vn -0.1783 -0.9588 0.2213
vn -0.1786 -0.9585 0.2220
vn -0.1760 -0.9625 0.2064
vn -0.1761 -0.9625 0.2066
vn -0.1761 -0.9625 0.2065
vn -0.1728 -0.9659 0.1927
vn -0.1732 -0.9657 0.1935
vn -0.1721 -0.9663 0.1913
vn -0.1717 -0.9666 0.1905
vn -0.1685 -0.9691 0.1801
vn -0.1693 -0.9687 0.1815
vn -0.1671 -0.9699 0.1774
vn -0.1663 -0.9702 0.1760
vn -0.1619 -0.9731 0.1642
vn -0.1630 -0.9726 0.1660
vn -0.1596 -0.9740 0.1605
vn -0.1584 -0.9745 0.1587
vn -0.1521 -0.9778 0.1439
vn -0.1537 -0.9773 0.1460
vn -0.1492 -0.9789 0.1397
vn -0.1476 -0.9794 0.1375
vn -0.1403 -0.9825 0.1227
vn -0.1421 -0.9819 0.1249
vn -0.1368 -0.9835 0.1184
vn -0.1349 -0.9840 0.1161
vn -0.1270 -0.9866 0.1023
vn -0.1290 -0.9861 0.1043
vn -0.1229 -0.9876 0.0981
vn -0.1209 -0.9880 0.0960
vn -0.1134 -0.9899 0.0847
vn -0.1154 -0.9896 0.0864
vn -0.1090 -0.9907 0.0810
vn -0.1069 -0.9911 0.0792
vn -0.0997 -0.9926 0.0700
vn -0.1017 -0.9923 0.0713
vn -0.0951 -0.9932 0.0669
vn -0.0931 -0.9935 0.0655
vn -0.0858 -0.9947 0.0575
vn -0.0877 -0.9944 0.0584
vn -0.0811 -0.9952 0.0550
vn -0.0791 -0.9954 0.0540
vn -0.0715 -0.9963 0.0467
vn -0.0731 -0.9962 0.0473
vn -0.0668 -0.9968 0.0450
vn -0.0650 -0.9969 0.0444
vn -0.0308 -0.9995 0.0119
vn -0.0469 -0.9988 0.0125
vn -0.0330 -0.9994 0.0046
vn -0.0338 -0.9994 0.0043
vn -0.0257 -0.9996 0.0068
vn -0.0243 -0.9997 0.0071
vn -0.0119 -0.9999 0.0039
vn -0.0118 -0.9999 0.0033
vn -0.0089 -0.9999 0.0052
vn -0.0084 -1.0000 0.0054
vn 0.0080 -1.0000 0.0054
vn 0.0068 -0.9957 0.0920
vn 0.0077 -0.9957 0.0925
vn 0.0069 -0.9957 0.0920
vn 0.0079 -0.9957 0.0927
vn 0.0055 -0.9837 0.1800
vn 0.1663 -0.9861 0.0053
vn 0.4471 -0.8564 -0.2583
vn 0.4787 -0.8504 -0.2183
vn 0.4597 -0.8700 -0.1784
vn 0.4881 -0.8624 -0.1340
vn 0.4570 -0.8852 -0.0874
vn 0.4789 -0.8767 -0.0445
vn 0.4318 -0.9020 0.0051
vn 0.4468 -0.8937 0.0416
vn 0.3863 -0.9185 0.0849
vn 0.3938 -0.9129 0.1076
vn 0.3253 -0.9365 0.1311
vn 0.3307 -0.9335 0.1383
vn 0.3293 -0.9343 0.1364
vn 0.3353 -0.9292 0.1555
vn 0.3362 -0.9287 0.1568
vn 0.3385 -0.9272 0.1602
vn 0.2722 -0.9470 0.1706
vn 0.2744 -0.9457 0.1741
vn 0.2738 -0.9461 0.1731
vn 0.1663 -0.9703 0.1758
vn 0.1638 -0.9721 0.1682
vn 0.1655 -0.9709 0.1733
vn 0.1630 -0.9726 0.1657
vn 0.2004 -0.9694 0.1418
vn 0.1940 -0.9730 0.1252
vn 0.1922 -0.9736 0.1229
vn 0.1884 -0.9750 0.1180
vn 0.2321 -0.9685 0.0901
vn 0.2227 -0.9725 0.0689
vn 0.2587 -0.9657 0.0229
vn 0.2460 -0.9693 -0.0011
vn 0.2773 -0.9592 -0.0550
vn 0.2625 -0.9617 -0.0782
vn 0.2874 -0.9483 -0.1349
vn 0.3598 -0.9158 -0.1783
vn 0.3821 -0.9123 -0.1472
vn 0.3530 -0.9310 -0.0932
vn 0.3722 -0.9262 -0.0598
vn 0.3308 -0.9437 -0.0039
vn 0.3453 -0.9381 0.0269
vn 0.2976 -0.9519 0.0729
vn 0.3075 -0.9464 0.0984
vn 0.2516 -0.9598 0.1241
vn 0.2574 -0.9573 0.1317
vn 0.2557 -0.9580 0.1295
vn 0.2626 -0.9536 0.1476
vn 0.2638 -0.9530 0.1494
vn 0.2666 -0.9515 0.1535
vn 0.2141 -0.9620 0.1695
vn 0.2165 -0.9599 0.1782
vn 0.2149 -0.9613 0.1722
vn 0.2173 -0.9592 0.1810
vn 0.1733 -0.9657 0.1934
vn 0.1760 -0.9625 0.2063
vn 0.1740 -0.9649 0.1967
vn 0.4052 -0.8872 -0.2208
vn 0.4321 -0.8826 -0.1852
vn 0.4085 -0.9021 -0.1388
vn 0.4322 -0.8962 -0.1000
vn 0.3944 -0.9177 -0.0467
vn 0.4124 -0.9110 -0.0101
vn 0.3613 -0.9315 0.0410
vn 0.3735 -0.9249 0.0715
vn 0.3175 -0.9419 0.1100
vn 0.3238 -0.9373 0.1291
vn 0.2677 -0.9509 0.1552
vn 0.2716 -0.9474 0.1695
vn 0.2192 -0.9580 0.1847
vn 0.1449 -0.9881 0.0514
vn 0.1525 -0.9862 0.0646
vn 0.1548 -0.9857 0.0667
vn 0.1600 -0.9845 0.0714
vn 0.1289 -0.9862 0.1039
vn 0.1335 -0.9846 0.1130
vn 0.1302 -0.9858 0.1064
vn 0.1348 -0.9841 0.1156
vn 0.1083 -0.9830 0.1484
vn 0.0774 -0.9920 0.0998
vn 0.0963 -0.9866 0.1319
vn 0.0970 -0.9862 0.1339
vn 0.0965 -0.9865 0.1324
vn 0.0972 -0.9861 0.1345
vn 0.1208 -0.9881 0.0955
vn 0.1164 -0.9893 0.0878
vn 0.1196 -0.9884 0.0934
vn 0.1153 -0.9896 0.0859
vn 0.1347 -0.9899 0.0443
vn 0.1285 -0.9911 0.0349
vn 0.1335 -0.9901 0.0424
vn 0.0479 -0.9788 0.1990
vn 0.0488 -0.9780 0.2029
vn 0.0492 -0.9776 0.2048
vn 0.0402 -0.9820 0.1844
vn 0.0393 -0.9826 0.1816
vn 0.0419 -0.9810 0.1896
vn 0.0427 -0.9805 0.1920
vn 0.0353 -0.9833 0.1788
vn 0.1156 -0.9795 0.1648
vn 0.1158 -0.9794 0.1655
vn 0.1157 -0.9795 0.1651
vn 0.1158 -0.9793 0.1658
vn 0.1476 -0.9795 0.1371
vn 0.1434 -0.9814 0.1273
vn 0.1463 -0.9801 0.1341
vn 0.1421 -0.9820 0.1245
vn 0.1771 -0.9794 0.0966
vn 0.1703 -0.9813 0.0893
vn 0.1725 -0.9807 0.0916
vn 0.1623 -0.9840 0.0733
vn 0.1888 -0.9816 0.0291
vn 0.1790 -0.9838 0.0126
vn 0.2021 -0.9786 -0.0378
vn 0.0902 -0.9751 0.2026
vn 0.0902 -0.9747 0.2046
vn 0.0903 -0.9745 0.2056
vn 0.0823 -0.9798 0.1823
vn 0.0820 -0.9802 0.1800
vn 0.0830 -0.9788 0.1872
vn 0.0833 -0.9784 0.1892
vn 0.0693 -0.9850 0.1579
vn 0.0686 -0.9855 0.1550
vn 0.0710 -0.9837 0.1650
vn 0.0715 -0.9833 0.1674
vn 0.0542 -0.9890 0.1377
vn 0.0533 -0.9894 0.1350
vn 0.0570 -0.9877 0.1459
vn 0.0576 -0.9873 0.1480
vn 0.1717 -0.9666 0.1904
vn 0.1699 -0.9682 0.1836
vn 0.1711 -0.9672 0.1880
vn 0.1693 -0.9687 0.1813
vn 0.2103 -0.9639 0.1632
vn 0.2071 -0.9662 0.1533
vn 0.2093 -0.9647 0.1601
vn 0.2061 -0.9669 0.1502
vn 0.2498 -0.9606 0.1218
vn 0.2418 -0.9651 0.1009
vn 0.2850 -0.9566 0.0604
vn 0.2733 -0.9613 0.0347
vn 0.3125 -0.9498 -0.0166
vn 0.2969 -0.9538 -0.0450
vn 0.3293 -0.9386 -0.1027
vn 0.3113 -0.9415 -0.1296
vn 0.3332 -0.9251 -0.1819
vn 0.4853 -0.8242 -0.2919
vn 0.5217 -0.8164 -0.2479
vn 0.5065 -0.8355 -0.2132
vn 0.5395 -0.8260 -0.1634
vn 0.5140 -0.8490 -0.1225
vn 0.5401 -0.8384 -0.0733
vn 0.5006 -0.8652 -0.0291
vn 0.5187 -0.8549 0.0136
vn 0.4623 -0.8850 0.0564
vn 0.4713 -0.8781 0.0831
vn 0.4027 -0.9076 0.1183
vn 0.4083 -0.9022 0.1388
vn 0.3393 -0.9267 0.1614
vn 0.7579 -0.5983 0.2601
vn 0.7607 -0.6151 0.2072
vn 0.8076 -0.5517 0.2083
vn 0.8077 -0.5695 0.1526
vn 0.8079 -0.5692 0.1527
vn 0.8090 -0.5670 0.1549
vn 0.8441 -0.5170 0.1420
vn 0.8453 -0.5143 0.1445
vn 0.8452 -0.5145 0.1443
vn 0.8418 -0.5328 0.0870
vn 0.8416 -0.5330 0.0866
vn 0.8401 -0.5358 0.0843
vn 0.8721 -0.4836 0.0750
vn 0.8706 -0.4867 0.0724
vn 0.8707 -0.4864 0.0727
vn 0.8636 -0.5038 0.0198
vn 0.8633 -0.5044 0.0192
vn 0.8588 -0.5122 0.0138
vn 0.8888 -0.4582 0.0078
vn 0.8843 -0.4669 0.0021
vn 0.8847 -0.4662 0.0026
vn 0.8757 -0.4812 -0.0402
vn 0.8895 -0.4532 -0.0579
vn 0.8759 -0.4705 -0.1066
vn 0.9645 -0.2345 0.1215
vn 0.9645 -0.2387 0.1132
vn 0.9645 -0.2375 0.1156
vn 0.9612 -0.2293 0.1535
vn 0.9511 -0.2647 0.1595
vn 0.9507 -0.2700 0.1524
vn 0.9508 -0.2691 0.1536
vn 0.9459 -0.2601 0.1939
vn 0.9359 -0.2965 0.1903
vn 0.9282 -0.2845 0.2399
vn 0.9158 -0.3276 0.2324
vn 0.9000 -0.3083 0.3080
vn 0.8858 -0.3579 0.2953
vn 0.8632 -0.3349 0.3777
vn 0.8472 -0.3908 0.3599
vn 0.8189 -0.3651 0.4427
vn 0.8009 -0.4272 0.4196
vn 0.7684 -0.3992 0.5002
vn 0.7479 -0.4670 0.4717
vn 0.7139 -0.4382 0.5463
vn 0.6904 -0.5110 0.5120
vn 0.6558 -0.4813 0.5816
vn 0.6290 -0.5578 0.5414
vn 0.6290 -0.5580 0.5412
vn 0.6290 -0.5579 0.5414
vn 0.9761 -0.2151 0.0296
vn 0.9764 -0.2080 0.0574
vn 0.9764 -0.2083 0.0569
vn 0.9763 -0.2089 0.0557
vn 0.9671 -0.2454 0.0666
vn 0.9670 -0.2463 0.0648
vn 0.9671 -0.2460 0.0654
vn 0.9664 -0.2381 0.0964
vn 0.9664 -0.2389 0.0949
vn 0.9663 -0.2408 0.0914
vn 0.9562 -0.2735 0.1038
vn 0.9559 -0.2758 0.1010
vn 0.9560 -0.2753 0.1015
vn 0.9544 -0.2679 0.1316
vn 0.9543 -0.2686 0.1307
vn 0.9540 -0.2716 0.1268
vn 0.9448 -0.2971 0.1383
vn 0.9443 -0.3010 0.1333
vn 0.9444 -0.3002 0.1342
vn 0.9415 -0.2919 0.1687
vn 0.9414 -0.2929 0.1673
vn 0.9410 -0.2974 0.1613
vn 0.9291 -0.3256 0.1755
vn 0.9285 -0.3313 0.1677
vn 0.9286 -0.3303 0.1691
vn 0.9237 -0.3202 0.2104
vn 0.9074 -0.3663 0.2059
vn 0.8999 -0.3528 0.2564
vn 0.8800 -0.4056 0.2472
vn 0.8654 -0.3848 0.3209
vn 0.8424 -0.4442 0.3051
vn 0.8221 -0.4193 0.3852
vn 0.7958 -0.4846 0.3632
vn 0.7708 -0.4567 0.4442
vn 0.7411 -0.5274 0.4154
vn 0.7130 -0.4971 0.4945
vn 0.6798 -0.5720 0.4591
vn 0.9058 -0.4237 -0.0077
vn 0.9097 -0.4152 -0.0023
vn 0.9096 -0.4154 -0.0029
vn 0.9159 -0.3980 0.0518
vn 0.8958 -0.4402 0.0618
vn 0.8972 -0.4370 0.0641
vn 0.8971 -0.4373 0.0639
vn 0.8997 -0.4185 0.1237
vn 0.8752 -0.4649 0.1338
vn 0.8741 -0.4676 0.1313
vn 0.8741 -0.4676 0.1316
vn 0.8728 -0.4498 0.1895
vn 0.8726 -0.4504 0.1891
vn 0.8696 -0.4594 0.1810
vn 0.8431 -0.4998 0.1982
vn 0.8396 -0.5090 0.1896
vn 0.8399 -0.5084 0.1900
vn 0.8353 -0.4925 0.2445
vn 0.7977 -0.5545 0.2371
vn 0.7921 -0.5387 0.2870
vn 0.7481 -0.6050 0.2726
vn 0.7383 -0.5827 0.3396
vn 0.6886 -0.6526 0.3161
vn 0.6757 -0.6266 0.3883
vn 0.6199 -0.6978 0.3590
vn 0.6197 -0.6998 0.3553
vn 0.6198 -0.6994 0.3560
vn 0.8813 -0.3134 0.3537
vn 0.8510 -0.2903 0.4376
vn 0.8411 -0.3417 0.4192
vn 0.8057 -0.3167 0.5005
vn 0.7947 -0.3742 0.4780
vn 0.7570 -0.3484 0.5528
vn 0.7443 -0.4118 0.5258
vn 0.7053 -0.3851 0.5953
vn 0.6903 -0.4539 0.5633
vn 0.6504 -0.4261 0.6289
vn 0.6328 -0.4998 0.5914
vn 0.5919 -0.4703 0.6546
vn 0.5714 -0.5479 0.6110
vn 0.5715 -0.5479 0.6109
vn 0.5714 -0.5476 0.6113
vn 0.8382 -0.4976 -0.2231
vn 0.8541 -0.4848 -0.1881
vn 0.8448 -0.5087 -0.1663
vn 0.8644 -0.4895 -0.1145
vn 0.8533 -0.5125 -0.0961
vn 0.8672 -0.4956 -0.0481
vn 0.8495 -0.5269 -0.0279
vn 0.8583 -0.5130 0.0133
vn 0.8273 -0.5612 0.0264
vn 0.8326 -0.5529 0.0328
vn 0.8321 -0.5536 0.0322
vn 0.8399 -0.5362 0.0840
vn 0.8032 -0.5879 0.0966
vn 0.8050 -0.5849 0.0995
vn 0.8048 -0.5852 0.0991
vn 0.8091 -0.5668 0.1553
vn 0.7660 -0.6211 0.1658
vn 0.7646 -0.6235 0.1633
vn 0.7648 -0.6232 0.1636
vn 0.7653 -0.6059 0.2173
vn 0.7109 -0.6696 0.2153
vn 0.7097 -0.6583 0.2509
vn 0.6996 -0.6568 0.2813
vn 0.6997 -0.6569 0.2809
vn 0.6992 -0.6587 0.2779
vn 0.1657 -0.7855 0.5962
vn 0.2042 -0.8026 0.5605
vn 0.2317 -0.7309 0.6420
vn 0.2726 -0.7557 0.5956
vn 0.3044 -0.6674 0.6796
vn 0.3555 -0.7046 0.6142
vn 0.3880 -0.6075 0.6931
vn 0.4506 -0.6571 0.6043
vn 0.4842 -0.5587 0.6734
vn 0.5473 -0.6113 0.5716
vn 0.5713 -0.5474 0.6115
vn 0.6062 -0.5380 0.5857
vn 0.6249 -0.4755 0.6192
vn 0.6625 -0.5049 0.5534
vn 0.6829 -0.4315 0.5894
vn 0.7200 -0.4598 0.5198
vn 0.7376 -0.3913 0.5503
vn 0.7737 -0.4187 0.4755
vn 0.7890 -0.3558 0.5009
vn 0.8231 -0.3824 0.4199
vn 0.8366 -0.3255 0.4406
vn 0.8660 -0.3499 0.3571
vn 0.8782 -0.2993 0.3730
vn 0.9016 -0.3212 0.2897
vn 0.9140 -0.2702 0.3028
vn 0.9068 -0.2711 0.3229
vn 0.9260 -0.2532 0.2800
vn 0.9388 -0.2674 0.2173
vn 0.9484 -0.2235 0.2251
vn 0.9573 -0.2360 0.1668
vn 0.9662 -0.1923 0.1715
vn 0.9714 -0.2017 0.1256
vn 0.9782 -0.1645 0.1271
vn 0.9809 -0.1716 0.0913
vn 0.9860 -0.1403 0.0903
vn 0.9897 -0.1222 0.0739
vn 0.9875 -0.1169 0.1058
vn 0.9876 -0.1180 0.1037
vn 0.9878 -0.1213 0.0973
vn 0.9840 -0.1443 0.1044
vn 0.9798 -0.1373 0.1453
vn 0.9751 -0.1709 0.1412
vn 0.9677 -0.1616 0.1936
vn 0.9617 -0.2014 0.1857
vn 0.9438 -0.1845 0.2743
vn 0.9373 -0.2300 0.2618
vn 0.9094 -0.2090 0.3595
vn 0.9009 -0.2694 0.3402
vn 0.8645 -0.2446 0.4391
vn 0.8557 -0.3055 0.4177
vn 0.8193 -0.2820 0.4992
vn 0.8117 -0.3339 0.4792
vn 0.7727 -0.3097 0.5540
vn 0.7641 -0.3675 0.5302
vn 0.7234 -0.3425 0.5994
vn 0.7132 -0.4062 0.5713
vn 0.6713 -0.3800 0.6364
vn 0.6590 -0.4491 0.6033
vn 0.6157 -0.4213 0.6659
vn 0.6011 -0.4952 0.6273
vn 0.5565 -0.4654 0.6882
vn 0.5435 -0.5271 0.6533
vn 0.5060 -0.5403 0.6723
vn 0.5055 -0.5390 0.6738
vn 0.5058 -0.5396 0.6731
vn 0.4885 -0.6022 0.6314
vn 0.4185 -0.5518 0.7214
vn 0.3931 -0.6497 0.6507
vn 0.3353 -0.6107 0.7174
vn 0.3088 -0.7033 0.6403
vn 0.2618 -0.6759 0.6889
vn 0.2361 -0.7580 0.6081
vn 0.1911 -0.7376 0.6476
vn 0.1705 -0.8026 0.5717
vn 0.3456 -0.5891 0.7304
vn 0.3171 -0.5904 0.7422
vn 0.2972 -0.6518 0.6977
vn 0.2483 -0.4688 0.8477
vn 0.2651 -0.6451 0.7167
vn 0.2312 -0.6747 0.7009
vn 0.2224 -0.7142 0.6637
vn 0.1629 -0.6956 0.6997
vn 0.1499 -0.7616 0.6304
vn 0.0974 -0.7514 0.6526
vn 0.0896 -0.7607 0.6429
vn 0.0324 -0.7584 0.6510
vn 0.0344 -0.7555 0.6543
vn 0.0339 -0.7562 0.6535
vn 0.0319 -0.7591 0.6502
vn 0.1372 -0.9217 0.3629
vn 0.1499 -0.9340 0.3242
vn 0.1894 -0.9090 0.3713
vn 0.2003 -0.9244 0.3245
vn 0.2523 -0.8926 0.3735
vn 0.2616 -0.9126 0.3142
vn 0.3279 -0.8727 0.3618
vn 0.3344 -0.8963 0.2912
vn 0.4147 -0.8479 0.3302
vn 0.4171 -0.8703 0.2619
vn 0.5068 -0.8132 0.2860
vn 0.5060 -0.8309 0.2314
vn 0.5067 -0.8301 0.2327
vn 0.5105 -0.8256 0.2402
vn 0.5854 -0.7776 0.2293
vn 0.5902 -0.7712 0.2387
vn 0.5894 -0.7722 0.2373
vn 0.5873 -0.7861 0.1927
vn 0.5875 -0.7858 0.1932
vn 0.5887 -0.7844 0.1954
vn 0.6559 -0.7321 0.1841
vn 0.6574 -0.7301 0.1865
vn 0.6571 -0.7304 0.1862
vn 0.6519 -0.7456 0.1381
vn 0.6516 -0.7460 0.1376
vn 0.6498 -0.7481 0.1349
vn 0.7105 -0.6926 0.1248
vn 0.7083 -0.6953 0.1215
vn 0.7087 -0.6949 0.1221
vn 0.7005 -0.7095 0.0768
vn 0.6996 -0.7105 0.0756
vn 0.6942 -0.7164 0.0691
vn 0.7506 -0.6579 0.0607
vn 0.7444 -0.6656 0.0533
vn 0.7453 -0.6645 0.0544
vn 0.7356 -0.6772 0.0174
vn 0.7687 -0.6395 -0.0094
vn 0.7549 -0.6537 -0.0525
vn 0.7782 -0.6229 -0.0797
vn 0.7489 -0.6457 -0.1491
vn 0.7635 -0.6218 -0.1746
vn 0.7214 -0.6459 -0.2499
vn 0.7293 -0.6283 -0.2708
vn 0.6784 -0.6506 -0.3413
vn 0.6818 -0.6396 -0.3551
vn 0.6806 -0.6393 -0.3578
vn 0.6805 -0.6392 -0.3582
vn 0.6804 -0.6393 -0.3583
vn 0.6865 -0.6134 -0.3905
vn 0.6661 -0.6211 -0.4129
vn 0.6696 -0.5957 -0.4435
vn 0.6637 -0.5979 -0.4494
vn 0.6680 -0.5963 -0.4451
vn 0.6622 -0.5985 -0.4510
vn 0.6635 -0.5692 -0.4856
vn 0.4198 -0.8906 0.1749
vn 0.4207 -0.8899 0.1764
vn 0.4195 -0.8908 0.1744
vn 0.3445 -0.9203 0.1856
vn 0.3453 -0.9197 0.1868
vn 0.3451 -0.9199 0.1865
vn 0.3443 -0.9204 0.1851
vn 0.2787 -0.9406 0.1939
vn 0.2792 -0.9403 0.1947
vn 0.2791 -0.9404 0.1945
vn 0.2786 -0.9407 0.1938
vn 0.2227 -0.9540 0.2007
vn 0.2229 -0.9538 0.2013
vn 0.2229 -0.9539 0.2011
vn 0.1761 -0.9625 0.2065
vn 0.1761 -0.9625 0.2064
vn 0.1338 -0.9683 0.2111
vn 0.1339 -0.9672 0.2160
vn 0.1338 -0.9679 0.2127
vn 0.1316 -0.9707 0.2012
vn 0.1307 -0.9712 0.1991
vn 0.1278 -0.9730 0.1923
vn 0.1256 -0.9747 0.1847
vn 0.1244 -0.9757 0.1806
vn 0.1240 -0.9758 0.1800
vn 0.1584 -0.9746 0.1583
vn 0.1548 -0.9767 0.1486
vn 0.1573 -0.9753 0.1552
vn 0.1537 -0.9773 0.1456
vn 0.1866 -0.9756 0.1157
vn 0.1792 -0.9789 0.0988
vn 0.2113 -0.9757 0.0583
vn 0.2011 -0.9788 0.0384
vn 0.2303 -0.9731 -0.0109
vn 0.2183 -0.9754 -0.0306
vn 0.2426 -0.9664 -0.0847
vn 0.3493 -0.9122 0.2142
vn 0.3483 -0.9130 0.2123
vn 0.3497 -0.9119 0.2148
vn 0.2826 -0.9343 0.2172
vn 0.2814 -0.9352 0.2148
vn 0.2818 -0.9350 0.2155
vn 0.2829 -0.9341 0.2179
vn 0.2257 -0.9491 0.2195
vn 0.2247 -0.9499 0.2172
vn 0.2250 -0.9497 0.2179
vn 0.2260 -0.9489 0.2202
vn 0.1785 -0.9587 0.2213
vn 0.1776 -0.9594 0.2191
vn 0.1778 -0.9592 0.2197
vn 0.1787 -0.9585 0.2220
vn 0.1349 -0.9660 0.2207
vn 0.1357 -0.9635 0.2308
vn 0.1353 -0.9651 0.2243
vn 0.1339 -0.9668 0.2175
vn 0.0939 -0.9713 0.2186
vn 0.0938 -0.9711 0.2197
vn 0.0938 -0.9712 0.2190
vn 0.0901 -0.9753 0.2015
vn 0.0529 -0.9754 0.2140
vn 0.0528 -0.9757 0.2125
vn 0.0528 -0.9756 0.2132
vn 0.0474 -0.9793 0.1970
vn 0.0171 -0.9753 0.2203
vn 0.2833 -0.9292 0.2374
vn 0.2814 -0.9310 0.2327
vn 0.2839 -0.9286 0.2389
vn 0.2263 -0.9452 0.2355
vn 0.2243 -0.9469 0.2302
vn 0.2249 -0.9465 0.2316
vn 0.2269 -0.9447 0.2370
vn 0.1789 -0.9556 0.2341
vn 0.1773 -0.9571 0.2292
vn 0.1778 -0.9567 0.2306
vn 0.1794 -0.9551 0.2356
vn 0.1348 -0.9642 0.2282
vn 0.1352 -0.9638 0.2297
vn 0.0945 -0.9693 0.2270
vn 0.0938 -0.9675 0.2348
vn 0.0944 -0.9687 0.2298
vn 0.0937 -0.9709 0.2202
vn 0.0550 -0.9731 0.2236
vn 0.0550 -0.9735 0.2221
vn 0.0175 -0.9747 0.2227
vn 0.2249 -0.9405 0.2546
vn 0.2228 -0.9428 0.2479
vn 0.2257 -0.9397 0.2569
vn 0.1779 -0.9519 0.2494
vn 0.1758 -0.9543 0.2416
vn 0.1764 -0.9537 0.2437
vn 0.1785 -0.9512 0.2517
vn 0.1353 -0.9601 0.2448
vn 0.1337 -0.9621 0.2375
vn 0.1342 -0.9615 0.2397
vn 0.1358 -0.9594 0.2471
vn 0.0932 -0.9680 0.2332
vn 0.0934 -0.9677 0.2342
vn 0.0546 -0.9709 0.2333
vn 0.0560 -0.9730 0.2240
vn 0.0177 -0.9746 0.2233
vn 0.5801 -0.7231 -0.3750
vn 0.6285 -0.7086 -0.3209
vn 0.6213 -0.7244 -0.2986
vn 0.6666 -0.7074 -0.2350
vn 0.6530 -0.7287 -0.2065
vn 0.6900 -0.7101 -0.1402
vn 0.6673 -0.7369 -0.1079
vn 0.6932 -0.7192 -0.0478
vn 0.6596 -0.7515 -0.0155
vn 0.6721 -0.7401 0.0221
vn 0.6259 -0.7781 0.0525
vn 0.6340 -0.7688 0.0834
vn 0.6352 -0.7677 0.0849
vn 0.6405 -0.7625 0.0913
vn 0.5673 -0.8172 0.1019
vn 0.5734 -0.8119 0.1094
vn 0.5723 -0.8129 0.1080
vn 0.5810 -0.8004 0.1475
vn 0.5815 -0.8000 0.1481
vn 0.5831 -0.7984 0.1505
vn 0.5026 -0.8492 0.1620
vn 0.5042 -0.8478 0.1644
vn 0.5038 -0.8481 0.1639
vn 0.5099 -0.8357 0.2039
vn 0.5096 -0.8360 0.2034
vn 0.5083 -0.8373 0.2012
vn 0.4257 -0.8802 0.2098
vn 0.4243 -0.8815 0.2071
vn 0.4245 -0.8813 0.2077
vn 0.4276 -0.8710 0.2420
vn 0.4268 -0.8718 0.2405
vn 0.4236 -0.8751 0.2340
vn 0.3503 -0.9056 0.2392
vn 0.3471 -0.9086 0.2323
vn 0.3478 -0.9080 0.2337
vn 0.3488 -0.8970 0.2714
vn 0.2777 -0.9274 0.2508
vn 0.2770 -0.9137 0.2973
vn 0.2177 -0.9385 0.2681
vn 0.2141 -0.9245 0.3153
vn 0.1671 -0.9449 0.2815
vn 0.1611 -0.9331 0.3216
vn 0.1218 -0.9509 0.2846
vn 0.1145 -0.9416 0.3166
vn 0.0804 -0.9560 0.2822
vn 0.0808 -0.9576 0.2767
vn 0.0807 -0.9572 0.2780
vn 0.1755 -0.9459 0.2729
vn 0.1330 -0.9563 0.2603
vn 0.1314 -0.9591 0.2507
vn 0.1319 -0.9583 0.2534
vn 0.1335 -0.9554 0.2633
vn 0.0927 -0.9636 0.2507
vn 0.0917 -0.9659 0.2422
vn 0.0920 -0.9652 0.2449
vn 0.0931 -0.9628 0.2538
vn 0.0545 -0.9707 0.2338
vn 0.0545 -0.9708 0.2336
vn 0.0177 -0.9741 0.2254
vn 0.1291 -0.9505 0.2826
vn 0.0897 -0.9604 0.2639
vn 0.0892 -0.9631 0.2539
vn 0.0893 -0.9623 0.2568
vn 0.0900 -0.9594 0.2673
vn 0.0525 -0.9679 0.2459
vn 0.0511 -0.9669 0.2501
vn 0.0516 -0.9687 0.2429
vn 0.0525 -0.9674 0.2477
vn 0.0177 -0.9740 0.2257
vn 0.1646 -0.8623 0.4789
vn 0.1890 -0.8793 0.4371
vn 0.2264 -0.8294 0.5106
vn 0.2559 -0.8569 0.4475
vn 0.3068 -0.7919 0.5280
vn 0.3371 -0.8277 0.4485
vn 0.4020 -0.7468 0.5297
vn 0.4314 -0.7887 0.4380
vn 0.5017 -0.7001 0.5081
vn 0.5309 -0.7468 0.4006
vn 0.5853 -0.6820 0.4385
vn 0.5853 -0.6794 0.4425
vn 0.5853 -0.6809 0.4401
vn 0.6108 -0.6824 0.4017
vn 0.6567 -0.6155 0.4358
vn 0.6745 -0.6445 0.3600
vn 0.7218 -0.5720 0.3896
vn 0.7368 -0.5983 0.3149
vn 0.7790 -0.5292 0.3362
vn 0.7902 -0.5515 0.2672
vn 0.8272 -0.4871 0.2800
vn 0.8336 -0.5024 0.2296
vn 0.8646 -0.4435 0.2361
vn 0.8696 -0.4597 0.1805
vn 0.8930 -0.4109 0.1837
vn 0.8926 -0.4133 0.1803
vn 0.8926 -0.4132 0.1804
vn 0.8979 -0.4107 0.1584
vn 0.9164 -0.3708 0.1508
vn 0.9171 -0.3668 0.1563
vn 0.9169 -0.3677 0.1551
vn 0.9182 -0.3758 0.1250
vn 0.9340 -0.3376 0.1170
vn 0.9345 -0.3352 0.1200
vn 0.9344 -0.3357 0.1194
vn 0.9347 -0.3440 0.0893
vn 0.9471 -0.3103 0.0815
vn 0.9473 -0.3095 0.0824
vn 0.9473 -0.3097 0.0823
vn 0.9466 -0.3182 0.0523
vn 0.9563 -0.2890 0.0452
vn 0.9561 -0.2896 0.0445
vn 0.9562 -0.2894 0.0447
vn 0.9666 -0.2537 0.0365
vn 0.9667 -0.2529 0.0380
vn 0.9667 -0.2531 0.0376
vn 0.9672 -0.2451 0.0671
vn 0.9569 -0.2805 0.0752
vn 0.9568 -0.2813 0.0742
vn 0.9568 -0.2811 0.0744
vn 0.9563 -0.2731 0.1044
vn 0.9467 -0.3024 0.1112
vn 0.9463 -0.3047 0.1083
vn 0.9464 -0.3042 0.1089
vn 0.9449 -0.2964 0.1393
vn 0.9325 -0.3302 0.1465
vn 0.9319 -0.3341 0.1412
vn 0.9320 -0.3334 0.1422
vn 0.9292 -0.3245 0.1770
vn 0.9135 -0.3629 0.1840
vn 0.9127 -0.3687 0.1759
vn 0.9129 -0.3676 0.1775
vn 0.9081 -0.3570 0.2189
vn 0.8877 -0.4077 0.2139
vn 0.8804 -0.3936 0.2646
vn 0.8556 -0.4509 0.2543
vn 0.8420 -0.4294 0.3267
vn 0.8132 -0.4930 0.3092
vn 0.7945 -0.4674 0.3878
vn 0.7618 -0.5363 0.3634
vn 0.7390 -0.5076 0.4430
vn 0.7024 -0.5810 0.4112
vn 0.6769 -0.5500 0.4891
vn 0.6362 -0.6268 0.4499
vn 0.6012 -0.5845 0.5449
vn 0.5507 -0.6770 0.4882
vn 0.5057 -0.6270 0.5926
vn 0.4541 -0.7224 0.5214
vn 0.4066 -0.6736 0.6172
vn 0.3567 -0.7680 0.5319
vn 0.3117 -0.7257 0.6134
vn 0.2688 -0.8081 0.5241
vn 0.2327 -0.7802 0.5806
vn 0.1997 -0.8422 0.5009
vn 0.1706 -0.8255 0.5380
vn 0.1462 -0.8709 0.4692
vn 0.8972 -0.4388 -0.0506
vn 0.9055 -0.4243 -0.0078
vn 0.8891 -0.4577 0.0081
vn 0.8957 -0.4404 0.0616
vn 0.8723 -0.4833 0.0751
vn 0.8753 -0.4647 0.1339
vn 0.8440 -0.5172 0.1418
vn 0.8433 -0.4993 0.1989
vn 0.8035 -0.5612 0.1986
vn 0.7999 -0.5445 0.2526
vn 0.7553 -0.6083 0.2440
vn 0.7505 -0.5923 0.2933
vn 0.6990 -0.6592 0.2771
vn 0.6908 -0.6372 0.3416
vn 0.6382 -0.7011 0.3181
vn 0.6201 -0.6976 0.3591
vn 0.5586 -0.7616 0.3285
vn 0.5396 -0.7187 0.4385
vn 0.4611 -0.8017 0.3803
vn 0.4392 -0.7605 0.4783
vn 0.3647 -0.8379 0.4061
vn 0.3422 -0.8038 0.4866
vn 0.2816 -0.8664 0.4124
vn 0.2575 -0.8383 0.4806
vn 0.2117 -0.8875 0.4093
vn 0.1879 -0.8664 0.4626
vn 0.1548 -0.9041 0.3984
vn 0.1406 -0.8950 0.4232
vn 0.0857 -0.8989 0.4298
vn 0.1122 -0.9080 0.4036
vn 0.1429 -0.8608 0.4884
vn 0.1670 -0.8738 0.4567
vn 0.1974 -0.8257 0.5285
vn 0.2272 -0.8478 0.4791
vn 0.2682 -0.7827 0.5616
vn 0.3047 -0.8176 0.4886
vn 0.3585 -0.7344 0.5764
vn 0.3969 -0.7781 0.4868
vn 0.4577 -0.6860 0.5657
vn 0.4952 -0.7330 0.4664
vn 0.5554 -0.6413 0.5294
vn 0.5853 -0.6825 0.4376
vn 0.6345 -0.6046 0.4815
vn 0.6570 -0.6357 0.4052
vn 0.7011 -0.5609 0.4403
vn 0.7215 -0.5900 0.3624
vn 0.7612 -0.5186 0.3893
vn 0.7782 -0.5447 0.3125
vn 0.8134 -0.4778 0.3318
vn 0.8259 -0.4998 0.2610
vn 0.8564 -0.4385 0.2725
vn 0.8633 -0.4533 0.2218
vn 0.8886 -0.3982 0.2275
vn 0.8931 -0.4104 0.1844
vn 0.9136 -0.3617 0.1856
vn 0.9162 -0.3717 0.1497
vn 0.9326 -0.3294 0.1476
vn 0.9339 -0.3381 0.1163
vn 0.9467 -0.3019 0.1118
vn 0.9471 -0.3105 0.0813
vn 0.9569 -0.2803 0.0753
vn 0.9563 -0.2887 0.0456
vn 0.9665 -0.2540 0.0360
vn 0.0735 -0.9025 0.4243
vn 0.0959 -0.8429 0.5294
vn 0.1067 -0.8520 0.5126
vn 0.1251 -0.7885 0.6021
vn 0.0766 -0.9398 0.3331
vn 0.6055 -0.6899 -0.3969
vn 0.6569 -0.6730 -0.3399
vn 0.6517 -0.6870 -0.3214
vn 0.7000 -0.6673 -0.2542
vn 0.6895 -0.6870 -0.2295
vn 0.7293 -0.6656 -0.1584
vn 0.7108 -0.6913 -0.1294
vn 0.7386 -0.6710 -0.0645
vn 0.7104 -0.7029 -0.0346
vn 0.7237 -0.6901 0.0059
vn 0.6846 -0.7281 0.0344
vn 0.6931 -0.7176 0.0679
vn 0.6415 -0.7615 0.0926
vn 0.6494 -0.7485 0.1343
vn 0.5834 -0.7980 0.1511
vn 0.5891 -0.7840 0.1958
vn 0.5080 -0.8376 0.2007
vn 0.5113 -0.8247 0.2418
vn 0.4229 -0.8758 0.2326
vn 0.4244 -0.8614 0.2792
vn 0.3428 -0.9037 0.2565
vn 0.3415 -0.8862 0.3132
vn 0.2715 -0.9211 0.2789
vn 0.2668 -0.9029 0.3369
vn 0.2104 -0.9316 0.2964
vn 0.2031 -0.9164 0.3450
vn 0.1594 -0.9393 0.3039
vn 0.1505 -0.9274 0.3425
vn 0.1148 -0.9470 0.3002
vn 0.1085 -0.9413 0.3197
vn 0.0463 -0.9239 0.3798
vn 0.0833 -0.9445 0.3177
vn 0.0325 -0.9697 0.2420
vn 0.0306 -0.9687 0.2464
vn 0.7304 -0.4702 -0.4954
vn 0.7483 -0.4622 -0.4758
vn 0.7490 -0.4842 -0.4523
vn 0.7643 -0.4769 -0.4340
vn 0.7633 -0.5011 -0.4078
vn 0.7762 -0.4945 -0.3910
vn 0.7720 -0.5263 -0.3564
vn 0.7823 -0.5208 -0.3416
vn 0.7755 -0.5498 -0.3103
vn 0.7950 -0.5386 -0.2790
vn 0.7879 -0.5598 -0.2564
vn 0.8049 -0.5489 -0.2253
vn 0.7909 -0.5810 -0.1923
vn 0.7921 -0.5809 -0.1873
vn 0.7911 -0.5810 -0.1914
vn 0.7922 -0.5809 -0.1870
vn 0.7816 -0.6012 -0.1664
vn 0.8120 -0.5762 -0.0932
vn 0.7934 -0.6048 -0.0689
vn 0.8074 -0.5895 -0.0237
vn 0.7799 -0.6259 0.0011
vn 0.7888 -0.6134 0.0392
vn 0.7896 -0.6124 0.0401
vn 0.7947 -0.6053 0.0461
vn 0.7514 -0.6570 0.0617
vn 0.7591 -0.6418 0.1089
vn 0.7593 -0.6414 0.1094
vn 0.7612 -0.6388 0.1121
vn 0.7108 -0.6921 0.1252
vn 0.7160 -0.6754 0.1766
vn 0.7158 -0.6757 0.1762
vn 0.7145 -0.6776 0.1739
vn 0.6557 -0.7323 0.1836
vn 0.6579 -0.7161 0.2331
vn 0.5848 -0.7785 0.2280
vn 0.5844 -0.7583 0.2888
vn 0.4985 -0.8248 0.2667
vn 0.4940 -0.7972 0.3471
vn 0.4058 -0.8617 0.3045
vn 0.3967 -0.8315 0.3890
vn 0.3209 -0.8861 0.3345
vn 0.3089 -0.8600 0.4062
vn 0.2481 -0.9038 0.3486
vn 0.2344 -0.8835 0.4056
vn 0.1879 -0.9178 0.3498
vn 0.1725 -0.9016 0.3968
vn 0.1380 -0.9286 0.3445
vn 0.1222 -0.9166 0.3807
vn 0.0844 -0.9472 0.3094
vn 0.0768 -0.9434 0.3226
vn 0.0610 -0.9392 0.3379
vn 0.0622 -0.9398 0.3359
vn 0.0634 -0.9419 0.3299
vn 0.0276 -0.9374 0.3472
vn 0.0244 -0.9367 0.3494
vn 0.0286 -0.9376 0.3465
vn 0.0469 -0.8999 0.4337
vn 0.0413 -0.8976 0.4388
vn 0.0424 -0.8981 0.4378
vn 0.0475 -0.9001 0.4330
vn 0.0683 -0.8492 0.5236
vn 0.0608 -0.8438 0.5332
vn 0.0615 -0.8443 0.5323
vn 0.0688 -0.8491 0.5237
vn 0.8116 -0.4968 -0.3074
vn 0.8147 -0.4973 -0.2982
vn 0.8122 -0.4969 -0.3056
vn 0.8157 -0.4974 -0.2954
vn 0.8085 -0.5240 -0.2680
vn 0.8262 -0.5120 -0.2350
vn 0.8180 -0.5345 -0.2126
vn 0.8334 -0.5227 -0.1796
vn 0.8211 -0.5494 -0.1545
vn 0.8406 -0.5315 -0.1048
vn 0.8260 -0.5575 -0.0835
vn 0.8400 -0.5413 -0.0367
vn 0.8177 -0.5754 -0.0141
vn 0.8267 -0.5621 0.0258
vn 0.7953 -0.6044 0.0469
vn 0.8029 -0.5883 0.0963
vn 0.7615 -0.6384 0.1124
vn 0.7661 -0.6209 0.1661
vn 0.7144 -0.6779 0.1737
vn 0.7158 -0.6608 0.2258
vn 0.6527 -0.7242 0.2224
vn 0.6509 -0.7026 0.2874
vn 0.5759 -0.7721 0.2686
vn 0.5683 -0.7403 0.3590
vn 0.4840 -0.8152 0.3180
vn 0.4706 -0.7777 0.4168
vn 0.3880 -0.8498 0.3568
vn 0.3719 -0.8164 0.4418
vn 0.3030 -0.8756 0.3761
vn 0.2856 -0.8490 0.4445
vn 0.2317 -0.8958 0.3793
vn 0.2125 -0.8743 0.4364
vn 0.1725 -0.9109 0.3750
vn 0.1532 -0.8950 0.4188
vn 0.1242 -0.9233 0.3635
vn 0.0865 -0.8996 0.4281
vn 0.1149 -0.9055 0.4084
vn 0.1030 -0.8998 0.4241
vn 0.0590 -0.9402 0.3354
vn 0.0577 -0.9399 0.3366
vn 0.0413 -0.9381 0.3438
vn 0.0418 -0.9383 0.3433
vn 0.0437 -0.9389 0.3414
vn 0.5517 -0.7569 -0.3502
vn 0.5966 -0.7448 -0.2991
vn 0.5871 -0.7622 -0.2728
vn 0.6287 -0.7478 -0.2134
vn 0.6117 -0.7701 -0.1811
vn 0.6454 -0.7544 -0.1200
vn 0.6181 -0.7815 -0.0845
vn 0.6417 -0.7664 -0.0298
vn 0.6017 -0.7987 0.0054
vn 0.6133 -0.7889 0.0397
vn 0.5587 -0.8262 0.0726
vn 0.5661 -0.8182 0.1004
vn 0.4953 -0.8593 0.1278
vn 0.5022 -0.8496 0.1614
vn 0.4210 -0.8896 0.1768
vn 0.4261 -0.8799 0.2104
vn 0.3481 -0.9132 0.2117
vn 0.3510 -0.9049 0.2408
vn 0.2808 -0.9315 0.2313
vn 0.2823 -0.9223 0.2638
vn 0.2221 -0.9435 0.2458
vn 0.2217 -0.9330 0.2836
vn 0.1725 -0.9503 0.2591
vn 0.1696 -0.9394 0.2980
vn 0.1274 -0.9551 0.2676
vn 0.1226 -0.9459 0.3005
vn 0.0872 -0.9596 0.2674
vn 0.0803 -0.9557 0.2832
vn 0.0508 -0.9664 0.2521
vn 0.0017 -0.9423 0.3348
vn 0.5874 -0.4260 0.6881
vn 0.5761 -0.4351 0.6920
vn 0.5670 -0.4908 0.6616
vn 0.5193 -0.4611 0.7195
vn 0.5054 -0.5387 0.6741
vn 0.4606 -0.5095 0.7268
vn 0.4379 -0.5352 0.7223
vn 0.4105 -0.5142 0.7530
vn 0.3768 -0.5652 0.7338
vn 0.3597 -0.5682 0.7401
vn 0.3414 -0.6500 0.6789
vn 0.2891 -0.6213 0.7283
vn 0.2673 -0.7086 0.6530
vn 0.2161 -0.6860 0.6948
vn 0.1966 -0.7606 0.6187
vn 0.1439 -0.7440 0.6525
vn 0.1303 -0.8015 0.5836
vn 0.0793 -0.7982 0.5972
vn 0.0848 -0.7928 0.6035
vn 0.0837 -0.7939 0.6022
vn 0.0780 -0.7994 0.5957
vn 0.0281 -0.7970 0.6033
vn 0.0300 -0.7949 0.6060
vn 0.0296 -0.7954 0.6054
vn 0.2680 -0.0684 -0.9610
vn 0.2821 -0.1291 -0.9507
vn 0.2315 -0.1302 -0.9641
vn 0.2310 -0.1304 -0.9642
vn 0.1830 -0.1310 -0.9743
vn 0.1829 -0.1311 -0.9743
vn 0.1827 -0.1312 -0.9744
vn 0.1596 -0.1314 -0.9784
vn 0.1592 -0.1315 -0.9784
vn 0.1590 -0.1317 -0.9785
vn 0.1591 -0.1316 -0.9784
vn 0.1367 -0.1318 -0.9818
vn 0.1364 -0.1319 -0.9818
vn 0.1366 -0.1318 -0.9818
vn 0.1363 -0.1319 -0.9818
vn 0.1132 -0.1321 -0.9848
vn 0.1129 -0.1322 -0.9848
vn 0.1131 -0.1321 -0.9848
vn 0.6353 0.0616 -0.7698
vn 0.6097 -0.1324 -0.7815
vn 0.5737 -0.1353 -0.8078
vn 0.5729 -0.1358 -0.8083
vn 0.5707 -0.1372 -0.8096
vn 0.5699 -0.1377 -0.8101
vn 0.5114 -0.1422 -0.8475
vn 0.5086 -0.1439 -0.8489
vn 0.4476 -0.1476 -0.8820
vn 0.4469 -0.1480 -0.8823
vn 0.4450 -0.1490 -0.8831
vn 0.4443 -0.1493 -0.8833
vn 0.3806 -0.1524 -0.9121
vn 0.3800 -0.1527 -0.9123
vn 0.3784 -0.1535 -0.9128
vn 0.3778 -0.1538 -0.9130
vn 0.3112 -0.1563 -0.9374
vn 0.3107 -0.1565 -0.9375
vn 0.3095 -0.1570 -0.9378
vn 0.3090 -0.1573 -0.9380
vn 0.2393 -0.1592 -0.9578
vn 0.2388 -0.1594 -0.9579
vn 0.2383 -0.1596 -0.9580
vn 0.2379 -0.1598 -0.9581
vn 0.1902 -0.1607 -0.9685
vn 0.1897 -0.1609 -0.9686
vn 0.1901 -0.1607 -0.9685
vn 0.1896 -0.1610 -0.9686
vn 0.1659 -0.1613 -0.9729
vn 0.1655 -0.1615 -0.9729
vn 0.1652 -0.1616 -0.9729
vn 0.1424 -0.1619 -0.9765
vn 0.1422 -0.1620 -0.9765
vn 0.7718 -0.1011 -0.6278
vn 0.7722 -0.1268 -0.6226
vn 0.7342 -0.1331 -0.6657
vn 0.7307 -0.1361 -0.6690
vn 0.6859 -0.1421 -0.7137
vn 0.6850 -0.1428 -0.7144
vn 0.6823 -0.1448 -0.7165
vn 0.6814 -0.1455 -0.7173
vn 0.6331 -0.1511 -0.7592
vn 0.6322 -0.1519 -0.7598
vn 0.6296 -0.1537 -0.7616
vn 0.6286 -0.1543 -0.7622
vn 0.5765 -0.1596 -0.8014
vn 0.5756 -0.1601 -0.8019
vn 0.5730 -0.1618 -0.8034
vn 0.5721 -0.1624 -0.8039
vn 0.5158 -0.1674 -0.8402
vn 0.5151 -0.1679 -0.8406
vn 0.5126 -0.1694 -0.8418
vn 0.5117 -0.1699 -0.8422
vn 0.4521 -0.1743 -0.8748
vn 0.4514 -0.1747 -0.8751
vn 0.4492 -0.1759 -0.8759
vn 0.4484 -0.1764 -0.8763
vn 0.3861 -0.1801 -0.9047
vn 0.3854 -0.1804 -0.9049
vn 0.3835 -0.1815 -0.9056
vn 0.3828 -0.1818 -0.9057
vn 0.3176 -0.1849 -0.9300
vn 0.3171 -0.1852 -0.9301
vn 0.3156 -0.1859 -0.9305
vn 0.3150 -0.1862 -0.9306
vn 0.2466 -0.1885 -0.9506
vn 0.2462 -0.1887 -0.9507
vn 0.2453 -0.1891 -0.9508
vn 0.2449 -0.1893 -0.9509
vn 0.1975 -0.1905 -0.9616
vn 0.1971 -0.1907 -0.9617
vn 0.1970 -0.1907 -0.9617
vn 0.1965 -0.1909 -0.9617
vn 0.1724 -0.1914 -0.9662
vn 0.1720 -0.1916 -0.9663
vn 0.1718 -0.1917 -0.9663
vn 0.8870 -0.1034 -0.4501
vn 0.8862 -0.1098 -0.4502
vn 0.8577 -0.1178 -0.5005
vn 0.8544 -0.1217 -0.5052
vn 0.8204 -0.1301 -0.5567
vn 0.8169 -0.1339 -0.5611
vn 0.7801 -0.1412 -0.6095
vn 0.7792 -0.1421 -0.6105
vn 0.7763 -0.1448 -0.6135
vn 0.7754 -0.1457 -0.6144
vn 0.7351 -0.1529 -0.6606
vn 0.7341 -0.1536 -0.6615
vn 0.7311 -0.1562 -0.6641
vn 0.7302 -0.1571 -0.6650
vn 0.6866 -0.1639 -0.7084
vn 0.6855 -0.1647 -0.7092
vn 0.6826 -0.1670 -0.7115
vn 0.6816 -0.1678 -0.7122
vn 0.6346 -0.1744 -0.7530
vn 0.6336 -0.1752 -0.7536
vn 0.6306 -0.1773 -0.7556
vn 0.6296 -0.1780 -0.7562
vn 0.5788 -0.1841 -0.7944
vn 0.5778 -0.1848 -0.7950
vn 0.5750 -0.1867 -0.7965
vn 0.5740 -0.1874 -0.7971
vn 0.5192 -0.1931 -0.8326
vn 0.5182 -0.1937 -0.8330
vn 0.5154 -0.1954 -0.8343
vn 0.5145 -0.1960 -0.8348
vn 0.4564 -0.2011 -0.8667
vn 0.4555 -0.2017 -0.8671
vn 0.4531 -0.2031 -0.8680
vn 0.4522 -0.2036 -0.8684
vn 0.3914 -0.2080 -0.8964
vn 0.3906 -0.2084 -0.8966
vn 0.3884 -0.2096 -0.8973
vn 0.3876 -0.2100 -0.8976
vn 0.3239 -0.2137 -0.9216
vn 0.3233 -0.2141 -0.9218
vn 0.3216 -0.2149 -0.9222
vn 0.3209 -0.2152 -0.9223
vn 0.2539 -0.2180 -0.9423
vn 0.2535 -0.2182 -0.9424
vn 0.2522 -0.2188 -0.9426
vn 0.2518 -0.2191 -0.9427
vn 0.2048 -0.2205 -0.9536
vn 0.2046 -0.2205 -0.9537
vn 0.2037 -0.2210 -0.9538
vn 0.9408 -0.0924 -0.3260
vn 0.9411 -0.0968 -0.3241
vn 0.9184 -0.1065 -0.3810
vn 0.9156 -0.1108 -0.3865
vn 0.8897 -0.1195 -0.4406
vn 0.8889 -0.1206 -0.4419
vn 0.8865 -0.1239 -0.4459
vn 0.8857 -0.1250 -0.4472
vn 0.8566 -0.1335 -0.4985
vn 0.8557 -0.1346 -0.4997
vn 0.8530 -0.1379 -0.5034
vn 0.8521 -0.1389 -0.5046
vn 0.8197 -0.1472 -0.5535
vn 0.8188 -0.1483 -0.5547
vn 0.8158 -0.1515 -0.5582
vn 0.8148 -0.1525 -0.5593
vn 0.7790 -0.1607 -0.6061
vn 0.7780 -0.1617 -0.6071
vn 0.7748 -0.1648 -0.6103
vn 0.7738 -0.1657 -0.6113
vn 0.7345 -0.1737 -0.6560
vn 0.7335 -0.1747 -0.6569
vn 0.7303 -0.1775 -0.6597
vn 0.7292 -0.1784 -0.6606
vn 0.6868 -0.1861 -0.7026
vn 0.6857 -0.1869 -0.7035
vn 0.6824 -0.1896 -0.7060
vn 0.6813 -0.1905 -0.7068
vn 0.6356 -0.1978 -0.7463
vn 0.6345 -0.1986 -0.7470
vn 0.6312 -0.2010 -0.7491
vn 0.6301 -0.2019 -0.7498
vn 0.5808 -0.2088 -0.7868
vn 0.5797 -0.2095 -0.7874
vn 0.5765 -0.2118 -0.7892
vn 0.5754 -0.2125 -0.7898
vn 0.5221 -0.2190 -0.8243
vn 0.5210 -0.2197 -0.8248
vn 0.5179 -0.2217 -0.8262
vn 0.5169 -0.2223 -0.8267
vn 0.4603 -0.2281 -0.8579
vn 0.4593 -0.2287 -0.8583
vn 0.4566 -0.2303 -0.8593
vn 0.4556 -0.2309 -0.8597
vn 0.3964 -0.2360 -0.8873
vn 0.3955 -0.2365 -0.8875
vn 0.3931 -0.2378 -0.8882
vn 0.3922 -0.2383 -0.8885
vn 0.3300 -0.2425 -0.9123
vn 0.3292 -0.2430 -0.9124
vn 0.3273 -0.2440 -0.9129
vn 0.3266 -0.2444 -0.9130
vn 0.2611 -0.2477 -0.9330
vn 0.2605 -0.2480 -0.9331
vn 0.2592 -0.2487 -0.9333
vn 0.9707 -0.0741 -0.2287
vn 0.9761 -0.0801 -0.2021
vn 0.9624 -0.0916 -0.2558
vn 0.9585 -0.1041 -0.2655
vn 0.9415 -0.1052 -0.3202
vn 0.9389 -0.1100 -0.3261
vn 0.9167 -0.1197 -0.3812
vn 0.9160 -0.1209 -0.3826
vn 0.9137 -0.1245 -0.3869
vn 0.9129 -0.1257 -0.3884
vn 0.8873 -0.1353 -0.4409
vn 0.8864 -0.1365 -0.4422
vn 0.8838 -0.1401 -0.4464
vn 0.8829 -0.1413 -0.4478
vn 0.8543 -0.1506 -0.4975
vn 0.8533 -0.1518 -0.4988
vn 0.8503 -0.1554 -0.5028
vn 0.8494 -0.1566 -0.5040
vn 0.8177 -0.1658 -0.5513
vn 0.8166 -0.1669 -0.5525
vn 0.8134 -0.1704 -0.5562
vn 0.8123 -0.1716 -0.5574
vn 0.7774 -0.1806 -0.6025
vn 0.7763 -0.1817 -0.6036
vn 0.7728 -0.1851 -0.6070
vn 0.7717 -0.1862 -0.6081
vn 0.7335 -0.1949 -0.6511
vn 0.7324 -0.1960 -0.6520
vn 0.7288 -0.1992 -0.6551
vn 0.7277 -0.2003 -0.6560
vn 0.6865 -0.2086 -0.6966
vn 0.6853 -0.2096 -0.6974
vn 0.6817 -0.2126 -0.7001
vn 0.6805 -0.2136 -0.7009
vn 0.6361 -0.2216 -0.7391
vn 0.6349 -0.2225 -0.7399
vn 0.6313 -0.2253 -0.7421
vn 0.6301 -0.2262 -0.7428
vn 0.5822 -0.2338 -0.7787
vn 0.5810 -0.2347 -0.7793
vn 0.5775 -0.2372 -0.7812
vn 0.5763 -0.2380 -0.7818
vn 0.5245 -0.2451 -0.8154
vn 0.5234 -0.2458 -0.8159
vn 0.5200 -0.2481 -0.8174
vn 0.5188 -0.2489 -0.8179
vn 0.4639 -0.2553 -0.8483
vn 0.4628 -0.2559 -0.8487
vn 0.4597 -0.2579 -0.8498
vn 0.4586 -0.2585 -0.8502
vn 0.4010 -0.2641 -0.8772
vn 0.4001 -0.2646 -0.8774
vn 0.3972 -0.2663 -0.8782
vn 0.3963 -0.2669 -0.8785
vn 0.3358 -0.2716 -0.9019
vn 0.3350 -0.2720 -0.9021
vn 0.3327 -0.2732 -0.9026
vn 0.9888 -0.0654 -0.1345
vn 0.9885 -0.0734 -0.1319
vn 0.9767 -0.0874 -0.1962
vn 0.9733 -0.0997 -0.2066
vn 0.9602 -0.1020 -0.2602
vn 0.9578 -0.1072 -0.2667
vn 0.9396 -0.1176 -0.3213
vn 0.9389 -0.1189 -0.3229
vn 0.9368 -0.1228 -0.3277
vn 0.9360 -0.1241 -0.3292
vn 0.9140 -0.1347 -0.3827
vn 0.9132 -0.1360 -0.3842
vn 0.9106 -0.1400 -0.3889
vn 0.9097 -0.1413 -0.3904
vn 0.8845 -0.1517 -0.4412
vn 0.8836 -0.1530 -0.4426
vn 0.8806 -0.1571 -0.4471
vn 0.8796 -0.1584 -0.4485
vn 0.8516 -0.1684 -0.4964
vn 0.8506 -0.1697 -0.4978
vn 0.8472 -0.1738 -0.5020
vn 0.8462 -0.1751 -0.5034
vn 0.8152 -0.1849 -0.5489
vn 0.8141 -0.1862 -0.5501
vn 0.8105 -0.1901 -0.5541
vn 0.8093 -0.1914 -0.5553
vn 0.7753 -0.2010 -0.5987
vn 0.7741 -0.2022 -0.5998
vn 0.7703 -0.2061 -0.6034
vn 0.7691 -0.2073 -0.6046
vn 0.7320 -0.2166 -0.6459
vn 0.7308 -0.2178 -0.6470
vn 0.7269 -0.2214 -0.6501
vn 0.7256 -0.2226 -0.6511
vn 0.6857 -0.2315 -0.6901
vn 0.6844 -0.2326 -0.6910
vn 0.6804 -0.2360 -0.6938
vn 0.6791 -0.2371 -0.6947
vn 0.6361 -0.2457 -0.7314
vn 0.6348 -0.2468 -0.7322
vn 0.6309 -0.2499 -0.7345
vn 0.6295 -0.2509 -0.7353
vn 0.5831 -0.2590 -0.7700
vn 0.5818 -0.2600 -0.7707
vn 0.5779 -0.2628 -0.7726
vn 0.5767 -0.2638 -0.7732
vn 0.5264 -0.2714 -0.8057
vn 0.5252 -0.2723 -0.8063
vn 0.5214 -0.2748 -0.8078
vn 0.5202 -0.2757 -0.8083
vn 0.4669 -0.2827 -0.8379
vn 0.4657 -0.2835 -0.8383
vn 0.4622 -0.2857 -0.8395
vn 0.4611 -0.2864 -0.8399
vn 0.4052 -0.2925 -0.8662
vn 0.4041 -0.2931 -0.8665
vn 0.4011 -0.2949 -0.8673
vn 0.0198 -0.5274 -0.8494
vn 0.0195 -0.5275 -0.8494
vn 0.0194 -0.5275 -0.8493
vn 0.0199 -0.5632 -0.8261
vn 0.0203 -0.5630 -0.8262
vn 0.0199 -0.5631 -0.8261
vn 0.0198 -0.5632 -0.8261
vn 0.0205 -0.5991 -0.8004
vn 0.0207 -0.5990 -0.8005
vn 0.0206 -0.5990 -0.8005
vn 0.0200 -0.5993 -0.8003
vn 0.0202 -0.6358 -0.7716
vn 0.0210 -0.6355 -0.7718
vn 0.0208 -0.6356 -0.7718
vn 0.0201 -0.6358 -0.7716
vn 0.0205 -0.6725 -0.7399
vn 0.0211 -0.6722 -0.7401
vn 0.0207 -0.6724 -0.7399
vn 0.0201 -0.6726 -0.7397
vn 0.0201 -0.7096 -0.7043
vn 0.0210 -0.7092 -0.7047
vn 0.0208 -0.7093 -0.7046
vn 0.0198 -0.7096 -0.7043
vn 0.0194 -0.7465 -0.6651
vn 0.0206 -0.7461 -0.6655
vn 0.0202 -0.7463 -0.6654
vn 0.0192 -0.7466 -0.6650
vn 0.0185 -0.7832 -0.6215
vn 0.0200 -0.7828 -0.6220
vn 0.0197 -0.7829 -0.6219
vn 0.0183 -0.7833 -0.6214
vn 0.0330 -0.8190 -0.5728
vn 0.0191 -0.8271 -0.5618
vn 0.0542 -0.8167 -0.5745
vn 0.0563 -0.7809 -0.6221
vn 0.0524 -0.7822 -0.6208
vn 0.0531 -0.7819 -0.6211
vn 0.0571 -0.7806 -0.6224
vn 0.0583 -0.7443 -0.6653
vn 0.0550 -0.7455 -0.6643
vn 0.0557 -0.7452 -0.6645
vn 0.0590 -0.7440 -0.6655
vn 0.0597 -0.7074 -0.7043
vn 0.0568 -0.7085 -0.7034
vn 0.0574 -0.7083 -0.7036
vn 0.0603 -0.7072 -0.7045
vn 0.0603 -0.6706 -0.7394
vn 0.0578 -0.6716 -0.7387
vn 0.0583 -0.6714 -0.7388
vn 0.0608 -0.6703 -0.7395
vn 0.0604 -0.6339 -0.7711
vn 0.0583 -0.6348 -0.7705
vn 0.0588 -0.6345 -0.7707
vn 0.0609 -0.6337 -0.7712
vn 0.0602 -0.5976 -0.7995
vn 0.0583 -0.5984 -0.7991
vn 0.0587 -0.5982 -0.7992
vn 0.0606 -0.5974 -0.7996
vn 0.0596 -0.5616 -0.8252
vn 0.0579 -0.5624 -0.8249
vn 0.0582 -0.5622 -0.8249
vn 0.3442 -0.7174 -0.6057
vn 0.3247 -0.7203 -0.6129
vn 0.3190 -0.6932 -0.6463
vn 0.2922 -0.6969 -0.6549
vn 0.2851 -0.6686 -0.6868
vn 0.2427 -0.6734 -0.6983
vn 0.2363 -0.6477 -0.7243
vn 0.2011 -0.6511 -0.7318
vn 0.1996 -0.6519 -0.7316
vn 0.1937 -0.6547 -0.7306
vn 0.2006 -0.6164 -0.7614
vn 0.1942 -0.6196 -0.7605
vn 0.1956 -0.6189 -0.7607
vn 0.1702 -0.6215 -0.7647
vn 0.1690 -0.6221 -0.7645
vn 0.1646 -0.6242 -0.7637
vn 0.1688 -0.5867 -0.7920
vn 0.1638 -0.5891 -0.7913
vn 0.1649 -0.5886 -0.7914
vn 0.1351 -0.5909 -0.7954
vn 0.1342 -0.5913 -0.7952
vn 0.1311 -0.5928 -0.7946
vn 0.1332 -0.5560 -0.8204
vn 0.1296 -0.5576 -0.8199
vn 0.1304 -0.5573 -0.8200
vn 0.0976 -0.5590 -0.8234
vn 0.0970 -0.5593 -0.8233
vn 0.0950 -0.5602 -0.8229
vn 0.0957 -0.5240 -0.8463
vn 0.0934 -0.5250 -0.8459
vn 0.0940 -0.5248 -0.8460
vn 0.0589 -0.5260 -0.8484
vn 0.0586 -0.5261 -0.8484
vn 0.0575 -0.5266 -0.8482
vn 0.0574 -0.4911 -0.8692
vn 0.0562 -0.4916 -0.8690
vn 0.0564 -0.4915 -0.8690
vn 0.0194 -0.4921 -0.8703
vn 0.0191 -0.4922 -0.8702
vn 0.0193 -0.4922 -0.8703
vn 0.0186 -0.4575 -0.8890
vn 0.0185 -0.4575 -0.8890
vn 0.0188 -0.4574 -0.8891
vn 0.0183 -0.4231 -0.9059
vn 0.0184 -0.4231 -0.9059
vn 0.0181 -0.4232 -0.9059
vn 0.0537 -0.4227 -0.9047
vn 0.0539 -0.4226 -0.9047
vn 0.0548 -0.4222 -0.9048
vn 0.0552 -0.4568 -0.8879
vn 0.0563 -0.4563 -0.8880
vn 0.0559 -0.4565 -0.8880
vn 0.0901 -0.4555 -0.8856
vn 0.0905 -0.4554 -0.8857
vn 0.0919 -0.4548 -0.8859
vn 0.0924 -0.4898 -0.8669
vn 0.0944 -0.4890 -0.8672
vn 0.0939 -0.4892 -0.8671
vn 0.1264 -0.4877 -0.8638
vn 0.1271 -0.4874 -0.8639
vn 0.1290 -0.4865 -0.8641
vn 0.1289 -0.5221 -0.8431
vn 0.1321 -0.5206 -0.8435
vn 0.1314 -0.5209 -0.8434
vn 0.1617 -0.5190 -0.8393
vn 0.1626 -0.5186 -0.8394
vn 0.1655 -0.5172 -0.8397
vn 0.1642 -0.5533 -0.8166
vn 0.1684 -0.5513 -0.8171
vn 0.1674 -0.5517 -0.8170
vn 0.1942 -0.5494 -0.8126
vn 0.1953 -0.5489 -0.8128
vn 0.1991 -0.5469 -0.8132
vn 0.1961 -0.5836 -0.7880
vn 0.2017 -0.5808 -0.7887
vn 0.2005 -0.5814 -0.7885
vn 0.2238 -0.5789 -0.7841
vn 0.2252 -0.5781 -0.7843
vn 0.2301 -0.5755 -0.7847
vn 0.2364 -0.6149 -0.7524
vn 0.2339 -0.6174 -0.7511
vn 0.2347 -0.6166 -0.7515
vn 0.3849 -0.7032 -0.5977
vn 0.3670 -0.7063 -0.6053
vn 0.3619 -0.6801 -0.6375
vn 0.3372 -0.6841 -0.6468
vn 0.3306 -0.6570 -0.6775
vn 0.2992 -0.6614 -0.6877
vn 0.3015 -0.6277 -0.7177
vn 0.2914 -0.6331 -0.7171
vn 0.2937 -0.6319 -0.7173
vn 0.2458 -0.6383 -0.7295
vn 0.2389 -0.6122 -0.7537
vn 0.2021 -0.6157 -0.7616
vn 0.1948 -0.5843 -0.7878
vn 0.1698 -0.5862 -0.7922
vn 0.1632 -0.5538 -0.8165
vn 0.1339 -0.5556 -0.8206
vn 0.1283 -0.5224 -0.8430
vn 0.0962 -0.5238 -0.8464
vn 0.0919 -0.4901 -0.8668
vn 0.0577 -0.4910 -0.8693
vn 0.0550 -0.4569 -0.8878
vn 0.0189 -0.4574 -0.8891
vn 0.0180 -0.4232 -0.9058
vn 0.0173 -0.3558 -0.9344
vn 0.0507 -0.3555 -0.9333
vn 0.0509 -0.3554 -0.9333
vn 0.0512 -0.3553 -0.9334
vn 0.0526 -0.3887 -0.9198
vn 0.0533 -0.3884 -0.9199
vn 0.0529 -0.3886 -0.9199
vn 0.0857 -0.3878 -0.9177
vn 0.0861 -0.3877 -0.9178
vn 0.0871 -0.3872 -0.9179
vn 0.0884 -0.4213 -0.9026
vn 0.0899 -0.4206 -0.9028
vn 0.0896 -0.4207 -0.9028
vn 0.1213 -0.4196 -0.8996
vn 0.1218 -0.4193 -0.8996
vn 0.1233 -0.4186 -0.8998
vn 0.1246 -0.4531 -0.8827
vn 0.1269 -0.4521 -0.8829
vn 0.1264 -0.4523 -0.8829
vn 0.1566 -0.4507 -0.8788
vn 0.1573 -0.4503 -0.8789
vn 0.1593 -0.4493 -0.8790
vn 0.1603 -0.4844 -0.8601
vn 0.1635 -0.4827 -0.8604
vn 0.1628 -0.4831 -0.8603
vn 0.1901 -0.4811 -0.8558
vn 0.1910 -0.4807 -0.8558
vn 0.1939 -0.4792 -0.8560
vn 0.1936 -0.5145 -0.8354
vn 0.1979 -0.5123 -0.8357
vn 0.1969 -0.5128 -0.8356
vn 0.2216 -0.5105 -0.8308
vn 0.2227 -0.5099 -0.8309
vn 0.2264 -0.5080 -0.8311
vn 0.2245 -0.5438 -0.8086
vn 0.2300 -0.5409 -0.8090
vn 0.2288 -0.5416 -0.8089
vn 0.2544 -0.5387 -0.8032
vn 0.2558 -0.5380 -0.8032
vn 0.2603 -0.5355 -0.8034
vn 0.2564 -0.5718 -0.7793
vn 0.2632 -0.5681 -0.7798
vn 0.2617 -0.5689 -0.7797
vn 0.2975 -0.5642 -0.7702
vn 0.2993 -0.5632 -0.7702
vn 0.3053 -0.5599 -0.7703
vn 0.2975 -0.5971 -0.7450
vn 0.3063 -0.5923 -0.7452
vn 0.3043 -0.5934 -0.7452
vn 0.3453 -0.5868 -0.7324
vn 0.3531 -0.6137 -0.7062
vn 0.3861 -0.6081 -0.6936
vn 0.3928 -0.6340 -0.6661
vn 0.4203 -0.6287 -0.6543
vn 0.4257 -0.6539 -0.6255
vn 0.4477 -0.6492 -0.6149
vn 0.4516 -0.6740 -0.5846
vn 0.4674 -0.6705 -0.5762
vn 0.4690 -0.6883 -0.5534
vn 0.3875 -0.7215 -0.5739
vn 0.3493 -0.7437 -0.5700
vn 0.3556 -0.7461 -0.5630
vn 0.3488 -0.7432 -0.5710
vn 0.3482 -0.7433 -0.5711
vn 0.3070 -0.7493 -0.5868
vn 0.3036 -0.7301 -0.6122
vn 0.2821 -0.7328 -0.6192
vn 0.2758 -0.7047 -0.6537
vn 0.2374 -0.7089 -0.6641
vn 0.2317 -0.6838 -0.6919
vn 0.1987 -0.6870 -0.6990
vn 0.1921 -0.6555 -0.7303
vn 0.1695 -0.6573 -0.7343
vn 0.1634 -0.6248 -0.7635
vn 0.1355 -0.6266 -0.7675
vn 0.1302 -0.5932 -0.7945
vn 0.0986 -0.5947 -0.7979
vn 0.0944 -0.5605 -0.8228
vn 0.0599 -0.5615 -0.8253
vn 0.0571 -0.5268 -0.8481
vn 0.0199 -0.5273 -0.8494
vn 0.0189 -0.4923 -0.8702
vn 0.0640 -0.1326 -0.9891
vn 0.0639 -0.1326 -0.9891
vn 0.0886 -0.1325 -0.9872
vn 0.0888 -0.1324 -0.9872
vn 0.0886 -0.1324 -0.9872
vn 0.0927 -0.1629 -0.9823
vn 0.0928 -0.1629 -0.9823
vn 0.0929 -0.1628 -0.9823
vn 0.1176 -0.1626 -0.9797
vn 0.1180 -0.1625 -0.9796
vn 0.1177 -0.1626 -0.9797
vn 0.1225 -0.1932 -0.9735
vn 0.1231 -0.1930 -0.9734
vn 0.1228 -0.1931 -0.9735
vn 0.1473 -0.1926 -0.9702
vn 0.1475 -0.1925 -0.9701
vn 0.1479 -0.1924 -0.9701
vn 0.1531 -0.2233 -0.9627
vn 0.1540 -0.2229 -0.9626
vn 0.1537 -0.2230 -0.9626
vn 0.1776 -0.2224 -0.9586
vn 0.1779 -0.2223 -0.9586
vn 0.1787 -0.2219 -0.9586
vn 0.1841 -0.2529 -0.9498
vn 0.1855 -0.2523 -0.9497
vn 0.1851 -0.2525 -0.9497
vn 0.2105 -0.2515 -0.9447
vn 0.2109 -0.2513 -0.9446
vn 0.2117 -0.2509 -0.9446
vn 0.2177 -0.2819 -0.9344
vn 0.2193 -0.2811 -0.9343
vn 0.2189 -0.2813 -0.9343
vn 0.2652 -0.2791 -0.9229
vn 0.2659 -0.2788 -0.9228
vn 0.2676 -0.2779 -0.9226
vn 0.2723 -0.3090 -0.9112
vn 0.2750 -0.3076 -0.9109
vn 0.2743 -0.3080 -0.9110
vn 0.3369 -0.3033 -0.8914
vn 0.3378 -0.3028 -0.8912
vn 0.3404 -0.3014 -0.8907
vn 0.3423 -0.3326 -0.8788
vn 0.3463 -0.3303 -0.8780
vn 0.3453 -0.3309 -0.8782
vn 0.4031 -0.3247 -0.8556
vn 0.4043 -0.3240 -0.8553
vn 0.4079 -0.3218 -0.8544
vn 0.4069 -0.3533 -0.8424
vn 0.4121 -0.3500 -0.8412
vn 0.4109 -0.3508 -0.8415
vn 0.4642 -0.3430 -0.8167
vn 0.4656 -0.3420 -0.8163
vn 0.4698 -0.3392 -0.8150
vn 0.4660 -0.3708 -0.8033
vn 0.4723 -0.3666 -0.8016
vn 0.4708 -0.3676 -0.8020
vn 0.5201 -0.3584 -0.7753
vn 0.5217 -0.3572 -0.7747
vn 0.5268 -0.3536 -0.7730
vn 0.5201 -0.3856 -0.7621
vn 0.5274 -0.3803 -0.7598
vn 0.5256 -0.3816 -0.7604
vn 0.5705 -0.3712 -0.7327
vn 0.5723 -0.3698 -0.7319
vn 0.5781 -0.3653 -0.7296
vn 0.5685 -0.3981 -0.7199
vn 0.5769 -0.3916 -0.7168
vn 0.5749 -0.3932 -0.7176
vn 0.6148 -0.3820 -0.6900
vn 0.6203 -0.4013 -0.6739
vn 0.0161 -0.2902 -0.9568
vn 0.0474 -0.2900 -0.9558
vn 0.0476 -0.2900 -0.9559
vn 0.0478 -0.2898 -0.9559
vn 0.0493 -0.3225 -0.9453
vn 0.0498 -0.3223 -0.9453
vn 0.0492 -0.3225 -0.9453
vn 0.0806 -0.3218 -0.9434
vn 0.0810 -0.3217 -0.9434
vn 0.0816 -0.3214 -0.9434
vn 0.0837 -0.3544 -0.9313
vn 0.0847 -0.3540 -0.9314
vn 0.0843 -0.3542 -0.9314
vn 0.1149 -0.3533 -0.9284
vn 0.1153 -0.3532 -0.9284
vn 0.1165 -0.3526 -0.9285
vn 0.1186 -0.3860 -0.9148
vn 0.1204 -0.3852 -0.9149
vn 0.1200 -0.3854 -0.9149
vn 0.1495 -0.3842 -0.9111
vn 0.1500 -0.3839 -0.9111
vn 0.1516 -0.3831 -0.9112
vn 0.1539 -0.4170 -0.8958
vn 0.1563 -0.4158 -0.8959
vn 0.1557 -0.4161 -0.8959
vn 0.1830 -0.4144 -0.8915
vn 0.1837 -0.4141 -0.8915
vn 0.1859 -0.4129 -0.8916
vn 0.1877 -0.4471 -0.8746
vn 0.1909 -0.4455 -0.8747
vn 0.1901 -0.4459 -0.8747
vn 0.2154 -0.4439 -0.8698
vn 0.2162 -0.4434 -0.8698
vn 0.2190 -0.4419 -0.8699
vn 0.2199 -0.4765 -0.8512
vn 0.2241 -0.4743 -0.8514
vn 0.2231 -0.4748 -0.8513
vn 0.2496 -0.4722 -0.8454
vn 0.2507 -0.4716 -0.8454
vn 0.2541 -0.4698 -0.8454
vn 0.2536 -0.5046 -0.8253
vn 0.2589 -0.5017 -0.8254
vn 0.2577 -0.5023 -0.8254
vn 0.2970 -0.4979 -0.8148
vn 0.2984 -0.4971 -0.8148
vn 0.3031 -0.4945 -0.8146
vn 0.2996 -0.5299 -0.7934
vn 0.3064 -0.5260 -0.7933
vn 0.3048 -0.5269 -0.7934
vn 0.3518 -0.5201 -0.7783
vn 0.3536 -0.5190 -0.7782
vn 0.3597 -0.5154 -0.7778
vn 0.3515 -0.5519 -0.7562
vn 0.3604 -0.5466 -0.7559
vn 0.3584 -0.5478 -0.7560
vn 0.4001 -0.5401 -0.7404
vn 0.4077 -0.5653 -0.7171
vn 0.4423 -0.5585 -0.7018
vn 0.4489 -0.5829 -0.6773
vn 0.4788 -0.5762 -0.6624
vn 0.4842 -0.6001 -0.6367
vn 0.5090 -0.5940 -0.6230
vn 0.5132 -0.6177 -0.5959
vn 0.5319 -0.6127 -0.5845
vn 0.5346 -0.6367 -0.5557
vn 0.0167 -0.3228 -0.9463
vn 0.0490 -0.3226 -0.9453
vn 0.0516 -0.3551 -0.9334
vn 0.0833 -0.3546 -0.9313
vn 0.0874 -0.3871 -0.9179
vn 0.1182 -0.3862 -0.9148
vn 0.1238 -0.4184 -0.8998
vn 0.1533 -0.4172 -0.8958
vn 0.1601 -0.4490 -0.8791
vn 0.1869 -0.4475 -0.8745
vn 0.1947 -0.4787 -0.8561
vn 0.2189 -0.4770 -0.8512
vn 0.2275 -0.5074 -0.8312
vn 0.2525 -0.5052 -0.8252
vn 0.2616 -0.5347 -0.8035
vn 0.2980 -0.5308 -0.7934
vn 0.3071 -0.5589 -0.7703
vn 0.3494 -0.5531 -0.7563
vn 0.3576 -0.5797 -0.7322
vn 0.3942 -0.5735 -0.7181
vn 0.4014 -0.5991 -0.6928
vn 0.4326 -0.5930 -0.6791
vn 0.4387 -0.6178 -0.6526
vn 0.4650 -0.6121 -0.6397
vn 0.4697 -0.6364 -0.6118
vn 0.4904 -0.6315 -0.6006
vn 0.4937 -0.6559 -0.5711
vn 0.5077 -0.6524 -0.5627
vn 0.5093 -0.6787 -0.5291
vn 0.5099 -0.6789 -0.5283
vn 0.5096 -0.6788 -0.5287
vn 0.0439 -0.2261 -0.9731
vn 0.0442 -0.2260 -0.9731
vn 0.0440 -0.2260 -0.9731
vn 0.0458 -0.2579 -0.9651
vn 0.0462 -0.2577 -0.9651
vn 0.0751 -0.2574 -0.9634
vn 0.0752 -0.2573 -0.9634
vn 0.0758 -0.2571 -0.9634
vn 0.0782 -0.2893 -0.9540
vn 0.0789 -0.2890 -0.9541
vn 0.1077 -0.2885 -0.9514
vn 0.1082 -0.2883 -0.9514
vn 0.1087 -0.2881 -0.9514
vn 0.1119 -0.3205 -0.9406
vn 0.1130 -0.3200 -0.9407
vn 0.1127 -0.3202 -0.9406
vn 0.1411 -0.3192 -0.9371
vn 0.1415 -0.3190 -0.9371
vn 0.1426 -0.3186 -0.9371
vn 0.1458 -0.3513 -0.9248
vn 0.1477 -0.3504 -0.9249
vn 0.1473 -0.3506 -0.9249
vn 0.1740 -0.3494 -0.9207
vn 0.1744 -0.3491 -0.9207
vn 0.1761 -0.3483 -0.9207
vn 0.1793 -0.3814 -0.9069
vn 0.1818 -0.3802 -0.9069
vn 0.1812 -0.3804 -0.9069
vn 0.2065 -0.3790 -0.9021
vn 0.2072 -0.3786 -0.9021
vn 0.2091 -0.3776 -0.9020
vn 0.2120 -0.4109 -0.8867
vn 0.2151 -0.4092 -0.8867
vn 0.2144 -0.4096 -0.8867
vn 0.2411 -0.4075 -0.8808
vn 0.2419 -0.4070 -0.8808
vn 0.2444 -0.4057 -0.8807
vn 0.2466 -0.4392 -0.8639
vn 0.2505 -0.4371 -0.8638
vn 0.2496 -0.4376 -0.8638
vn 0.2917 -0.4335 -0.8526
vn 0.2928 -0.4329 -0.8526
vn 0.2964 -0.4309 -0.8523
vn 0.2962 -0.4648 -0.8344
vn 0.3014 -0.4618 -0.8342
vn 0.3002 -0.4625 -0.8342
vn 0.3523 -0.4559 -0.8173
vn 0.3538 -0.4550 -0.8172
vn 0.3586 -0.4521 -0.8167
vn 0.3544 -0.4867 -0.7985
vn 0.3614 -0.4825 -0.7979
vn 0.3597 -0.4834 -0.7980
vn 0.4069 -0.4756 -0.7799
vn 0.4087 -0.4744 -0.7796
vn 0.4147 -0.4706 -0.7788
vn 0.4064 -0.5062 -0.7606
vn 0.4151 -0.5007 -0.7596
vn 0.4131 -0.5020 -0.7598
vn 0.4556 -0.4931 -0.7411
vn 0.4629 -0.5167 -0.7203
vn 0.4989 -0.5087 -0.7016
vn 0.5051 -0.5313 -0.6801
vn 0.5364 -0.5234 -0.6620
vn 0.5417 -0.5457 -0.6394
vn 0.5677 -0.5384 -0.6228
vn 0.5719 -0.5607 -0.5988
vn 0.0388 -0.1328 -0.9904
vn 0.0388 -0.1327 -0.9904
vn 0.0387 -0.1328 -0.9904
vn 0.0638 -0.1327 -0.9891
vn 0.0669 -0.1632 -0.9843
vn 0.0670 -0.1632 -0.9843
vn 0.0667 -0.1633 -0.9843
vn 0.0924 -0.1630 -0.9823
vn 0.0964 -0.1938 -0.9763
vn 0.0968 -0.1936 -0.9763
vn 0.0963 -0.1938 -0.9763
vn 0.1223 -0.1933 -0.9735
vn 0.1273 -0.2242 -0.9662
vn 0.1281 -0.2239 -0.9662
vn 0.1279 -0.2240 -0.9662
vn 0.1528 -0.2234 -0.9627
vn 0.1587 -0.2544 -0.9540
vn 0.1598 -0.2538 -0.9540
vn 0.1595 -0.2540 -0.9540
vn 0.1838 -0.2531 -0.9498
vn 0.1903 -0.2838 -0.9398
vn 0.1919 -0.2831 -0.9397
vn 0.1915 -0.2833 -0.9397
vn 0.2173 -0.2822 -0.9344
vn 0.2243 -0.3128 -0.9229
vn 0.2263 -0.3118 -0.9228
vn 0.2259 -0.3120 -0.9228
vn 0.2715 -0.3094 -0.9113
vn 0.2782 -0.3396 -0.8985
vn 0.2814 -0.3379 -0.8981
vn 0.2806 -0.3383 -0.8982
vn 0.3414 -0.3332 -0.8789
vn 0.3465 -0.3627 -0.8651
vn 0.3508 -0.3601 -0.8644
vn 0.3497 -0.3608 -0.8646
vn 0.4056 -0.3540 -0.8427
vn 0.4088 -0.3828 -0.8285
vn 0.4145 -0.3792 -0.8273
vn 0.4131 -0.3801 -0.8276
vn 0.4645 -0.3718 -0.8037
vn 0.4657 -0.4001 -0.7894
vn 0.4726 -0.3953 -0.7876
vn 0.4710 -0.3965 -0.7880
vn 0.5183 -0.3869 -0.7627
vn 0.5174 -0.4147 -0.7485
vn 0.5255 -0.4088 -0.7461
vn 0.5236 -0.4102 -0.7467
vn 0.5665 -0.3996 -0.7206
vn 0.5728 -0.4203 -0.7038
vn 0.6087 -0.4108 -0.6788
vn 0.6141 -0.4302 -0.6617
vn 0.0404 -0.1636 -0.9857
vn 0.0406 -0.1635 -0.9857
vn 0.0404 -0.1635 -0.9857
vn 0.0424 -0.1946 -0.9800
vn 0.0425 -0.1945 -0.9800
vn 0.0422 -0.1946 -0.9800
vn 0.0694 -0.1944 -0.9785
vn 0.0695 -0.1943 -0.9785
vn 0.0696 -0.1943 -0.9785
vn 0.0724 -0.2257 -0.9715
vn 0.0730 -0.2254 -0.9715
vn 0.0728 -0.2255 -0.9715
vn 0.1001 -0.2251 -0.9692
vn 0.1003 -0.2250 -0.9692
vn 0.1006 -0.2249 -0.9692
vn 0.1042 -0.2564 -0.9609
vn 0.1050 -0.2561 -0.9609
vn 0.1048 -0.2562 -0.9609
vn 0.1319 -0.2556 -0.9577
vn 0.1322 -0.2554 -0.9577
vn 0.1328 -0.2552 -0.9577
vn 0.1369 -0.2870 -0.9481
vn 0.1381 -0.2865 -0.9481
vn 0.1377 -0.2866 -0.9481
vn 0.1638 -0.2858 -0.9442
vn 0.1642 -0.2856 -0.9442
vn 0.1652 -0.2851 -0.9442
vn 0.1695 -0.3172 -0.9331
vn 0.1712 -0.3164 -0.9331
vn 0.1707 -0.3166 -0.9331
vn 0.1957 -0.3154 -0.9285
vn 0.1962 -0.3151 -0.9285
vn 0.1976 -0.3145 -0.9285
vn 0.2019 -0.3468 -0.9160
vn 0.2042 -0.3456 -0.9159
vn 0.2036 -0.3459 -0.9159
vn 0.2300 -0.3443 -0.9103
vn 0.2306 -0.3440 -0.9102
vn 0.2324 -0.3430 -0.9101
vn 0.2365 -0.3753 -0.8962
vn 0.2394 -0.3738 -0.8961
vn 0.2387 -0.3741 -0.8961
vn 0.2828 -0.3709 -0.8846
vn 0.2837 -0.3704 -0.8845
vn 0.2865 -0.3689 -0.8842
vn 0.2886 -0.4015 -0.8692
vn 0.2928 -0.3992 -0.8689
vn 0.2918 -0.3997 -0.8690
vn 0.3485 -0.3938 -0.8506
vn 0.3498 -0.3931 -0.8504
vn 0.3535 -0.3909 -0.8499
vn 0.3523 -0.4238 -0.8345
vn 0.3578 -0.4204 -0.8338
vn 0.3564 -0.4213 -0.8340
vn 0.4082 -0.4138 -0.8137
vn 0.4098 -0.4128 -0.8135
vn 0.4146 -0.4097 -0.8126
vn 0.4098 -0.4433 -0.7972
vn 0.4169 -0.4388 -0.7960
vn 0.4152 -0.4399 -0.7963
vn 0.4625 -0.4311 -0.7748
vn 0.4643 -0.4298 -0.7744
vn 0.4701 -0.4259 -0.7731
vn 0.4617 -0.4604 -0.7582
vn 0.4702 -0.4546 -0.7564
vn 0.4682 -0.4560 -0.7568
vn 0.5114 -0.4461 -0.7344
vn 0.5136 -0.4446 -0.7338
vn 0.5204 -0.4397 -0.7320
vn 0.5182 -0.4683 -0.7157
vn 0.5549 -0.4594 -0.6936
vn 0.5606 -0.4803 -0.6746
vn 0.5921 -0.4714 -0.6536
vn 0.5970 -0.4918 -0.6339
vn 0.0131 -0.1328 -0.9911
vn 0.0666 -0.1633 -0.9843
vn 0.0700 -0.1941 -0.9785
vn 0.0962 -0.1939 -0.9763
vn 0.1009 -0.2247 -0.9692
vn 0.1271 -0.2243 -0.9662
vn 0.1331 -0.2550 -0.9577
vn 0.1584 -0.2545 -0.9540
vn 0.1656 -0.2849 -0.9441
vn 0.1898 -0.2841 -0.9398
vn 0.1981 -0.3142 -0.9284
vn 0.2238 -0.3131 -0.9230
vn 0.2330 -0.3427 -0.9101
vn 0.2774 -0.3400 -0.8986
vn 0.2873 -0.3684 -0.8841
vn 0.3453 -0.3633 -0.8653
vn 0.3547 -0.3901 -0.8497
vn 0.4074 -0.3837 -0.8288
vn 0.4161 -0.4087 -0.8123
vn 0.4640 -0.4012 -0.7898
vn 0.4719 -0.4246 -0.7726
vn 0.5155 -0.4161 -0.7491
vn 0.5225 -0.4382 -0.7315
vn 0.5614 -0.4290 -0.7076
vn 0.5675 -0.4498 -0.6897
vn 0.6013 -0.4405 -0.6666
vn 0.6063 -0.4602 -0.6485
vn 0.0143 -0.1947 -0.9808
vn 0.0421 -0.1947 -0.9800
vn 0.0443 -0.2259 -0.9731
vn 0.0723 -0.2257 -0.9715
vn 0.0760 -0.2570 -0.9634
vn 0.1039 -0.2566 -0.9609
vn 0.1090 -0.2879 -0.9514
vn 0.1365 -0.2872 -0.9481
vn 0.1430 -0.3183 -0.9371
vn 0.1690 -0.3174 -0.9331
vn 0.1766 -0.3481 -0.9207
vn 0.2013 -0.3470 -0.9160
vn 0.2098 -0.3772 -0.9020
vn 0.2358 -0.3757 -0.8962
vn 0.2452 -0.4053 -0.8807
vn 0.2876 -0.4020 -0.8693
vn 0.2975 -0.4303 -0.8523
vn 0.3509 -0.4246 -0.8346
vn 0.3601 -0.4512 -0.8165
vn 0.4081 -0.4444 -0.7975
vn 0.4166 -0.4694 -0.7785
vn 0.4597 -0.4618 -0.7586
vn 0.4673 -0.4853 -0.7390
vn 0.5060 -0.4770 -0.7186
vn 0.5125 -0.4992 -0.6986
vn 0.5466 -0.4907 -0.6786
vn 0.5521 -0.5121 -0.6580
vn 0.5810 -0.5039 -0.6391
vn 0.5856 -0.5253 -0.6173
vn 0.0155 -0.2580 -0.9660
vn 0.0456 -0.2579 -0.9651
vn 0.0480 -0.2898 -0.9559
vn 0.0779 -0.2894 -0.9540
vn 0.0819 -0.3213 -0.9434
vn 0.1114 -0.3207 -0.9406
vn 0.1168 -0.3524 -0.9285
vn 0.1454 -0.3515 -0.9248
vn 0.1521 -0.3829 -0.9112
vn 0.1787 -0.3817 -0.9068
vn 0.1865 -0.4127 -0.8916
vn 0.2112 -0.4113 -0.8867
vn 0.2199 -0.4415 -0.8699
vn 0.2457 -0.4397 -0.8639
vn 0.2551 -0.4692 -0.8454
vn 0.2949 -0.4655 -0.8345
vn 0.3045 -0.4937 -0.8146
vn 0.3527 -0.4877 -0.7986
vn 0.3616 -0.5143 -0.7777
vn 0.4043 -0.5075 -0.7609
vn 0.4122 -0.5325 -0.7393
vn 0.4499 -0.5253 -0.7223
vn 0.4568 -0.5491 -0.6999
vn 0.4899 -0.5417 -0.6830
vn 0.4959 -0.5650 -0.6595
vn 0.5241 -0.5579 -0.6435
vn 0.5289 -0.5810 -0.6187
vn 0.5516 -0.5747 -0.6045
vn 0.5551 -0.5979 -0.5783
vn 0.0178 -0.3892 -0.9210
vn 0.0522 -0.3889 -0.9198
vn 0.0549 -0.4222 -0.9049
vn 0.0880 -0.4215 -0.9026
vn 0.0923 -0.4546 -0.8859
vn 0.1240 -0.4534 -0.8826
vn 0.1297 -0.4862 -0.8642
vn 0.1595 -0.4847 -0.8600
vn 0.1663 -0.5168 -0.8398
vn 0.1926 -0.5150 -0.8353
vn 0.2002 -0.5464 -0.8133
vn 0.2233 -0.5445 -0.8085
vn 0.2315 -0.5748 -0.7848
vn 0.2549 -0.5726 -0.7792
vn 0.2634 -0.6020 -0.7538
vn 0.2954 -0.5982 -0.7449
vn 0.3038 -0.6265 -0.7178
vn 0.3392 -0.6215 -0.7062
vn 0.3464 -0.6485 -0.6778
vn 0.3756 -0.6437 -0.6668
vn 0.3816 -0.6698 -0.6370
vn 0.4047 -0.6655 -0.6272
vn 0.4092 -0.6909 -0.5960
vn 0.4262 -0.6876 -0.5879
vn 0.4291 -0.7136 -0.5538
vn 0.4296 -0.7137 -0.5532
vn 0.4007 -0.7380 -0.5430
vn 0.4017 -0.7573 -0.5149
vn 0.4022 -0.7574 -0.5144
vn 0.4019 -0.7579 -0.5139
vn 0.3283 -0.7680 -0.5499
vn 0.3305 -0.8026 -0.4966
vn 0.2436 -0.8116 -0.5309
vn 0.2454 -0.8308 -0.4995
vn 0.2323 -0.8445 -0.4825
vn 0.2324 -0.8455 -0.4808
vn 0.2327 -0.8499 -0.4728
vn 0.2327 -0.8509 -0.4711
vn 0.2187 -0.8638 -0.4538
vn 0.2189 -0.8706 -0.4406
vn 0.2041 -0.8827 -0.4233
vn 0.2040 -0.8899 -0.4080
vn 0.1884 -0.9009 -0.3909
vn 0.1881 -0.9085 -0.3732
vn 0.1718 -0.9183 -0.3567
vn 0.1711 -0.9263 -0.3358
vn 0.1544 -0.9347 -0.3203
vn 0.1532 -0.9430 -0.2954
vn 0.1365 -0.9498 -0.2814
vn 0.1346 -0.9584 -0.2516
vn 0.1185 -0.9636 -0.2396
vn 0.1160 -0.9721 -0.2039
vn 0.1013 -0.9757 -0.1945
vn 0.0982 -0.9832 -0.1541
vn 0.0856 -0.9853 -0.1475
vn 0.0721 -0.9922 -0.1015
vn 0.0822 -0.9910 -0.1055
vn 0.0819 -0.9911 -0.1054
vn 0.0716 -0.9923 -0.1013
vn 0.0600 -0.9966 -0.0561
vn 0.0591 -0.9967 -0.0560
vn 0.0549 -0.9985 -0.0063
vn 0.0375 -0.9993 0.0063
vn 0.0451 -0.9987 0.0253
vn 0.0368 -0.9943 0.0996
vn 0.9951 -0.0627 -0.0764
vn 0.9940 -0.0693 -0.0852
vn 0.9945 -0.0711 -0.0770
vn 0.9930 -0.0767 -0.0900
vn 0.9877 -0.0786 -0.1354
vn 0.9871 -0.0818 -0.1374
vn 0.9862 -0.0840 -0.1425
vn 0.9844 -0.0938 -0.1487
vn 0.9747 -0.0974 -0.2013
vn 0.9726 -0.1029 -0.2084
vn 0.9582 -0.1138 -0.2624
vn 0.9576 -0.1152 -0.2641
vn 0.9556 -0.1194 -0.2693
vn 0.9550 -0.1208 -0.2710
vn 0.9368 -0.1320 -0.3240
vn 0.9360 -0.1334 -0.3257
vn 0.9336 -0.1378 -0.3308
vn 0.9328 -0.1392 -0.3325
vn 0.9109 -0.1505 -0.3842
vn 0.9100 -0.1520 -0.3858
vn 0.9071 -0.1564 -0.3907
vn 0.9062 -0.1578 -0.3924
vn 0.8813 -0.1688 -0.4414
vn 0.8802 -0.1703 -0.4429
vn 0.8770 -0.1747 -0.4477
vn 0.8759 -0.1762 -0.4492
vn 0.8484 -0.1869 -0.4953
vn 0.8472 -0.1884 -0.4967
vn 0.8436 -0.1928 -0.5012
vn 0.8424 -0.1942 -0.5026
vn 0.8122 -0.2046 -0.5463
vn 0.8109 -0.2060 -0.5476
vn 0.8070 -0.2104 -0.5518
vn 0.8057 -0.2118 -0.5531
vn 0.7727 -0.2219 -0.5947
vn 0.7714 -0.2233 -0.5959
vn 0.7672 -0.2275 -0.5997
vn 0.7659 -0.2289 -0.6009
vn 0.7299 -0.2387 -0.6405
vn 0.7286 -0.2400 -0.6416
vn 0.7243 -0.2440 -0.6449
vn 0.7229 -0.2454 -0.6459
vn 0.6843 -0.2548 -0.6833
vn 0.6829 -0.2561 -0.6842
vn 0.6785 -0.2599 -0.6871
vn 0.6771 -0.2611 -0.6880
vn 0.6355 -0.2701 -0.7233
vn 0.6341 -0.2712 -0.7241
vn 0.6297 -0.2747 -0.7266
vn 0.6283 -0.2759 -0.7274
vn 0.5834 -0.2846 -0.7607
vn 0.5820 -0.2856 -0.7614
vn 0.5777 -0.2888 -0.7634
vn 0.5763 -0.2899 -0.7641
vn 0.5278 -0.2981 -0.7954
vn 0.5265 -0.2990 -0.7959
vn 0.5222 -0.3019 -0.7976
vn 0.5209 -0.3029 -0.7981
vn 0.4694 -0.3103 -0.8267
vn 0.4681 -0.3111 -0.8271
vn 0.4642 -0.3136 -0.8283
vn 0.9965 -0.0609 -0.0575
vn 0.9958 -0.0646 -0.0650
vn 0.9949 -0.0739 -0.0686
vn 0.9936 -0.0773 -0.0820
vn 0.9913 -0.0881 -0.0976
vn 0.9854 -0.0912 -0.1434
vn 0.9837 -0.0971 -0.1511
vn 0.9728 -0.1086 -0.2047
vn 0.9722 -0.1101 -0.2065
vn 0.9705 -0.1146 -0.2121
vn 0.9699 -0.1161 -0.2140
vn 0.9554 -0.1277 -0.2664
vn 0.9546 -0.1292 -0.2682
vn 0.9524 -0.1338 -0.2737
vn 0.9517 -0.1354 -0.2756
vn 0.9335 -0.1472 -0.3269
vn 0.9326 -0.1488 -0.3287
vn 0.9300 -0.1535 -0.3341
vn 0.9291 -0.1551 -0.3358
vn 0.9073 -0.1671 -0.3858
vn 0.9063 -0.1687 -0.3875
vn 0.9031 -0.1735 -0.3927
vn 0.9021 -0.1751 -0.3945
vn 0.8775 -0.1867 -0.4417
vn 0.8764 -0.1883 -0.4433
vn 0.8728 -0.1932 -0.4483
vn 0.8716 -0.1948 -0.4499
vn 0.8446 -0.2061 -0.4942
vn 0.8433 -0.2076 -0.4957
vn 0.8393 -0.2125 -0.5004
vn 0.8380 -0.2141 -0.5019
vn 0.8086 -0.2250 -0.5437
vn 0.8072 -0.2265 -0.5451
vn 0.8029 -0.2313 -0.5494
vn 0.8015 -0.2329 -0.5508
vn 0.7694 -0.2435 -0.5905
vn 0.7680 -0.2450 -0.5917
vn 0.7634 -0.2497 -0.5957
vn 0.7620 -0.2512 -0.5969
vn 0.7272 -0.2615 -0.6347
vn 0.7257 -0.2629 -0.6358
vn 0.7210 -0.2674 -0.6393
vn 0.7195 -0.2688 -0.6404
vn 0.6822 -0.2787 -0.6760
vn 0.6807 -0.2801 -0.6769
vn 0.6759 -0.2843 -0.6800
vn 0.6743 -0.2856 -0.6810
vn 0.6342 -0.2950 -0.7147
vn 0.6327 -0.2963 -0.7155
vn 0.6279 -0.3002 -0.7181
vn 0.6263 -0.3015 -0.7189
vn 0.5831 -0.3106 -0.7507
vn 0.5816 -0.3118 -0.7514
vn 0.5768 -0.3154 -0.7535
vn 0.5753 -0.3165 -0.7543
vn 0.5284 -0.3251 -0.7843
vn 0.5269 -0.3261 -0.7849
vn 0.5224 -0.3293 -0.7865
vn 0.9967 -0.0646 -0.0495
vn 0.9965 -0.0671 -0.0493
vn 0.9941 -0.0803 -0.0723
vn 0.9928 -0.0778 -0.0914
vn 0.9907 -0.0914 -0.1003
vn 0.9837 -0.1021 -0.1479
vn 0.9832 -0.1037 -0.1500
vn 0.9818 -0.1084 -0.1559
vn 0.9813 -0.1100 -0.1580
vn 0.9701 -0.1221 -0.2099
vn 0.9694 -0.1238 -0.2119
vn 0.9675 -0.1286 -0.2179
vn 0.9668 -0.1303 -0.2199
vn 0.9521 -0.1426 -0.2705
vn 0.9513 -0.1443 -0.2725
vn 0.9488 -0.1493 -0.2783
vn 0.9480 -0.1510 -0.2803
vn 0.9298 -0.1634 -0.3298
vn 0.9288 -0.1652 -0.3317
vn 0.9258 -0.1703 -0.3374
vn 0.9248 -0.1721 -0.3393
vn 0.9032 -0.1846 -0.3875
vn 0.9021 -0.1864 -0.3893
vn 0.8986 -0.1916 -0.3948
vn 0.8974 -0.1934 -0.3966
vn 0.8732 -0.2055 -0.4419
vn 0.8719 -0.2073 -0.4436
vn 0.8679 -0.2126 -0.4489
vn 0.8666 -0.2144 -0.4506
vn 0.8402 -0.2261 -0.4929
vn 0.8388 -0.2278 -0.4945
vn 0.8344 -0.2332 -0.4994
vn 0.8329 -0.2349 -0.5010
vn 0.8043 -0.2462 -0.5409
vn 0.8028 -0.2479 -0.5423
vn 0.7981 -0.2532 -0.5468
vn 0.7965 -0.2548 -0.5483
vn 0.7654 -0.2658 -0.5861
vn 0.7638 -0.2674 -0.5874
vn 0.7588 -0.2725 -0.5915
vn 0.7572 -0.2742 -0.5928
vn 0.7237 -0.2848 -0.6286
vn 0.7221 -0.2864 -0.6298
vn 0.7169 -0.2913 -0.6334
vn 0.7152 -0.2929 -0.6346
vn 0.6793 -0.3030 -0.6684
vn 0.6776 -0.3045 -0.6694
vn 0.6723 -0.3092 -0.6726
vn 0.6707 -0.3107 -0.6736
vn 0.6321 -0.3204 -0.7055
vn 0.6305 -0.3218 -0.7064
vn 0.6252 -0.3262 -0.7091
vn 0.6235 -0.3276 -0.7099
vn 0.5819 -0.3369 -0.7402
vn 0.5802 -0.3382 -0.7409
vn 0.5750 -0.3422 -0.7431
vn 0.9978 -0.0611 -0.0276
vn 0.9960 -0.0765 -0.0465
vn 0.9955 -0.0792 -0.0524
vn 0.9942 -0.0854 -0.0647
vn 0.9933 -0.0866 -0.0762
vn 0.9918 -0.0937 -0.0870
vn 0.9906 -0.0961 -0.0975
vn 0.9902 -0.0978 -0.0997
vn 0.9891 -0.1027 -0.1060
vn 0.9886 -0.1044 -0.1082
vn 0.9812 -0.1156 -0.1543
vn 0.9784 -0.1243 -0.1652
vn 0.9783 -0.1308 -0.1607
vn 0.9784 -0.1246 -0.1650
vn 0.9669 -0.1369 -0.2153
vn 0.9631 -0.1459 -0.2260
vn 0.9632 -0.1533 -0.2207
vn 0.9631 -0.1464 -0.2258
vn 0.9483 -0.1586 -0.2747
vn 0.9437 -0.1679 -0.2852
vn 0.9440 -0.1762 -0.2791
vn 0.9436 -0.1685 -0.2850
vn 0.9255 -0.1808 -0.3327
vn 0.9199 -0.1903 -0.3429
vn 0.9205 -0.1994 -0.3360
vn 0.9199 -0.1910 -0.3426
vn 0.8985 -0.2032 -0.3891
vn 0.8920 -0.2129 -0.3989
vn 0.8930 -0.2230 -0.3910
vn 0.8919 -0.2136 -0.3985
vn 0.8682 -0.2253 -0.4421
vn 0.8608 -0.2351 -0.4513
vn 0.8351 -0.2470 -0.4915
vn 0.8270 -0.2567 -0.5001
vn 0.7993 -0.2682 -0.5378
vn 0.7906 -0.2777 -0.5457
vn 0.7607 -0.2889 -0.5813
vn 0.7516 -0.2981 -0.5884
vn 0.7194 -0.3089 -0.6222
vn 0.7100 -0.3178 -0.6284
vn 0.6756 -0.3281 -0.6603
vn 0.6737 -0.3297 -0.6613
vn 0.6679 -0.3349 -0.6646
vn 0.6661 -0.3365 -0.6656
vn 0.6292 -0.3465 -0.6958
vn 0.6273 -0.3480 -0.6967
vn 0.6216 -0.3528 -0.6994
vn 0.6877 -0.3998 -0.6060
vn 0.6915 -0.4173 -0.5897
vn 0.6773 -0.4298 -0.5971
vn 0.6809 -0.4482 -0.5792
vn 0.6650 -0.4617 -0.5870
vn 0.6684 -0.4816 -0.5668
vn 0.6505 -0.4961 -0.5751
vn 0.6535 -0.5174 -0.5525
vn 0.6331 -0.5329 -0.5614
vn 0.6355 -0.5553 -0.5364
vn 0.6121 -0.5718 -0.5462
vn 0.6136 -0.5954 -0.5186
vn 0.5864 -0.6129 -0.5296
vn 0.5867 -0.6398 -0.4965
vn 0.0815 -0.9900 0.1155
vn 0.1000 -0.9923 0.0734
vn 0.0990 -0.9924 0.0731
vn 0.0993 -0.9924 0.0732
vn 0.1005 -0.9922 0.0735
vn 0.1171 -0.9927 0.0277
vn 0.1274 -0.9913 0.0332
vn 0.1547 -0.9879 -0.0094
vn 0.1442 -0.9895 -0.0136
vn 0.1467 -0.9891 -0.0126
vn 0.1570 -0.9876 -0.0084
vn 0.1748 -0.9829 -0.0585
vn 0.1907 -0.9802 -0.0540
vn 0.2092 -0.9720 -0.1067
vn 0.2287 -0.9680 -0.1036
vn 0.2472 -0.9560 -0.1579
vn 0.2704 -0.9499 -0.1566
vn 0.2865 -0.9357 -0.2059
vn 0.3124 -0.9272 -0.2069
vn 0.3250 -0.9127 -0.2479
vn 0.3521 -0.9017 -0.2509
vn 0.3618 -0.8876 -0.2851
vn 0.3891 -0.8743 -0.2901
vn 0.3965 -0.8610 -0.3186
vn 0.4232 -0.8456 -0.3254
vn 0.4288 -0.8331 -0.3493
vn 0.4546 -0.8159 -0.3574
vn 0.4587 -0.8044 -0.3776
vn 0.4832 -0.7855 -0.3867
vn 0.4861 -0.7753 -0.4033
vn 0.5092 -0.7550 -0.4131
vn 0.5112 -0.7463 -0.4264
vn 0.5328 -0.7249 -0.4367
vn 0.5329 -0.7242 -0.4377
vn 0.5338 -0.7185 -0.4459
vn 0.5340 -0.7178 -0.4469
vn 0.5540 -0.6956 -0.4574
vn 0.5543 -0.6932 -0.4607
vn 0.5916 -0.6625 -0.4595
vn 0.5934 -0.6390 -0.4894
vn 0.6246 -0.6203 -0.4745
vn 0.6251 -0.5916 -0.5091
vn 0.6521 -0.5734 -0.4960
vn 0.6512 -0.5498 -0.5232
vn 0.6743 -0.5326 -0.5116
vn 0.6725 -0.5104 -0.5360
vn 0.6926 -0.4943 -0.5254
vn 0.6901 -0.4734 -0.5474
vn 0.7077 -0.4583 -0.5376
vn 0.7049 -0.4391 -0.5571
vn 0.7205 -0.4250 -0.5480
vn 0.7175 -0.4074 -0.5650
vn 0.9966 -0.0758 -0.0313
vn 0.9962 -0.0788 -0.0359
vn 0.9962 -0.0791 -0.0364
vn 0.9955 -0.0889 -0.0327
vn 0.9955 -0.0860 -0.0399
vn 0.9949 -0.0828 -0.0579
vn 0.9934 -0.0919 -0.0683
vn 0.9920 -0.0989 -0.0791
vn 0.9921 -0.0986 -0.0780
vn 0.9916 -0.0996 -0.0823
vn 0.9915 -0.0999 -0.0833
vn 0.9895 -0.1082 -0.0956
vn 0.9898 -0.1077 -0.0935
vn 0.9887 -0.1099 -0.1023
vn 0.9884 -0.1104 -0.1044
vn 0.9861 -0.1195 -0.1159
vn 0.9857 -0.1265 -0.1111
vn 0.9861 -0.1197 -0.1156
vn 0.9783 -0.1311 -0.1604
vn 0.9750 -0.1405 -0.1721
vn 0.9749 -0.1481 -0.1663
vn 0.9751 -0.1408 -0.1716
vn 0.9633 -0.1536 -0.2203
vn 0.9589 -0.1634 -0.2318
vn 0.9589 -0.1720 -0.2255
vn 0.9589 -0.1640 -0.2316
vn 0.9440 -0.1766 -0.2786
vn 0.9387 -0.1866 -0.2898
vn 0.9391 -0.1958 -0.2823
vn 0.9388 -0.1870 -0.2892
vn 0.9206 -0.1999 -0.3354
vn 0.9143 -0.2102 -0.3462
vn 0.9150 -0.2203 -0.3380
vn 0.9143 -0.2108 -0.3457
vn 0.8931 -0.2235 -0.3903
vn 0.8858 -0.2340 -0.4008
vn 0.8625 -0.2467 -0.4419
vn 0.8543 -0.2574 -0.4517
vn 0.8292 -0.2695 -0.4897
vn 0.8202 -0.2800 -0.4988
vn 0.7934 -0.2916 -0.5343
vn 0.7838 -0.3020 -0.5426
vn 0.7550 -0.3132 -0.5761
vn 0.7450 -0.3233 -0.5835
vn 0.7141 -0.3341 -0.6151
vn 0.7038 -0.3438 -0.6216
vn 0.6709 -0.3542 -0.6515
vn 0.9940 -0.1040 -0.0327
vn 0.9939 -0.1048 -0.0338
vn 0.9936 -0.1067 -0.0368
vn 0.9935 -0.1074 -0.0380
vn 0.9928 -0.1097 -0.0486
vn 0.9926 -0.1107 -0.0501
vn 0.9921 -0.1135 -0.0542
vn 0.9919 -0.1145 -0.0557
vn 0.9913 -0.1162 -0.0626
vn 0.9910 -0.1175 -0.0644
vn 0.9902 -0.1210 -0.0694
vn 0.9899 -0.1223 -0.0713
vn 0.9893 -0.1239 -0.0774
vn 0.9889 -0.1255 -0.0795
vn 0.9878 -0.1299 -0.0854
vn 0.9874 -0.1315 -0.0876
vn 0.9866 -0.1330 -0.0943
vn 0.9866 -0.1332 -0.0941
vn 0.9872 -0.1242 -0.0997
vn 0.9841 -0.1424 -0.1059
vn 0.9832 -0.1531 -0.0997
vn 0.9840 -0.1430 -0.1062
vn 0.9824 -0.1452 -0.1174
vn 0.9824 -0.1456 -0.1172
vn 0.9829 -0.1370 -0.1230
vn 0.9791 -0.1562 -0.1305
vn 0.9783 -0.1662 -0.1237
vn 0.9790 -0.1567 -0.1303
vn 0.9706 -0.1681 -0.1721
vn 0.9706 -0.1685 -0.1717
vn 0.9709 -0.1595 -0.1785
vn 0.9661 -0.1796 -0.1853
vn 0.9656 -0.1900 -0.1775
vn 0.9661 -0.1802 -0.1850
vn 0.9540 -0.1927 -0.2298
vn 0.9540 -0.1932 -0.2294
vn 0.9540 -0.1836 -0.2369
vn 0.9482 -0.2048 -0.2427
vn 0.9334 -0.2175 -0.2854
vn 0.9333 -0.2183 -0.2852
vn 0.9332 -0.2078 -0.2933
vn 0.9263 -0.2303 -0.2982
vn 0.9085 -0.2438 -0.3394
vn 0.9003 -0.2560 -0.3519
vn 0.8798 -0.2694 -0.3916
vn 0.8705 -0.2819 -0.4035
vn 0.8483 -0.2946 -0.4400
vn 0.8380 -0.3072 -0.4511
vn 0.8145 -0.3191 -0.4845
vn 0.8033 -0.3316 -0.4947
vn 0.7786 -0.3428 -0.5255
vn 0.7668 -0.3552 -0.5347
vn 0.7406 -0.3659 -0.5636
vn 0.9955 -0.0889 -0.0323
vn 0.9951 -0.0921 -0.0372
vn 0.9946 -0.0937 -0.0449
vn 0.9936 -0.0988 -0.0548
vn 0.9937 -0.0985 -0.0535
vn 0.9933 -0.0996 -0.0586
vn 0.9932 -0.0999 -0.0598
vn 0.9920 -0.1059 -0.0691
vn 0.9921 -0.1056 -0.0679
vn 0.9917 -0.1067 -0.0724
vn 0.9915 -0.1070 -0.0735
vn 0.9899 -0.1143 -0.0842
vn 0.9900 -0.1140 -0.0830
vn 0.9895 -0.1152 -0.0877
vn 0.9893 -0.1155 -0.0889
vn 0.9873 -0.1239 -0.0998
vn 0.9857 -0.1269 -0.1109
vn 0.9829 -0.1367 -0.1233
vn 0.9748 -0.1487 -0.1662
vn 0.9710 -0.1590 -0.1788
vn 0.9590 -0.1724 -0.2250
vn 0.9540 -0.1830 -0.2373
vn 0.9391 -0.1964 -0.2821
vn 0.9330 -0.2074 -0.2941
vn 0.9150 -0.2209 -0.3376
vn 0.9078 -0.2321 -0.3492
vn 0.8870 -0.2455 -0.3912
vn 0.8787 -0.2570 -0.4023
vn 0.8559 -0.2698 -0.4412
vn 0.8467 -0.2814 -0.4516
vn 0.8224 -0.2934 -0.4874
vn 0.8124 -0.3050 -0.4970
vn 0.7866 -0.3165 -0.5302
vn 0.7759 -0.3278 -0.5389
vn 0.7484 -0.3389 -0.5702
vn 0.7373 -0.3499 -0.5779
vn 0.7079 -0.3606 -0.6074
vn 0.6537 -0.3914 -0.6477
vn 0.6583 -0.4097 -0.6315
vn 0.6455 -0.4207 -0.6375
vn 0.6499 -0.4392 -0.6203
vn 0.6356 -0.4511 -0.6265
vn 0.6398 -0.4705 -0.6077
vn 0.6238 -0.4833 -0.6142
vn 0.6278 -0.5039 -0.5932
vn 0.6097 -0.5178 -0.6001
vn 0.6134 -0.5396 -0.5768
vn 0.5929 -0.5543 -0.5841
vn 0.5959 -0.5771 -0.5585
vn 0.5724 -0.5928 -0.5665
vn 0.5745 -0.6165 -0.5383
vn 0.5473 -0.6332 -0.5473
vn 0.5481 -0.6510 -0.5252
vn 0.5137 -0.6801 -0.5231
vn 0.5138 -0.6968 -0.5005
vn 0.4396 -0.7136 -0.5455
vn 0.4403 -0.7337 -0.5175
vn 0.4047 -0.7596 -0.5092
vn 0.4047 -0.7608 -0.5074
vn 0.3876 -0.7799 -0.4915
vn 0.3876 -0.7805 -0.4905
vn 0.3875 -0.7842 -0.4846
vn 0.3874 -0.7849 -0.4836
vn 0.3690 -0.8033 -0.4675
vn 0.3689 -0.8040 -0.4663
vn 0.3686 -0.8086 -0.4586
vn 0.3685 -0.8094 -0.4573
vn 0.3489 -0.8268 -0.4413
vn 0.3480 -0.8338 -0.4285
vn 0.3272 -0.8500 -0.4128
vn 0.3258 -0.8580 -0.3972
vn 0.3040 -0.8727 -0.3822
vn 0.3019 -0.8814 -0.3633
vn 0.2792 -0.8944 -0.3493
vn 0.2762 -0.9040 -0.3264
vn 0.2530 -0.9151 -0.3139
vn 0.2488 -0.9254 -0.2859
vn 0.2258 -0.9345 -0.2752
vn 0.2201 -0.9452 -0.2410
vn 0.1979 -0.9522 -0.2327
vn 0.1905 -0.9630 -0.1909
vn 0.1704 -0.9678 -0.1852
vn 0.1616 -0.9771 -0.1381
vn 0.1445 -0.9802 -0.1352
vn 0.1353 -0.9869 -0.0877
vn 0.1211 -0.9888 -0.0870
vn 0.1021 -0.9939 -0.0409
vn 0.1119 -0.9929 -0.0400
vn 0.1103 -0.9931 -0.0402
vn 0.1003 -0.9941 -0.0409
vn 0.0912 -0.9958 0.0049
vn 0.0817 -0.9967 0.0029
vn 0.0712 -0.9962 0.0501
vn 0.0722 -0.9961 0.0501
vn 0.0720 -0.9961 0.0501
vn 0.0712 -0.9962 0.0502
vn 0.0619 -0.9941 0.0896
vn 0.0216 -0.9962 0.0848
vn 0.0378 -0.9919 0.1213
vn 0.0210 -0.9811 0.1924
vn 0.9831 -0.1767 0.0472
vn 0.9832 -0.1761 0.0483
vn 0.9831 -0.1769 0.0468
vn 0.9881 -0.1486 0.0399
vn 0.9881 -0.1479 0.0413
vn 0.9881 -0.1482 0.0408
vn 0.9881 -0.1489 0.0395
vn 0.9915 -0.1254 0.0338
vn 0.9916 -0.1247 0.0351
vn 0.9916 -0.1250 0.0345
vn 0.9915 -0.1256 0.0333
vn 0.9938 -0.1070 0.0287
vn 0.9939 -0.1063 0.0299
vn 0.9939 -0.1066 0.0295
vn 0.9938 -0.1072 0.0284
vn 0.9955 -0.0917 0.0246
vn 0.9955 -0.0911 0.0257
vn 0.9955 -0.0913 0.0253
vn 0.9955 -0.0919 0.0242
vn 0.9960 -0.0784 0.0427
vn 0.9880 -0.1535 0.0161
vn 0.9915 -0.1297 0.0110
vn 0.9914 -0.1303 0.0101
vn 0.9914 -0.1301 0.0104
vn 0.9915 -0.1296 0.0112
vn 0.9938 -0.1108 0.0073
vn 0.9938 -0.1112 0.0066
vn 0.9938 -0.1110 0.0069
vn 0.9938 -0.1106 0.0076
vn 0.9955 -0.0949 0.0045
vn 0.9954 -0.0953 0.0039
vn 0.9954 -0.0952 0.0040
vn 0.9967 -0.0809 0.0024
vn 0.9967 -0.0815 0.0018
vn 0.9975 -0.0713 0.0008
vn 0.9975 -0.0711 0.0004
vn 0.9976 -0.0683 0.0064
vn 0.9940 -0.0867 0.0663
vn 0.9941 -0.0872 0.0652
vn 0.9939 -0.0905 0.0627
vn 0.9944 -0.0842 0.0645
vn 0.9896 -0.0921 0.1104
vn 0.9891 -0.0969 0.1112
vn 0.9892 -0.0952 0.1114
vn 0.9891 -0.0958 0.1116
vn 0.9883 -0.1062 0.1098
vn 0.9852 -0.1027 0.1371
vn 0.9823 -0.1074 0.1532
vn 0.9741 -0.0999 0.2026
vn 0.9689 -0.1084 0.2227
vn 0.9580 -0.0978 0.2696
vn 0.9462 -0.1060 0.3059
vn 0.9459 -0.1055 0.3068
vn 0.9319 -0.0963 0.3498
vn 0.9923 -0.1046 0.0666
vn 0.9903 -0.1000 0.0964
vn 0.9904 -0.1010 0.0944
vn 0.9906 -0.1040 0.0886
vn 0.9879 -0.1223 0.0951
vn 0.9842 -0.1162 0.1338
vn 0.9809 -0.1448 0.1301
vn 0.9741 -0.1368 0.1800
vn 0.9699 -0.1716 0.1728
vn 0.9526 -0.1564 0.2609
vn 0.9483 -0.1963 0.2496
vn 0.9211 -0.1776 0.3465
vn 0.9167 -0.2230 0.3315
vn 0.8807 -0.2015 0.4287
vn 0.8751 -0.2619 0.4069
vn 0.8315 -0.2370 0.5024
vn 0.8255 -0.2980 0.4794
vn 0.7855 -0.2754 0.5542
vn 0.7801 -0.3275 0.5331
vn 0.7382 -0.3042 0.6021
vn 0.7318 -0.3622 0.5774
vn 0.6882 -0.3378 0.6421
vn 0.6804 -0.4016 0.6130
vn 0.6259 -0.3702 0.6865
vn 0.6533 -0.3759 0.6572
vn 0.9756 -0.2044 0.0806
vn 0.9756 -0.2027 0.0838
vn 0.9755 -0.2051 0.0793
vn 0.9824 -0.1728 0.0710
vn 0.9825 -0.1705 0.0753
vn 0.9825 -0.1711 0.0741
vn 0.9824 -0.1734 0.0698
vn 0.9874 -0.1454 0.0626
vn 0.9874 -0.1433 0.0665
vn 0.9874 -0.1439 0.0654
vn 0.9874 -0.1460 0.0615
vn 0.9909 -0.1227 0.0552
vn 0.9909 -0.1207 0.0589
vn 0.9909 -0.1212 0.0580
vn 0.9909 -0.1232 0.0543
vn 0.9933 -0.1048 0.0490
vn 0.9933 -0.1029 0.0523
vn 0.9933 -0.1034 0.0514
vn 0.9933 -0.1052 0.0481
vn 0.9950 -0.0899 0.0434
vn 0.9950 -0.0882 0.0465
vn 0.9957 -0.0804 0.0457
vn 0.9951 -0.0897 0.0426
vn 0.9962 -0.0767 0.0414
vn 0.9949 -0.0818 0.0598
vn 0.9882 0.0084 0.1530
vn 0.9938 -0.0892 0.0661
vn 0.9922 -0.0888 0.0876
vn 0.9907 -0.1050 0.0866
vn 0.9874 -0.0998 0.1228
vn 0.9851 -0.1232 0.1197
vn 0.9791 -0.1163 0.1671
vn 0.9761 -0.1459 0.1608
vn 0.9595 -0.1322 0.2488
vn 0.9567 -0.1670 0.2385
vn 0.9300 -0.1502 0.3354
vn 0.9276 -0.1897 0.3218
vn 0.8923 -0.1708 0.4178
vn 0.8903 -0.2160 0.4010
vn 0.8567 -0.1991 0.4759
vn 0.8471 -0.2003 0.4923
vn 0.8775 -0.2167 0.4278
vn 0.8316 -0.2037 0.5168
vn 0.9921 -0.1210 -0.0328
vn 0.9913 -0.1253 -0.0410
vn 0.9914 -0.1247 -0.0385
vn 0.9908 -0.1268 -0.0474
vn 0.9906 -0.1274 -0.0499
vn 0.9893 -0.1330 -0.0592
vn 0.9895 -0.1326 -0.0576
vn 0.9889 -0.1341 -0.0634
vn 0.9888 -0.1345 -0.0650
vn 0.9870 -0.1416 -0.0759
vn 0.9872 -0.1412 -0.0745
vn 0.9866 -0.1426 -0.0796
vn 0.9864 -0.1429 -0.0810
vn 0.9842 -0.1512 -0.0922
vn 0.9832 -0.1532 -0.0990
vn 0.9803 -0.1631 -0.1118
vn 0.9783 -0.1666 -0.1233
vn 0.9743 -0.1781 -0.1377
vn 0.9656 -0.1905 -0.1770
vn 0.9603 -0.2026 -0.1917
vn 0.9480 -0.2162 -0.2335
vn 0.9414 -0.2288 -0.2480
vn 0.9264 -0.2423 -0.2881
vn 0.9184 -0.2553 -0.3022
vn 0.9009 -0.2687 -0.3409
vn 0.8915 -0.2820 -0.3545
vn 0.8715 -0.2952 -0.3916
vn 0.8609 -0.3088 -0.4044
vn 0.8395 -0.3212 -0.4384
vn 0.8277 -0.3348 -0.4503
vn 0.8053 -0.3464 -0.4811
vn 0.7927 -0.3599 -0.4920
vn 0.7693 -0.3708 -0.5203
vn -0.0388 -0.1328 -0.9904
vn -0.0387 -0.1328 -0.9904
vn -0.0640 -0.1327 -0.9891
vn -0.0639 -0.1326 -0.9891
vn -0.0638 -0.1326 -0.9891
vn -0.0888 -0.1325 -0.9872
vn -0.0886 -0.1324 -0.9872
vn -0.1132 -0.1323 -0.9847
vn -0.1129 -0.1322 -0.9848
vn -0.1131 -0.1322 -0.9847
vn -0.1129 -0.1321 -0.9848
vn -0.1367 -0.1320 -0.9818
vn -0.1364 -0.1319 -0.9818
vn -0.1366 -0.1319 -0.9818
vn -0.1363 -0.1318 -0.9819
vn -0.1596 -0.1316 -0.9784
vn -0.1595 -0.1316 -0.9784
vn -0.1592 -0.1315 -0.9785
vn -0.1591 -0.1315 -0.9785
vn -0.1830 -0.1312 -0.9743
vn -0.1828 -0.1312 -0.9744
vn -0.1829 -0.1312 -0.9743
vn -0.1827 -0.1311 -0.9744
vn -0.2318 -0.1304 -0.9640
vn -0.2309 -0.1301 -0.9642
vn -0.2803 -0.1293 -0.9512
vn -0.3037 -0.1311 -0.9437
vn -0.3146 -0.1275 -0.9406
vn -0.3738 -0.1298 -0.9184
vn -0.3762 -0.1287 -0.9176
vn -0.4413 -0.1268 -0.8883
vn -0.4365 -0.1305 -0.8902
vn -0.5064 -0.1222 -0.8536
vn -0.4911 -0.1421 -0.8595
vn -0.5499 -0.1156 -0.8272
vn -0.0406 -0.1636 -0.9857
vn -0.0405 -0.1635 -0.9857
vn -0.0404 -0.1635 -0.9857
vn -0.0670 -0.1634 -0.9843
vn -0.0667 -0.1633 -0.9843
vn -0.0669 -0.1633 -0.9843
vn -0.0666 -0.1633 -0.9843
vn -0.0928 -0.1631 -0.9822
vn -0.0927 -0.1630 -0.9823
vn -0.0924 -0.1629 -0.9823
vn -0.1181 -0.1627 -0.9796
vn -0.1177 -0.1625 -0.9797
vn -0.1180 -0.1626 -0.9796
vn -0.1176 -0.1625 -0.9797
vn -0.1424 -0.1622 -0.9764
vn -0.1422 -0.1621 -0.9765
vn -0.1423 -0.1622 -0.9765
vn -0.1418 -0.1620 -0.9766
vn -0.1660 -0.1617 -0.9728
vn -0.1657 -0.1616 -0.9728
vn -0.1654 -0.1615 -0.9729
vn -0.1652 -0.1614 -0.9730
vn -0.1903 -0.1610 -0.9684
vn -0.1898 -0.1609 -0.9686
vn -0.1898 -0.1608 -0.9686
vn -0.1896 -0.1608 -0.9686
vn -0.2395 -0.1599 -0.9577
vn -0.2391 -0.1598 -0.9578
vn -0.2381 -0.1595 -0.9581
vn -0.2378 -0.1594 -0.9582
vn -0.3115 -0.1574 -0.9371
vn -0.3110 -0.1572 -0.9373
vn -0.3093 -0.1567 -0.9380
vn -0.3088 -0.1565 -0.9382
vn -0.3810 -0.1538 -0.9117
vn -0.3804 -0.1536 -0.9120
vn -0.3781 -0.1529 -0.9131
vn -0.3774 -0.1527 -0.9134
vn -0.4481 -0.1493 -0.8814
vn -0.4474 -0.1490 -0.8818
vn -0.4446 -0.1482 -0.8834
vn -0.4439 -0.1479 -0.8838
vn -0.5128 -0.1438 -0.8464
vn -0.5119 -0.1436 -0.8469
vn -0.5089 -0.1426 -0.8489
vn -0.5081 -0.1423 -0.8495
vn -0.5743 -0.1375 -0.8070
vn -0.5734 -0.1372 -0.8077
vn -0.5702 -0.1361 -0.8101
vn -0.5693 -0.1358 -0.8108
vn -0.6088 -0.1326 -0.7822
vn -0.6284 -0.1347 -0.7662
vn -0.6425 -0.1279 -0.7556
vn -0.6826 -0.1296 -0.7193
vn -0.6865 -0.1261 -0.7161
vn -0.7324 -0.1215 -0.6699
vn -0.7002 -0.1839 -0.6899
vn -0.7561 -0.0990 -0.6470
vn -0.0425 -0.1947 -0.9799
vn -0.0423 -0.1946 -0.9800
vn -0.0425 -0.1946 -0.9800
vn -0.0422 -0.1946 -0.9800
vn -0.0700 -0.1944 -0.9784
vn -0.0697 -0.1943 -0.9785
vn -0.0694 -0.1942 -0.9785
vn -0.0695 -0.1942 -0.9785
vn -0.0969 -0.1940 -0.9762
vn -0.0967 -0.1939 -0.9762
vn -0.0965 -0.1938 -0.9763
vn -0.0963 -0.1937 -0.9763
vn -0.1232 -0.1934 -0.9734
vn -0.1229 -0.1933 -0.9734
vn -0.1226 -0.1931 -0.9735
vn -0.1224 -0.1931 -0.9735
vn -0.1483 -0.1927 -0.9700
vn -0.1481 -0.1927 -0.9700
vn -0.1474 -0.1924 -0.9702
vn -0.1473 -0.1924 -0.9702
vn -0.1726 -0.1920 -0.9661
vn -0.1722 -0.1919 -0.9662
vn -0.1719 -0.1918 -0.9663
vn -0.1715 -0.1916 -0.9664
vn -0.1977 -0.1910 -0.9615
vn -0.1974 -0.1909 -0.9616
vn -0.1970 -0.1908 -0.9617
vn -0.1966 -0.1907 -0.9618
vn -0.2469 -0.1894 -0.9503
vn -0.2465 -0.1893 -0.9505
vn -0.2452 -0.1889 -0.9509
vn -0.2448 -0.1888 -0.9510
vn -0.3180 -0.1862 -0.9296
vn -0.3174 -0.1860 -0.9299
vn -0.3154 -0.1854 -0.9307
vn -0.3148 -0.1852 -0.9309
vn -0.3866 -0.1818 -0.9041
vn -0.3859 -0.1815 -0.9045
vn -0.3832 -0.1807 -0.9058
vn -0.3825 -0.1805 -0.9062
vn -0.4528 -0.1763 -0.8740
vn -0.4519 -0.1760 -0.8745
vn -0.4488 -0.1750 -0.8763
vn -0.4479 -0.1747 -0.8768
vn -0.5166 -0.1697 -0.8393
vn -0.5156 -0.1694 -0.8399
vn -0.5121 -0.1683 -0.8423
vn -0.5112 -0.1680 -0.8429
vn -0.5772 -0.1621 -0.8003
vn -0.5762 -0.1618 -0.8011
vn -0.5725 -0.1606 -0.8040
vn -0.5715 -0.1603 -0.8048
vn -0.6339 -0.1539 -0.7580
vn -0.6328 -0.1536 -0.7589
vn -0.6289 -0.1523 -0.7624
vn -0.6279 -0.1519 -0.7633
vn -0.6867 -0.1450 -0.7124
vn -0.6857 -0.1447 -0.7134
vn -0.6818 -0.1433 -0.7174
vn -0.6807 -0.1429 -0.7185
vn -0.7359 -0.1355 -0.6634
vn -0.7349 -0.1352 -0.6646
vn -0.7310 -0.1337 -0.6691
vn -0.7300 -0.1333 -0.6703
vn -0.7676 -0.1277 -0.6280
vn -0.7770 -0.1280 -0.6163
vn -0.7878 -0.1209 -0.6039
vn -0.8194 -0.1202 -0.5604
vn -0.8235 -0.1155 -0.5554
vn -0.8573 -0.1104 -0.5029
vn -0.8575 -0.1116 -0.5023
vn -0.8543 -0.1191 -0.5060
vn -0.8512 -0.1270 -0.5092
vn -0.8889 -0.0877 -0.4496
vn -0.0445 -0.2261 -0.9731
vn -0.0442 -0.2260 -0.9731
vn -0.0444 -0.2261 -0.9731
vn -0.0441 -0.2260 -0.9731
vn -0.0731 -0.2257 -0.9714
vn -0.0731 -0.2257 -0.9715
vn -0.0727 -0.2256 -0.9715
vn -0.0725 -0.2255 -0.9715
vn -0.1011 -0.2251 -0.9691
vn -0.1009 -0.2250 -0.9691
vn -0.1005 -0.2249 -0.9692
vn -0.1002 -0.2248 -0.9692
vn -0.1283 -0.2244 -0.9660
vn -0.1279 -0.2243 -0.9661
vn -0.1276 -0.2242 -0.9662
vn -0.1272 -0.2240 -0.9662
vn -0.1543 -0.2235 -0.9624
vn -0.1540 -0.2234 -0.9625
vn -0.1534 -0.2232 -0.9626
vn -0.1529 -0.2230 -0.9627
vn -0.1793 -0.2225 -0.9583
vn -0.1790 -0.2224 -0.9584
vn -0.1780 -0.2220 -0.9586
vn -0.1777 -0.2219 -0.9587
vn -0.2052 -0.2212 -0.9534
vn -0.2049 -0.2211 -0.9535
vn -0.2039 -0.2207 -0.9538
vn -0.2036 -0.2207 -0.9539
vn -0.2544 -0.2191 -0.9419
vn -0.2539 -0.2189 -0.9421
vn -0.2523 -0.2184 -0.9427
vn -0.2517 -0.2183 -0.9429
vn -0.3245 -0.2152 -0.9211
vn -0.3238 -0.2149 -0.9214
vn -0.3214 -0.2142 -0.9224
vn -0.3207 -0.2140 -0.9227
vn -0.3921 -0.2099 -0.8957
vn -0.3912 -0.2097 -0.8961
vn -0.3882 -0.2087 -0.8976
vn -0.3873 -0.2085 -0.8981
vn -0.4572 -0.2034 -0.8658
vn -0.4562 -0.2031 -0.8664
vn -0.4527 -0.2020 -0.8685
vn -0.4517 -0.2017 -0.8691
vn -0.5200 -0.1957 -0.8314
vn -0.5190 -0.1954 -0.8322
vn -0.5150 -0.1942 -0.8349
vn -0.5139 -0.1938 -0.8357
vn -0.5797 -0.1869 -0.7931
vn -0.5786 -0.1866 -0.7940
vn -0.5745 -0.1853 -0.7973
vn -0.5733 -0.1850 -0.7982
vn -0.6355 -0.1774 -0.7515
vn -0.6344 -0.1770 -0.7525
vn -0.6301 -0.1756 -0.7564
vn -0.6289 -0.1753 -0.7575
vn -0.6875 -0.1672 -0.7067
vn -0.6864 -0.1669 -0.7078
vn -0.6820 -0.1654 -0.7124
vn -0.6808 -0.1650 -0.7136
vn -0.7359 -0.1563 -0.6588
vn -0.7348 -0.1559 -0.6601
vn -0.7305 -0.1544 -0.6652
vn -0.7294 -0.1540 -0.6665
vn -0.7809 -0.1448 -0.6076
vn -0.7799 -0.1444 -0.6090
vn -0.7757 -0.1428 -0.6147
vn -0.7746 -0.1424 -0.6162
vn -0.8220 -0.1329 -0.5537
vn -0.8211 -0.1325 -0.5552
vn -0.8171 -0.1308 -0.5614
vn -0.8161 -0.1304 -0.5630
vn -0.8582 -0.1203 -0.4989
vn -0.8537 -0.1182 -0.5071
vn -0.8861 -0.1100 -0.4503
vn -0.8865 -0.1102 -0.4494
vn -0.8880 -0.1109 -0.4463
vn -0.8884 -0.1111 -0.4454
vn -0.9036 -0.1024 -0.4159
vn -0.9186 -0.1014 -0.3820
vn -0.9187 -0.1024 -0.3814
vn -0.9161 -0.1086 -0.3860
vn -0.9165 -0.1054 -0.3858
vn -0.9364 -0.0869 -0.3400
vn -0.0464 -0.2579 -0.9651
vn -0.0461 -0.2578 -0.9651
vn -0.0463 -0.2579 -0.9651
vn -0.0459 -0.2577 -0.9651
vn -0.0762 -0.2574 -0.9633
vn -0.0761 -0.2574 -0.9633
vn -0.0756 -0.2572 -0.9634
vn -0.0754 -0.2571 -0.9634
vn -0.1053 -0.2567 -0.9607
vn -0.1049 -0.2566 -0.9608
vn -0.1043 -0.2564 -0.9609
vn -0.1041 -0.2563 -0.9610
vn -0.1335 -0.2557 -0.9575
vn -0.1332 -0.2556 -0.9576
vn -0.1323 -0.2553 -0.9578
vn -0.1321 -0.2552 -0.9578
vn -0.1602 -0.2545 -0.9537
vn -0.1598 -0.2544 -0.9538
vn -0.1590 -0.2541 -0.9540
vn -0.1585 -0.2540 -0.9541
vn -0.1859 -0.2532 -0.9494
vn -0.1855 -0.2530 -0.9495
vn -0.1843 -0.2526 -0.9498
vn -0.1839 -0.2525 -0.9499
vn -0.2126 -0.2516 -0.9442
vn -0.2122 -0.2515 -0.9443
vn -0.2109 -0.2510 -0.9447
vn -0.2106 -0.2510 -0.9448
vn -0.2618 -0.2490 -0.9325
vn -0.2612 -0.2488 -0.9327
vn -0.2592 -0.2481 -0.9334
vn -0.2585 -0.2480 -0.9336
vn -0.3308 -0.2443 -0.9115
vn -0.3300 -0.2441 -0.9119
vn -0.3271 -0.2432 -0.9132
vn -0.3263 -0.2430 -0.9135
vn -0.3972 -0.2382 -0.8863
vn -0.3962 -0.2380 -0.8868
vn -0.3928 -0.2370 -0.8886
vn -0.3918 -0.2366 -0.8891
vn -0.4613 -0.2306 -0.8567
vn -0.4602 -0.2303 -0.8574
vn -0.4562 -0.2291 -0.8599
vn -0.4550 -0.2288 -0.8606
vn -0.5231 -0.2218 -0.8229
vn -0.5219 -0.2215 -0.8238
vn -0.5175 -0.2202 -0.8269
vn -0.5162 -0.2199 -0.8277
vn -0.5818 -0.2119 -0.7852
vn -0.5806 -0.2115 -0.7862
vn -0.5759 -0.2101 -0.7900
vn -0.5746 -0.2099 -0.7910
vn -0.6367 -0.2012 -0.7444
vn -0.6354 -0.2008 -0.7456
vn -0.6306 -0.1994 -0.7501
vn -0.6293 -0.1990 -0.7512
vn -0.6878 -0.1897 -0.7007
vn -0.6866 -0.1894 -0.7020
vn -0.6817 -0.1878 -0.7071
vn -0.6805 -0.1874 -0.7084
vn -0.7355 -0.1774 -0.6538
vn -0.7344 -0.1771 -0.6553
vn -0.7296 -0.1755 -0.6610
vn -0.7283 -0.1751 -0.6625
vn -0.7799 -0.1646 -0.6038
vn -0.7788 -0.1642 -0.6054
vn -0.7741 -0.1625 -0.6118
vn -0.7730 -0.1621 -0.6134
vn -0.8205 -0.1512 -0.5512
vn -0.8195 -0.1509 -0.5529
vn -0.8152 -0.1492 -0.5597
vn -0.8140 -0.1488 -0.5614
vn -0.8573 -0.1376 -0.4961
vn -0.8563 -0.1373 -0.4979
vn -0.8524 -0.1356 -0.5051
vn -0.8514 -0.1351 -0.5069
vn -0.8903 -0.1236 -0.4382
vn -0.8895 -0.1232 -0.4400
vn -0.8859 -0.1215 -0.4476
vn -0.8851 -0.1211 -0.4495
vn -0.9189 -0.1091 -0.3792
vn -0.9151 -0.1069 -0.3889
vn -0.9411 -0.0969 -0.3241
vn -0.9415 -0.0971 -0.3228
vn -0.9541 -0.0864 -0.2868
vn -0.9631 -0.0881 -0.2541
vn -0.0484 -0.2901 -0.9558
vn -0.0482 -0.2900 -0.9558
vn -0.0479 -0.2899 -0.9559
vn -0.0478 -0.2898 -0.9559
vn -0.0793 -0.2894 -0.9539
vn -0.0790 -0.2893 -0.9540
vn -0.0784 -0.2891 -0.9541
vn -0.0783 -0.2891 -0.9541
vn -0.1095 -0.2885 -0.9512
vn -0.1092 -0.2884 -0.9513
vn -0.1082 -0.2881 -0.9515
vn -0.1080 -0.2880 -0.9515
vn -0.1386 -0.2873 -0.9478
vn -0.1382 -0.2872 -0.9478
vn -0.1371 -0.2868 -0.9481
vn -0.1368 -0.2867 -0.9482
vn -0.1661 -0.2858 -0.9438
vn -0.1656 -0.2856 -0.9439
vn -0.1645 -0.2852 -0.9442
vn -0.1640 -0.2851 -0.9444
vn -0.1925 -0.2842 -0.9392
vn -0.1920 -0.2841 -0.9394
vn -0.1904 -0.2836 -0.9399
vn -0.1900 -0.2834 -0.9400
vn -0.2200 -0.2822 -0.9338
vn -0.2195 -0.2820 -0.9340
vn -0.2179 -0.2815 -0.9345
vn -0.2174 -0.2814 -0.9346
vn -0.2690 -0.2791 -0.9218
vn -0.2683 -0.2788 -0.9221
vn -0.2659 -0.2781 -0.9230
vn -0.2652 -0.2779 -0.9233
vn -0.3368 -0.2736 -0.9010
vn -0.3359 -0.2733 -0.9014
vn -0.3325 -0.2723 -0.9029
vn -0.3316 -0.2721 -0.9033
vn -0.4021 -0.2666 -0.8760
vn -0.4010 -0.2663 -0.8765
vn -0.3970 -0.2651 -0.8787
vn -0.3959 -0.2648 -0.8793
vn -0.4650 -0.2581 -0.8469
vn -0.4638 -0.2577 -0.8476
vn -0.4592 -0.2565 -0.8505
vn -0.4580 -0.2561 -0.8513
vn -0.5257 -0.2482 -0.8137
vn -0.5244 -0.2478 -0.8146
vn -0.5195 -0.2465 -0.8182
vn -0.5181 -0.2461 -0.8191
vn -0.5834 -0.2372 -0.7768
vn -0.5821 -0.2369 -0.7779
vn -0.5769 -0.2354 -0.7822
vn -0.5755 -0.2350 -0.7833
vn -0.6373 -0.2252 -0.7369
vn -0.6360 -0.2248 -0.7382
vn -0.6307 -0.2233 -0.7432
vn -0.6293 -0.2229 -0.7445
vn -0.6877 -0.2125 -0.6942
vn -0.6864 -0.2121 -0.6956
vn -0.6809 -0.2105 -0.7014
vn -0.6796 -0.2101 -0.7029
vn -0.7347 -0.1989 -0.6486
vn -0.7334 -0.1986 -0.6501
vn -0.7281 -0.1970 -0.6566
vn -0.7268 -0.1966 -0.6582
vn -0.7784 -0.1848 -0.5999
vn -0.7772 -0.1844 -0.6016
vn -0.7721 -0.1828 -0.6087
vn -0.7708 -0.1823 -0.6104
vn -0.8186 -0.1701 -0.5486
vn -0.8175 -0.1697 -0.5504
vn -0.8127 -0.1681 -0.5579
vn -0.8115 -0.1676 -0.5598
vn -0.8551 -0.1550 -0.4947
vn -0.8541 -0.1546 -0.4966
vn -0.8497 -0.1529 -0.5046
vn -0.8486 -0.1525 -0.5066
vn -0.8880 -0.1396 -0.4382
vn -0.8871 -0.1391 -0.4402
vn -0.8832 -0.1375 -0.4484
vn -0.8822 -0.1371 -0.4505
vn -0.9172 -0.1240 -0.3785
vn -0.9165 -0.1236 -0.3806
vn -0.9131 -0.1219 -0.3890
vn -0.9123 -0.1215 -0.3911
vn -0.9425 -0.1083 -0.3161
vn -0.9419 -0.1079 -0.3181
vn -0.9392 -0.1062 -0.3266
vn -0.9385 -0.1058 -0.3287
vn -0.9627 -0.0924 -0.2544
vn -0.9600 -0.0904 -0.2650
vn -0.9773 -0.0792 -0.1964
vn -0.9772 -0.0795 -0.1969
vn -0.9771 -0.0788 -0.1977
vn -0.9756 -0.0886 -0.2011
vn -0.9869 -0.0679 -0.1465
vn -0.9884 -0.0798 -0.1295
vn -0.9884 -0.0790 -0.1296
vn -0.9878 -0.0731 -0.1376
vn -0.0503 -0.3226 -0.9452
vn -0.0497 -0.3224 -0.9453
vn -0.0501 -0.3225 -0.9452
vn -0.0495 -0.3223 -0.9453
vn -0.0824 -0.3218 -0.9432
vn -0.0821 -0.3217 -0.9433
vn -0.0813 -0.3215 -0.9434
vn -0.0811 -0.3214 -0.9435
vn -0.1135 -0.3207 -0.9404
vn -0.1132 -0.3206 -0.9404
vn -0.1122 -0.3202 -0.9407
vn -0.1118 -0.3201 -0.9408
vn -0.1436 -0.3192 -0.9367
vn -0.1432 -0.3191 -0.9368
vn -0.1419 -0.3186 -0.9372
vn -0.1414 -0.3184 -0.9373
vn -0.1719 -0.3174 -0.9326
vn -0.1714 -0.3173 -0.9327
vn -0.1698 -0.3168 -0.9332
vn -0.1693 -0.3166 -0.9333
vn -0.1989 -0.3154 -0.9279
vn -0.1984 -0.3152 -0.9281
vn -0.1964 -0.3146 -0.9287
vn -0.1959 -0.3144 -0.9289
vn -0.2271 -0.3131 -0.9222
vn -0.2266 -0.3129 -0.9224
vn -0.2245 -0.3122 -0.9231
vn -0.2239 -0.3120 -0.9233
vn -0.2759 -0.3093 -0.9101
vn -0.2751 -0.3091 -0.9104
vn -0.2722 -0.3083 -0.9115
vn -0.2714 -0.3080 -0.9118
vn -0.3424 -0.3030 -0.8893
vn -0.3414 -0.3027 -0.8898
vn -0.3377 -0.3017 -0.8916
vn -0.3366 -0.3014 -0.8921
vn -0.4065 -0.2951 -0.8647
vn -0.4053 -0.2947 -0.8654
vn -0.4007 -0.2935 -0.8679
vn -0.3995 -0.2932 -0.8686
vn -0.4682 -0.2857 -0.8362
vn -0.4669 -0.2853 -0.8370
vn -0.4618 -0.2840 -0.8403
vn -0.4604 -0.2836 -0.8412
vn -0.5278 -0.2748 -0.8037
vn -0.5264 -0.2744 -0.8047
vn -0.5208 -0.2730 -0.8088
vn -0.5194 -0.2726 -0.8099
vn -0.5845 -0.2626 -0.7677
vn -0.5831 -0.2622 -0.7689
vn -0.5773 -0.2607 -0.7738
vn -0.5758 -0.2604 -0.7750
vn -0.6375 -0.2495 -0.7289
vn -0.6361 -0.2491 -0.7303
vn -0.6301 -0.2475 -0.7360
vn -0.6286 -0.2472 -0.7374
vn -0.6870 -0.2356 -0.6874
vn -0.6856 -0.2352 -0.6890
vn -0.6796 -0.2336 -0.6954
vn -0.6781 -0.2332 -0.6970
vn -0.7333 -0.2209 -0.6431
vn -0.7319 -0.2206 -0.6448
vn -0.7260 -0.2189 -0.6519
vn -0.7246 -0.2185 -0.6536
vn -0.7765 -0.2054 -0.5958
vn -0.7682 -0.2030 -0.6072
vn -0.8162 -0.1894 -0.5458
vn -0.8084 -0.1870 -0.5581
vn -0.8524 -0.1730 -0.4934
vn -0.8453 -0.1706 -0.5063
vn -0.8852 -0.1563 -0.4381
vn -0.8789 -0.1539 -0.4515
vn -0.9146 -0.1392 -0.3797
vn -0.9091 -0.1368 -0.3933
vn -0.9400 -0.1221 -0.3185
vn -0.9356 -0.1197 -0.3322
vn -0.9610 -0.1052 -0.2559
vn -0.9575 -0.1028 -0.2695
vn -0.9769 -0.0883 -0.1943
vn -0.9748 -0.0863 -0.2056
vn -0.9886 -0.0727 -0.1316
vn -0.9876 -0.0708 -0.1400
vn -0.9944 -0.0616 -0.0853
vn -0.9947 -0.0626 -0.0813
vn -0.9950 -0.0636 -0.0773
vn -0.9943 -0.0655 -0.0835
vn -0.9970 -0.0506 -0.0589
vn -0.9961 -0.0588 -0.0651
vn -0.9966 -0.0547 -0.0622
vn -0.9418 -0.2947 0.1615
vn -0.9404 -0.2961 0.1671
vn -0.9422 -0.2944 0.1600
vn -0.9515 -0.2664 0.1538
vn -0.9499 -0.2683 0.1606
vn -0.9502 -0.2680 0.1592
vn -0.9518 -0.2660 0.1525
vn -0.9601 -0.2339 0.1533
vn -0.9626 -0.2332 0.1382
vn -0.9716 -0.1985 0.1288
vn -0.9700 -0.1995 0.1393
vn -0.9705 -0.1992 0.1361
vn -0.9721 -0.1982 0.1257
vn -0.9787 -0.1682 0.1174
vn -0.9774 -0.1694 0.1268
vn -0.9778 -0.1690 0.1240
vn -0.9791 -0.1678 0.1146
vn -0.9841 -0.1418 0.1069
vn -0.9829 -0.1432 0.1157
vn -0.9833 -0.1428 0.1132
vn -0.9844 -0.1414 0.1045
vn -0.9870 -0.1214 0.1055
vn -0.9885 -0.1199 0.0923
vn -0.9883 -0.1194 0.0953
vn -0.9893 -0.1246 0.0764
vn -0.9899 -0.1041 0.0962
vn -0.9912 -0.1024 0.0840
vn -0.9910 -0.1020 0.0868
vn -0.9917 -0.1036 0.0764
vn -0.9919 -0.0927 0.0874
vn -0.9931 -0.0879 0.0779
vn -0.9473 -0.2629 0.1832
vn -0.9547 -0.2322 0.1862
vn -0.9585 -0.2308 0.1673
vn -0.9651 -0.1984 0.1707
vn -0.9684 -0.1965 0.1538
vn -0.9730 -0.1689 0.1570
vn -0.9758 -0.1666 0.1417
vn -0.9791 -0.1433 0.1445
vn -0.9814 -0.1407 0.1306
vn -0.9852 -0.1197 0.1229
vn -0.9836 -0.1220 0.1330
vn -0.9840 -0.1214 0.1302
vn -0.9856 -0.1191 0.1202
vn -0.9883 -0.1028 0.1129
vn -0.9869 -0.1051 0.1221
vn -0.9876 -0.1031 0.1184
vn -0.9893 -0.0943 0.1110
vn -0.9894 -0.0951 0.1102
vn -0.9896 -0.0932 0.1092
vn -0.9957 -0.0831 0.0420
vn -0.9951 -0.0891 0.0425
vn -0.9949 -0.0899 0.0466
vn -0.9941 -0.0871 0.0643
vn -0.9932 -0.1048 0.0515
vn -0.9934 -0.1042 0.0480
vn -0.9933 -0.1044 0.0490
vn -0.9931 -0.1050 0.0525
vn -0.9907 -0.1229 0.0580
vn -0.9910 -0.1224 0.0542
vn -0.9909 -0.1226 0.0553
vn -0.9906 -0.1231 0.0591
vn -0.9872 -0.1456 0.0656
vn -0.9875 -0.1452 0.0615
vn -0.9874 -0.1453 0.0627
vn -0.9870 -0.1458 0.0668
vn -0.9821 -0.1729 0.0743
vn -0.9825 -0.1725 0.0698
vn -0.9824 -0.1726 0.0711
vn -0.9820 -0.1730 0.0756
vn -0.9753 -0.2042 0.0840
vn -0.9758 -0.2040 0.0792
vn -0.9756 -0.2041 0.0806
vn -0.9752 -0.2043 0.0855
vn -0.9661 -0.2402 0.0951
vn -0.9666 -0.2401 0.0898
vn -0.9664 -0.2401 0.0914
vn -0.9659 -0.2402 0.0967
vn -0.9558 -0.2750 0.1040
vn -0.9563 -0.2743 0.1009
vn -0.9562 -0.2745 0.1016
vn -0.9557 -0.2751 0.1047
vn -0.9462 -0.3039 0.1114
vn -0.9467 -0.3033 0.1082
vn -0.9466 -0.3035 0.1089
vn -0.9460 -0.3040 0.1122
vn -0.9338 -0.3373 0.1195
vn -0.9344 -0.3368 0.1162
vn -0.9343 -0.3369 0.1170
vn -0.9336 -0.3374 0.1203
vn -0.9338 -0.3525 0.0605
vn -0.9463 -0.3191 0.0524
vn -0.9464 -0.3189 0.0512
vn -0.9464 -0.3189 0.0514
vn -0.9463 -0.3191 0.0527
vn -0.9561 -0.2894 0.0456
vn -0.9562 -0.2892 0.0445
vn -0.9562 -0.2893 0.0450
vn -0.9561 -0.2895 0.0459
vn -0.9666 -0.2536 0.0378
vn -0.9666 -0.2537 0.0361
vn -0.9666 -0.2537 0.0366
vn -0.9665 -0.2536 0.0384
vn -0.9759 -0.2161 0.0296
vn -0.9760 -0.2161 0.0281
vn -0.9759 -0.2161 0.0285
vn -0.9759 -0.2161 0.0299
vn -0.9828 -0.1833 0.0223
vn -0.9828 -0.1832 0.0211
vn -0.9828 -0.1833 0.0215
vn -0.9828 -0.1833 0.0227
vn -0.9878 -0.1546 0.0162
vn -0.9879 -0.1546 0.0151
vn -0.9879 -0.1546 0.0155
vn -0.9878 -0.1547 0.0165
vn -0.9914 -0.1307 0.0112
vn -0.9914 -0.1306 0.0103
vn -0.9914 -0.1306 0.0108
vn -0.9913 -0.1307 0.0115
vn -0.9937 -0.1114 0.0076
vn -0.9938 -0.1113 0.0066
vn -0.9938 -0.1113 0.0070
vn -0.9937 -0.1114 0.0078
vn -0.9954 -0.0953 0.0049
vn -0.9955 -0.0951 0.0038
vn -0.9955 -0.0951 0.0041
vn -0.9954 -0.0953 0.0050
vn -0.9967 -0.0812 0.0023
vn -0.9967 -0.0810 0.0016
vn -0.9967 -0.0811 0.0018
vn -0.9975 -0.0714 -0.0002
vn -0.9347 -0.3440 0.0894
vn -0.9472 -0.3102 0.0816
vn -0.9470 -0.3104 0.0827
vn -0.9470 -0.3104 0.0826
vn -0.9472 -0.3102 0.0814
vn -0.9568 -0.2809 0.0747
vn -0.9567 -0.2811 0.0756
vn -0.9567 -0.2811 0.0753
vn -0.9569 -0.2809 0.0743
vn -0.9671 -0.2459 0.0655
vn -0.9670 -0.2459 0.0674
vn -0.9670 -0.2459 0.0667
vn -0.9671 -0.2459 0.0649
vn -0.9763 -0.2091 0.0558
vn -0.9762 -0.2092 0.0577
vn -0.9762 -0.2091 0.0571
vn -0.9763 -0.2091 0.0553
vn -0.9830 -0.1771 0.0474
vn -0.9829 -0.1772 0.0492
vn -0.9830 -0.1772 0.0486
vn -0.9831 -0.1771 0.0469
vn -0.9880 -0.1493 0.0401
vn -0.9879 -0.1494 0.0417
vn -0.9879 -0.1494 0.0411
vn -0.9880 -0.1492 0.0396
vn -0.9915 -0.1259 0.0339
vn -0.9914 -0.1261 0.0354
vn -0.9914 -0.1260 0.0349
vn -0.9915 -0.1258 0.0334
vn -0.9938 -0.1071 0.0287
vn -0.9938 -0.1074 0.0302
vn -0.9938 -0.1073 0.0298
vn -0.9938 -0.1071 0.0284
vn -0.9955 -0.0916 0.0245
vn -0.9954 -0.0918 0.0258
vn -0.9955 -0.0914 0.0252
vn -0.9967 -0.0782 0.0212
vn -0.9966 -0.0792 0.0216
vn -0.9966 -0.0792 0.0204
vn -0.9974 -0.0704 0.0170
vn -0.9975 -0.0692 0.0165
vn -0.9325 -0.3319 0.1423
vn -0.9316 -0.3327 0.1466
vn -0.9328 -0.3317 0.1411
vn -0.9449 -0.2985 0.1343
vn -0.9438 -0.2997 0.1395
vn -0.9440 -0.2994 0.1384
vn -0.9451 -0.2983 0.1332
vn -0.9545 -0.2699 0.1268
vn -0.9535 -0.2711 0.1318
vn -0.9537 -0.2709 0.1307
vn -0.9547 -0.2696 0.1258
vn -0.9648 -0.2362 0.1157
vn -0.9637 -0.2365 0.1242
vn -0.9640 -0.2364 0.1216
vn -0.9651 -0.2361 0.1131
vn -0.9741 -0.2007 0.1039
vn -0.9732 -0.2013 0.1116
vn -0.9735 -0.2011 0.1092
vn -0.9744 -0.2006 0.1016
vn -0.9810 -0.1699 0.0934
vn -0.9802 -0.1706 0.1004
vn -0.9805 -0.1704 0.0983
vn -0.9813 -0.1697 0.0913
vn -0.9862 -0.1431 0.0839
vn -0.9854 -0.1440 0.0904
vn -0.9856 -0.1437 0.0886
vn -0.9863 -0.1428 0.0821
vn -0.9898 -0.1206 0.0755
vn -0.9900 -0.1204 0.0739
vn -0.9919 -0.1040 0.0735
vn -0.9925 -0.1026 0.0665
vn -0.0522 -0.3555 -0.9332
vn -0.0519 -0.3555 -0.9333
vn -0.0515 -0.3553 -0.9333
vn -0.0512 -0.3552 -0.9334
vn -0.0853 -0.3546 -0.9311
vn -0.0850 -0.3545 -0.9312
vn -0.0842 -0.3542 -0.9314
vn -0.0838 -0.3540 -0.9315
vn -0.1175 -0.3532 -0.9281
vn -0.1170 -0.3531 -0.9282
vn -0.1157 -0.3526 -0.9286
vn -0.1153 -0.3525 -0.9287
vn -0.1484 -0.3514 -0.9244
vn -0.1479 -0.3512 -0.9245
vn -0.1463 -0.3507 -0.9250
vn -0.1458 -0.3505 -0.9251
vn -0.1775 -0.3493 -0.9201
vn -0.1770 -0.3492 -0.9202
vn -0.1748 -0.3485 -0.9209
vn -0.1743 -0.3483 -0.9210
vn -0.2051 -0.3469 -0.9152
vn -0.2044 -0.3468 -0.9154
vn -0.2020 -0.3460 -0.9162
vn -0.2014 -0.3457 -0.9164
vn -0.2340 -0.3441 -0.9093
vn -0.2333 -0.3439 -0.9095
vn -0.2307 -0.3431 -0.9105
vn -0.2301 -0.3429 -0.9108
vn -0.2825 -0.3397 -0.8971
vn -0.2816 -0.3394 -0.8975
vn -0.2782 -0.3385 -0.8989
vn -0.2773 -0.3382 -0.8993
vn -0.3476 -0.3327 -0.8766
vn -0.3465 -0.3324 -0.8772
vn -0.3421 -0.3313 -0.8793
vn -0.3410 -0.3309 -0.8799
vn -0.4103 -0.3239 -0.8525
vn -0.4090 -0.3236 -0.8532
vn -0.4039 -0.3223 -0.8561
vn -0.4026 -0.3219 -0.8569
vn -0.4709 -0.3135 -0.8246
vn -0.4695 -0.3131 -0.8256
vn -0.4637 -0.3117 -0.8294
vn -0.4622 -0.3113 -0.8303
vn -0.5293 -0.3016 -0.7930
vn -0.5278 -0.3012 -0.7942
vn -0.5216 -0.2997 -0.7989
vn -0.5200 -0.2993 -0.8000
vn -0.5849 -0.2884 -0.7581
vn -0.5833 -0.2880 -0.7595
vn -0.5770 -0.2865 -0.7648
vn -0.5754 -0.2861 -0.7662
vn -0.6370 -0.2742 -0.7205
vn -0.6354 -0.2739 -0.7220
vn -0.6289 -0.2723 -0.7282
vn -0.6273 -0.2719 -0.7298
vn -0.6857 -0.2591 -0.6802
vn -0.6760 -0.2568 -0.6907
vn -0.7312 -0.2432 -0.6373
vn -0.7218 -0.2409 -0.6488
vn -0.7739 -0.2266 -0.5914
vn -0.7648 -0.2242 -0.6039
vn -0.8133 -0.2093 -0.5429
vn -0.8048 -0.2070 -0.5563
vn -0.8493 -0.1917 -0.4919
vn -0.8415 -0.1894 -0.5060
vn -0.8820 -0.1736 -0.4380
vn -0.8751 -0.1713 -0.4525
vn -0.9115 -0.1552 -0.3809
vn -0.9055 -0.1529 -0.3957
vn -0.9372 -0.1366 -0.3209
vn -0.9323 -0.1344 -0.3357
vn -0.9585 -0.1184 -0.2594
vn -0.9546 -0.1161 -0.2742
vn -0.9753 -0.1005 -0.1968
vn -0.9725 -0.0982 -0.2114
vn -0.9877 -0.0830 -0.1328
vn -0.9858 -0.0807 -0.1472
vn -0.9948 -0.0667 -0.0763
vn -0.9940 -0.0647 -0.0879
vn -0.9959 -0.0614 -0.0668
vn -0.9951 -0.0680 -0.0723
vn -0.9968 -0.0559 -0.0573
vn -0.9964 -0.0623 -0.0583
vn -0.9967 -0.0572 -0.0575
vn -0.9963 -0.0612 -0.0610
vn -0.0540 -0.3888 -0.9197
vn -0.0538 -0.3887 -0.9198
vn -0.0531 -0.3884 -0.9199
vn -0.0528 -0.3884 -0.9200
vn -0.0881 -0.3877 -0.9175
vn -0.0878 -0.3876 -0.9176
vn -0.0867 -0.3872 -0.9179
vn -0.0863 -0.3871 -0.9180
vn -0.1212 -0.3861 -0.9145
vn -0.1208 -0.3859 -0.9146
vn -0.1192 -0.3853 -0.9151
vn -0.1187 -0.3852 -0.9152
vn -0.1530 -0.3840 -0.9106
vn -0.1525 -0.3838 -0.9108
vn -0.1505 -0.3831 -0.9114
vn -0.1499 -0.3829 -0.9115
vn -0.1827 -0.3815 -0.9061
vn -0.1820 -0.3813 -0.9064
vn -0.1797 -0.3805 -0.9071
vn -0.1790 -0.3803 -0.9074
vn -0.2109 -0.3787 -0.9012
vn -0.2101 -0.3784 -0.9015
vn -0.2073 -0.3776 -0.9025
vn -0.2066 -0.3773 -0.9027
vn -0.2404 -0.3753 -0.8952
vn -0.2396 -0.3751 -0.8955
vn -0.2366 -0.3742 -0.8967
vn -0.2358 -0.3740 -0.8970
vn -0.2886 -0.3703 -0.8829
vn -0.2876 -0.3701 -0.8834
vn -0.2836 -0.3690 -0.8851
vn -0.2826 -0.3687 -0.8856
vn -0.3522 -0.3625 -0.8629
vn -0.3510 -0.3621 -0.8635
vn -0.3461 -0.3608 -0.8660
vn -0.3448 -0.3605 -0.8667
vn -0.4136 -0.3529 -0.8393
vn -0.4121 -0.3525 -0.8402
vn -0.4064 -0.3511 -0.8435
vn -0.4049 -0.3507 -0.8444
vn -0.4728 -0.3416 -0.8123
vn -0.4712 -0.3412 -0.8133
vn -0.4649 -0.3397 -0.8176
vn -0.4633 -0.3393 -0.8187
vn -0.5300 -0.3287 -0.7817
vn -0.5283 -0.3284 -0.7830
vn -0.5216 -0.3268 -0.7881
vn -0.5199 -0.3264 -0.7894
vn -0.5846 -0.3145 -0.7479
vn -0.5829 -0.3141 -0.7494
vn -0.5760 -0.3125 -0.7554
vn -0.5742 -0.3121 -0.7569
vn -0.6357 -0.2992 -0.7115
vn -0.6252 -0.2969 -0.7218
vn -0.6836 -0.2831 -0.6727
vn -0.6731 -0.2807 -0.6842
vn -0.7286 -0.2661 -0.6312
vn -0.7183 -0.2638 -0.6438
vn -0.7707 -0.2483 -0.5869
vn -0.7608 -0.2460 -0.6005
vn -0.8097 -0.2299 -0.5400
vn -0.8004 -0.2277 -0.5545
vn -0.8455 -0.2110 -0.4904
vn -0.8371 -0.2088 -0.5057
vn -0.8783 -0.1917 -0.4380
vn -0.8708 -0.1895 -0.4537
vn -0.9079 -0.1719 -0.3823
vn -0.9014 -0.1699 -0.3982
vn -0.9340 -0.1520 -0.3234
vn -0.9286 -0.1500 -0.3395
vn -0.9556 -0.1324 -0.2632
vn -0.9514 -0.1304 -0.2791
vn -0.9729 -0.1132 -0.2016
vn -0.9697 -0.1111 -0.2174
vn -0.9858 -0.0944 -0.1387
vn -0.9837 -0.0923 -0.1542
vn -0.9937 -0.0773 -0.0807
vn -0.9926 -0.0750 -0.0955
vn -0.9955 -0.0666 -0.0676
vn -0.9938 -0.0790 -0.0781
vn -0.9962 -0.0628 -0.0606
vn -0.9953 -0.0719 -0.0655
vn -0.9969 -0.0599 -0.0515
vn -0.9969 -0.0606 -0.0506
vn -0.9969 -0.0602 -0.0514
vn -0.9964 -0.0647 -0.0549
vn -0.0556 -0.4226 -0.9046
vn -0.0553 -0.4225 -0.9047
vn -0.0545 -0.4222 -0.9048
vn -0.0542 -0.4221 -0.9049
vn -0.0907 -0.4213 -0.9024
vn -0.0903 -0.4211 -0.9025
vn -0.0889 -0.4206 -0.9029
vn -0.0885 -0.4205 -0.9030
vn -0.1247 -0.4194 -0.8992
vn -0.1242 -0.4192 -0.8993
vn -0.1222 -0.4186 -0.8999
vn -0.1217 -0.4184 -0.9001
vn -0.1572 -0.4169 -0.8953
vn -0.1565 -0.4167 -0.8955
vn -0.1542 -0.4159 -0.8962
vn -0.1535 -0.4157 -0.8965
vn -0.1876 -0.4140 -0.8908
vn -0.1868 -0.4137 -0.8910
vn -0.1839 -0.4128 -0.8921
vn -0.1832 -0.4126 -0.8923
vn -0.2162 -0.4107 -0.8858
vn -0.2153 -0.4104 -0.8861
vn -0.2121 -0.4095 -0.8873
vn -0.2112 -0.4092 -0.8877
vn -0.2464 -0.4069 -0.8796
vn -0.2455 -0.4067 -0.8800
vn -0.2418 -0.4056 -0.8815
vn -0.2409 -0.4053 -0.8819
vn -0.2940 -0.4011 -0.8675
vn -0.2930 -0.4008 -0.8681
vn -0.2884 -0.3995 -0.8702
vn -0.2872 -0.3993 -0.8707
vn -0.3562 -0.3926 -0.8480
vn -0.3548 -0.3923 -0.8487
vn -0.3492 -0.3909 -0.8516
vn -0.3478 -0.3905 -0.8524
vn -0.4161 -0.3821 -0.8252
vn -0.4145 -0.3816 -0.8261
vn -0.4081 -0.3801 -0.8300
vn -0.4065 -0.3798 -0.8310
vn -0.4740 -0.3699 -0.7991
vn -0.4723 -0.3695 -0.8003
vn -0.4653 -0.3679 -0.8051
vn -0.4635 -0.3676 -0.8063
vn -0.5300 -0.3561 -0.7696
vn -0.5189 -0.3537 -0.7782
vn -0.5835 -0.3409 -0.7371
vn -0.5721 -0.3386 -0.7471
vn -0.6337 -0.3247 -0.7022
vn -0.6221 -0.3224 -0.7135
vn -0.6808 -0.3075 -0.6648
vn -0.6693 -0.3052 -0.6774
vn -0.7251 -0.2894 -0.6249
vn -0.7139 -0.2872 -0.6386
vn -0.7667 -0.2706 -0.5822
vn -0.7560 -0.2684 -0.5970
vn -0.8054 -0.2511 -0.5369
vn -0.7953 -0.2490 -0.5527
vn -0.8412 -0.2310 -0.4890
vn -0.8319 -0.2290 -0.5054
vn -0.8740 -0.2105 -0.4380
vn -0.8657 -0.2086 -0.4550
vn -0.9038 -0.1895 -0.3837
vn -0.8967 -0.1877 -0.4009
vn -0.9302 -0.1683 -0.3262
vn -0.9243 -0.1665 -0.3435
vn -0.9523 -0.1474 -0.2671
vn -0.9476 -0.1456 -0.2843
vn -0.9702 -0.1268 -0.2067
vn -0.9666 -0.1250 -0.2236
vn -0.9837 -0.1067 -0.1449
vn -0.9813 -0.1049 -0.1615
vn -0.9922 -0.0884 -0.0876
vn -0.9909 -0.0864 -0.1035
vn -0.9943 -0.0787 -0.0715
vn -0.9936 -0.0770 -0.0828
vn -0.9956 -0.0704 -0.0619
vn -0.9940 -0.0829 -0.0709
vn -0.9965 -0.0654 -0.0523
vn -0.9954 -0.0763 -0.0584
vn -0.9967 -0.0639 -0.0511
vn -0.9970 -0.0628 -0.0447
vn -0.9970 -0.0633 -0.0443
vn -0.9964 -0.0705 -0.0477
vn -0.9978 -0.0561 -0.0353
vn -0.9972 -0.0668 -0.0344
vn -0.9977 -0.0582 -0.0352
vn -0.9971 -0.0676 -0.0346
vn -0.7562 -0.3181 -0.5718
vn -0.7435 -0.3163 -0.5892
vn -0.7945 -0.2966 -0.5300
vn -0.7825 -0.2950 -0.5484
vn -0.8301 -0.2745 -0.4853
vn -0.8191 -0.2730 -0.5046
vn -0.8632 -0.2518 -0.4375
vn -0.8533 -0.2505 -0.4574
vn -0.8937 -0.2285 -0.3861
vn -0.8850 -0.2273 -0.4063
vn -0.9210 -0.2049 -0.3313
vn -0.9138 -0.2037 -0.3515
vn -0.9442 -0.1815 -0.2747
vn -0.9384 -0.1804 -0.2947
vn -0.9633 -0.1585 -0.2167
vn -0.9588 -0.1573 -0.2364
vn -0.9782 -0.1359 -0.1571
vn -0.9751 -0.1347 -0.1763
vn -0.9882 -0.1152 -0.1013
vn -0.9863 -0.1138 -0.1196
vn -0.9913 -0.1042 -0.0808
vn -0.9900 -0.1026 -0.0966
vn -0.9931 -0.0958 -0.0673
vn -0.9930 -0.0955 -0.0697
vn -0.9925 -0.0945 -0.0779
vn -0.9923 -0.0943 -0.0804
vn -0.9956 -0.0753 -0.0553
vn -0.9944 -0.0885 -0.0573
vn -0.9941 -0.0886 -0.0624
vn -0.9940 -0.0874 -0.0660
vn -0.9966 -0.0702 -0.0441
vn -0.9955 -0.0826 -0.0454
vn -0.9954 -0.0826 -0.0495
vn -0.9953 -0.0816 -0.0523
vn -0.9971 -0.0674 -0.0342
vn -0.9965 -0.0770 -0.0327
vn -0.9964 -0.0773 -0.0349
vn -0.9953 -0.0904 -0.0360
vn -0.7495 -0.3440 -0.5656
vn -0.7357 -0.3425 -0.5844
vn -0.7876 -0.3217 -0.5256
vn -0.7745 -0.3204 -0.5454
vn -0.8233 -0.2987 -0.4827
vn -0.8112 -0.2976 -0.5034
vn -0.8566 -0.2751 -0.4365
vn -0.8457 -0.2741 -0.4579
vn -0.8875 -0.2508 -0.3867
vn -0.8780 -0.2499 -0.4083
vn -0.9153 -0.2261 -0.3332
vn -0.9073 -0.2253 -0.3549
vn -0.9392 -0.2016 -0.2780
vn -0.9327 -0.2008 -0.2995
vn -0.9590 -0.1774 -0.2211
vn -0.9540 -0.1767 -0.2423
vn -0.9746 -0.1537 -0.1626
vn -0.9711 -0.1529 -0.1833
vn -0.9854 -0.1319 -0.1077
vn -0.9832 -0.1309 -0.1273
vn -0.9890 -0.1200 -0.0862
vn -0.9876 -0.1187 -0.1030
vn -0.9913 -0.1108 -0.0714
vn -0.9903 -0.1095 -0.0855
vn -0.9930 -0.1032 -0.0583
vn -0.9928 -0.1029 -0.0605
vn -0.9925 -0.1022 -0.0675
vn -0.9923 -0.1019 -0.0698
vn -0.9943 -0.0967 -0.0458
vn -0.9942 -0.0965 -0.0476
vn -0.9940 -0.0958 -0.0531
vn -0.9939 -0.0956 -0.0548
vn -0.9953 -0.0906 -0.0328
vn -0.9952 -0.0899 -0.0380
vn -0.7416 -0.3715 -0.5586
vn -0.7265 -0.3702 -0.5789
vn -0.7796 -0.3485 -0.5204
vn -0.7653 -0.3474 -0.5418
vn -0.8153 -0.3247 -0.4794
vn -0.8021 -0.3239 -0.5017
vn -0.8489 -0.3003 -0.4349
vn -0.8370 -0.2996 -0.4579
vn -0.8803 -0.2750 -0.3866
vn -0.8698 -0.2746 -0.4099
vn -0.9088 -0.2493 -0.3347
vn -0.8999 -0.2490 -0.3580
vn -0.9333 -0.2238 -0.2807
vn -0.9261 -0.2235 -0.3039
vn -0.9539 -0.1986 -0.2251
vn -0.9483 -0.1983 -0.2479
vn -0.9704 -0.1738 -0.1678
vn -0.9663 -0.1735 -0.1899
vn -0.9820 -0.1509 -0.1136
vn -0.9794 -0.1503 -0.1346
vn -0.9862 -0.1380 -0.0911
vn -0.9845 -0.1371 -0.1092
vn -0.9889 -0.1280 -0.0751
vn -0.9878 -0.1270 -0.0902
vn -0.9909 -0.1197 -0.0609
vn -0.9908 -0.1196 -0.0633
vn -0.9904 -0.1190 -0.0707
vn -0.9902 -0.1187 -0.0732
vn -0.9925 -0.1126 -0.0474
vn -0.9924 -0.1124 -0.0493
vn -0.9922 -0.1118 -0.0550
vn -0.9921 -0.1116 -0.0570
vn -0.9938 -0.1061 -0.0319
vn -0.9938 -0.1059 -0.0333
vn -0.9937 -0.1055 -0.0374
vn -0.9937 -0.1053 -0.0388
vn -0.7323 -0.4005 -0.5507
vn -0.7159 -0.3996 -0.5726
vn -0.7702 -0.3770 -0.5145
vn -0.7546 -0.3763 -0.5376
vn -0.8061 -0.3526 -0.4754
vn -0.7916 -0.3522 -0.4994
vn -0.8400 -0.3274 -0.4327
vn -0.8269 -0.3272 -0.4574
vn -0.8719 -0.3014 -0.3861
vn -0.8603 -0.3014 -0.4112
vn -0.9010 -0.2747 -0.3356
vn -0.8912 -0.2750 -0.3608
vn -0.9264 -0.2482 -0.2831
vn -0.9183 -0.2485 -0.3080
vn -0.9478 -0.2220 -0.2288
vn -0.9415 -0.2223 -0.2532
vn -0.9653 -0.1962 -0.1726
vn -0.9606 -0.1965 -0.1964
vn -0.9778 -0.1722 -0.1193
vn -0.9748 -0.1722 -0.1418
vn -0.9827 -0.1583 -0.0957
vn -0.9807 -0.1579 -0.1151
vn -0.9860 -0.1475 -0.0784
vn -0.9846 -0.1468 -0.0947
vn -0.9884 -0.1384 -0.0630
vn -0.9882 -0.1382 -0.0656
vn -0.9877 -0.1378 -0.0736
vn -0.9875 -0.1376 -0.0763
vn -0.9902 -0.1306 -0.0484
vn -0.9902 -0.1305 -0.0505
vn -0.9899 -0.1300 -0.0567
vn -0.9898 -0.1299 -0.0588
vn -0.9918 -0.1235 -0.0318
vn -0.9918 -0.1233 -0.0333
vn -0.9917 -0.1229 -0.0376
vn -0.9917 -0.1228 -0.0392
vn -0.6724 -0.3588 -0.6475
vn -0.4683 -0.6892 -0.5529
vn -0.4658 -0.6627 -0.5864
vn -0.4939 -0.6646 -0.5607
vn -0.4885 -0.6238 -0.6101
vn -0.5137 -0.6257 -0.5871
vn -0.5069 -0.5864 -0.6318
vn -0.5297 -0.5883 -0.6110
vn -0.5219 -0.5504 -0.6517
vn -0.5427 -0.5524 -0.6328
vn -0.5342 -0.5161 -0.6696
vn -0.5533 -0.5181 -0.6523
vn -0.5443 -0.4834 -0.6856
vn -0.5619 -0.4856 -0.6697
vn -0.5527 -0.4523 -0.7000
vn -0.5688 -0.4545 -0.6855
vn -0.5594 -0.4223 -0.7133
vn -0.5742 -0.4246 -0.7000
vn -0.5648 -0.3934 -0.7255
vn -0.5784 -0.3957 -0.7133
vn -0.5130 -0.6804 -0.5233
vn -0.5130 -0.6807 -0.5229
vn -0.5097 -0.6799 -0.5272
vn -0.5091 -0.6799 -0.5278
vn -0.5086 -0.6796 -0.5286
vn -0.5064 -0.6443 -0.5731
vn -0.5347 -0.6456 -0.5452
vn -0.5303 -0.6048 -0.5942
vn -0.5556 -0.6061 -0.5691
vn -0.5497 -0.5669 -0.6136
vn -0.5726 -0.5683 -0.5908
vn -0.5656 -0.5307 -0.6312
vn -0.5866 -0.5322 -0.6105
vn -0.5789 -0.4963 -0.6470
vn -0.5981 -0.4980 -0.6279
vn -0.5899 -0.4640 -0.6608
vn -0.6076 -0.4658 -0.6433
vn -0.5992 -0.4332 -0.6733
vn -0.6154 -0.4352 -0.6572
vn -0.6068 -0.4038 -0.6847
vn -0.6217 -0.4059 -0.6699
vn -0.6130 -0.3755 -0.6951
vn -0.6268 -0.3777 -0.6815
vn -0.3999 -0.7389 -0.5423
vn -0.4334 -0.7133 -0.5507
vn -0.4324 -0.7138 -0.5509
vn -0.3866 -0.7223 -0.5734
vn -0.3829 -0.6960 -0.6074
vn -0.4095 -0.6989 -0.5863
vn -0.4024 -0.6584 -0.6360
vn -0.4263 -0.6612 -0.6174
vn -0.4179 -0.6218 -0.6623
vn -0.4394 -0.6245 -0.6457
vn -0.4302 -0.5862 -0.6865
vn -0.4498 -0.5888 -0.6715
vn -0.4399 -0.5518 -0.7085
vn -0.4578 -0.5544 -0.6950
vn -0.4476 -0.5187 -0.7284
vn -0.4640 -0.5213 -0.7162
vn -0.4535 -0.4868 -0.7466
vn -0.4685 -0.4894 -0.7355
vn -0.4578 -0.4558 -0.7633
vn -0.4716 -0.4583 -0.7533
vn -0.4608 -0.4256 -0.7788
vn -0.4735 -0.4281 -0.7698
vn -0.3059 -0.7501 -0.5863
vn -0.3013 -0.7238 -0.6207
vn -0.3249 -0.7274 -0.6044
vn -0.3165 -0.6872 -0.6539
vn -0.3376 -0.6905 -0.6398
vn -0.3281 -0.6511 -0.6844
vn -0.3470 -0.6542 -0.6720
vn -0.3367 -0.6157 -0.7124
vn -0.3537 -0.6187 -0.7015
vn -0.3429 -0.5812 -0.7380
vn -0.3584 -0.5841 -0.7283
vn -0.3472 -0.5476 -0.7613
vn -0.3613 -0.5504 -0.7527
vn -0.3499 -0.5148 -0.7826
vn -0.3626 -0.5175 -0.7750
vn -0.3607 -0.4849 -0.7967
vn -0.3511 -0.4828 -0.8023
vn -0.3530 -0.4832 -0.8012
vn -0.3626 -0.4853 -0.7956
vn -0.3598 -0.4534 -0.8155
vn -0.3510 -0.4514 -0.8204
vn -0.3528 -0.4518 -0.8194
vn -0.3615 -0.4538 -0.8145
vn -0.3546 -0.7461 -0.5635
vn -0.3546 -0.7465 -0.5631
vn -0.3493 -0.7442 -0.5694
vn -0.3482 -0.7445 -0.5695
vn -0.3472 -0.7441 -0.5707
vn -0.3420 -0.7106 -0.6148
vn -0.3673 -0.7139 -0.5962
vn -0.3595 -0.6736 -0.6458
vn -0.3821 -0.6766 -0.6294
vn -0.3731 -0.6372 -0.6743
vn -0.3935 -0.6402 -0.6598
vn -0.3837 -0.6018 -0.7005
vn -0.4022 -0.6046 -0.6875
vn -0.3917 -0.5673 -0.7243
vn -0.4086 -0.5701 -0.7127
vn -0.3978 -0.5340 -0.7460
vn -0.4133 -0.5367 -0.7356
vn -0.4022 -0.5017 -0.7659
vn -0.4163 -0.5043 -0.7565
vn -0.4051 -0.4701 -0.7841
vn -0.4179 -0.4727 -0.7758
vn -0.4164 -0.4415 -0.7948
vn -0.4066 -0.4394 -0.8010
vn -0.4086 -0.4399 -0.7997
vn -0.4183 -0.4419 -0.7936
vn -0.4244 -0.6800 -0.5979
vn -0.4519 -0.6824 -0.5745
vn -0.4456 -0.6418 -0.6241
vn -0.4703 -0.6441 -0.6032
vn -0.4627 -0.6048 -0.6482
vn -0.4850 -0.6071 -0.6294
vn -0.4764 -0.5690 -0.6702
vn -0.4968 -0.5713 -0.6532
vn -0.4876 -0.5347 -0.6902
vn -0.5063 -0.5370 -0.6748
vn -0.4966 -0.5018 -0.7082
vn -0.5138 -0.5042 -0.6941
vn -0.5038 -0.4703 -0.7246
vn -0.5196 -0.4727 -0.7118
vn -0.5094 -0.4397 -0.7397
vn -0.5239 -0.4422 -0.7280
vn -0.5137 -0.4102 -0.7535
vn -0.5270 -0.4126 -0.7429
vn -0.2627 -0.6015 -0.7545
vn -0.2621 -0.5705 -0.7784
vn -0.2531 -0.5683 -0.7830
vn -0.2548 -0.5687 -0.7821
vn -0.2638 -0.5709 -0.7775
vn -0.2608 -0.5367 -0.8025
vn -0.2529 -0.5346 -0.8064
vn -0.2544 -0.5350 -0.8056
vn -0.2623 -0.5370 -0.8017
vn -0.2584 -0.5034 -0.8245
vn -0.2514 -0.5015 -0.8278
vn -0.2528 -0.5019 -0.8272
vn -0.2598 -0.5037 -0.8239
vn -0.2549 -0.4705 -0.8448
vn -0.2488 -0.4689 -0.8475
vn -0.2501 -0.4692 -0.8469
vn -0.2561 -0.4709 -0.8442
vn -0.1975 -0.6870 -0.6993
vn -0.1992 -0.6540 -0.7298
vn -0.1902 -0.6517 -0.7342
vn -0.1919 -0.6522 -0.7334
vn -0.2009 -0.6544 -0.7289
vn -0.2005 -0.6181 -0.7601
vn -0.1925 -0.6160 -0.7639
vn -0.1941 -0.6164 -0.7632
vn -0.2021 -0.6185 -0.7593
vn -0.2005 -0.5828 -0.7875
vn -0.1934 -0.5808 -0.7907
vn -0.1948 -0.5812 -0.7901
vn -0.2019 -0.5831 -0.7869
vn -0.1995 -0.5480 -0.8124
vn -0.1931 -0.5461 -0.8151
vn -0.1944 -0.5465 -0.8146
vn -0.2007 -0.5483 -0.8118
vn -0.1975 -0.5137 -0.8350
vn -0.1918 -0.5120 -0.8373
vn -0.1929 -0.5123 -0.8368
vn -0.1986 -0.5140 -0.8345
vn -0.1946 -0.4799 -0.8555
vn -0.1897 -0.4784 -0.8574
vn -0.1907 -0.4787 -0.8570
vn -0.1956 -0.4802 -0.8551
vn -0.2156 -0.7730 -0.5966
vn -0.2109 -0.7465 -0.6310
vn -0.2303 -0.7555 -0.6133
vn -0.2211 -0.7104 -0.6681
vn -0.2384 -0.7188 -0.6531
vn -0.2283 -0.6745 -0.7020
vn -0.2438 -0.6823 -0.6893
vn -0.2331 -0.6390 -0.7330
vn -0.2470 -0.6462 -0.7221
vn -0.2330 -0.6127 -0.7552
vn -0.2386 -0.6141 -0.7523
vn -0.2352 -0.6132 -0.7541
vn -0.2320 -0.6124 -0.7557
vn -0.2304 -0.5771 -0.7835
vn -0.2222 -0.5749 -0.7874
vn -0.2238 -0.5754 -0.7867
vn -0.2319 -0.5775 -0.7828
vn -0.2292 -0.5427 -0.8081
vn -0.2220 -0.5407 -0.8114
vn -0.2234 -0.5411 -0.8107
vn -0.2306 -0.5431 -0.8074
vn -0.2271 -0.5089 -0.8304
vn -0.2206 -0.5071 -0.8332
vn -0.2219 -0.5074 -0.8326
vn -0.2283 -0.5092 -0.8298
vn -0.2239 -0.4756 -0.8507
vn -0.2183 -0.4740 -0.8530
vn -0.2194 -0.4744 -0.8526
vn -0.2250 -0.4759 -0.8502
vn -0.1292 -0.7358 -0.6647
vn -0.1313 -0.7015 -0.7005
vn -0.1244 -0.6996 -0.7036
vn -0.1258 -0.7000 -0.7030
vn -0.1326 -0.7018 -0.6999
vn -0.1332 -0.6648 -0.7351
vn -0.1271 -0.6630 -0.7378
vn -0.1283 -0.6634 -0.7372
vn -0.1344 -0.6650 -0.7346
vn -0.1341 -0.6283 -0.7664
vn -0.1286 -0.6266 -0.7686
vn -0.1297 -0.6269 -0.7682
vn -0.1352 -0.6286 -0.7659
vn -0.1341 -0.5922 -0.7946
vn -0.1292 -0.5907 -0.7965
vn -0.1302 -0.5910 -0.7961
vn -0.1350 -0.5925 -0.7941
vn -0.1332 -0.5567 -0.8200
vn -0.1289 -0.5553 -0.8216
vn -0.1298 -0.5556 -0.8212
vn -0.1341 -0.5569 -0.8196
vn -0.1318 -0.5215 -0.8430
vn -0.1279 -0.5203 -0.8443
vn -0.1288 -0.5205 -0.8441
vn -0.1326 -0.5218 -0.8427
vn -0.1297 -0.4870 -0.8637
vn -0.1264 -0.4859 -0.8648
vn -0.1271 -0.4862 -0.8646
vn -0.1304 -0.4872 -0.8635
vn -0.0526 -0.8169 -0.5744
vn -0.0547 -0.7820 -0.6209
vn -0.0509 -0.7809 -0.6226
vn -0.0516 -0.7811 -0.6222
vn -0.0555 -0.7822 -0.6206
vn -0.0569 -0.7452 -0.6644
vn -0.0535 -0.7442 -0.6658
vn -0.0542 -0.7444 -0.6655
vn -0.0576 -0.7454 -0.6641
vn -0.0584 -0.7082 -0.7036
vn -0.0553 -0.7072 -0.7048
vn -0.0560 -0.7075 -0.7045
vn -0.0590 -0.7084 -0.7033
vn -0.0593 -0.6712 -0.7389
vn -0.0565 -0.6703 -0.7399
vn -0.0571 -0.6705 -0.7397
vn -0.0599 -0.6714 -0.7387
vn -0.0597 -0.6345 -0.7706
vn -0.0573 -0.6336 -0.7715
vn -0.0578 -0.6338 -0.7713
vn -0.0603 -0.6347 -0.7704
vn -0.0598 -0.5980 -0.7993
vn -0.0576 -0.5973 -0.8000
vn -0.0581 -0.5974 -0.7998
vn -0.0603 -0.5982 -0.7991
vn -0.0594 -0.5620 -0.8250
vn -0.0575 -0.5613 -0.8256
vn -0.0579 -0.5615 -0.8255
vn -0.0599 -0.5622 -0.8248
vn -0.0590 -0.5265 -0.8481
vn -0.0571 -0.5258 -0.8487
vn -0.0574 -0.5259 -0.8486
vn -0.0593 -0.5266 -0.8480
vn -0.0580 -0.4914 -0.8690
vn -0.0564 -0.4908 -0.8695
vn -0.0566 -0.4909 -0.8694
vn -0.0583 -0.4915 -0.8689
vn -0.1701 -0.9680 -0.1846
vn -0.1514 -0.9682 -0.1994
vn -0.1339 -0.9723 -0.1914
vn -0.1156 -0.9723 -0.2034
vn -0.1010 -0.9758 -0.1940
vn -0.0848 -0.9756 -0.2024
vn -0.0629 -0.9808 -0.1844
vn -0.0619 -0.9806 -0.1861
vn -0.0627 -0.9808 -0.1846
vn -0.0616 -0.9805 -0.1866
vn -0.0381 -0.9805 -0.1927
vn -0.0390 -0.9652 -0.2585
vn -0.0511 -0.9676 -0.2474
vn -0.0517 -0.9403 -0.3363
vn -0.0642 -0.9437 -0.3244
vn -0.0640 -0.9115 -0.4064
vn -0.0761 -0.9156 -0.3947
vn -0.0748 -0.8795 -0.4700
vn -0.0865 -0.8842 -0.4590
vn -0.0843 -0.8453 -0.5276
vn -0.0953 -0.8504 -0.5175
vn -0.0923 -0.8098 -0.5794
vn -0.1026 -0.8149 -0.5704
vn -0.1035 -0.7761 -0.6221
vn -0.0989 -0.7736 -0.6260
vn -0.1036 -0.7761 -0.6220
vn -0.1082 -0.7785 -0.6182
vn -0.0961 -0.7432 -0.6622
vn -0.1047 -0.7455 -0.6582
vn -0.1045 -0.7452 -0.6585
vn -0.0944 -0.7427 -0.6629
vn -0.0956 -0.7055 -0.7022
vn -0.0906 -0.7040 -0.7044
vn -0.0916 -0.7043 -0.7039
vn -0.0966 -0.7058 -0.7018
vn -0.0970 -0.6686 -0.7372
vn -0.0925 -0.6672 -0.7391
vn -0.0934 -0.6675 -0.7387
vn -0.0979 -0.6689 -0.7369
vn -0.0977 -0.6320 -0.7688
vn -0.0936 -0.6307 -0.7704
vn -0.0944 -0.6310 -0.7701
vn -0.0985 -0.6322 -0.7685
vn -0.0977 -0.5956 -0.7973
vn -0.0941 -0.5945 -0.7986
vn -0.0949 -0.5947 -0.7983
vn -0.0984 -0.5959 -0.7970
vn -0.0971 -0.5599 -0.8229
vn -0.0939 -0.5588 -0.8240
vn -0.0946 -0.5590 -0.8237
vn -0.0978 -0.5601 -0.8227
vn -0.0960 -0.5245 -0.8460
vn -0.0932 -0.5235 -0.8469
vn -0.0938 -0.5238 -0.8467
vn -0.0966 -0.5247 -0.8458
vn -0.0945 -0.4895 -0.8669
vn -0.0920 -0.4887 -0.8676
vn -0.0925 -0.4888 -0.8675
vn -0.0951 -0.4897 -0.8667
vn -0.1787 -0.9838 0.0136
vn -0.2018 -0.9787 -0.0367
vn -0.1903 -0.9803 -0.0530
vn -0.2088 -0.9722 -0.1058
vn -0.1948 -0.9732 -0.1222
vn -0.2080 -0.9627 -0.1733
vn -0.1901 -0.9632 -0.1902
vn -0.1976 -0.9524 -0.2321
vn -0.1753 -0.9526 -0.2486
vn -0.1788 -0.9432 -0.2801
vn -0.1527 -0.9432 -0.2950
vn -0.1539 -0.9349 -0.3199
vn -0.1269 -0.9349 -0.3314
vn -0.1272 -0.9269 -0.3530
vn -0.1034 -0.9272 -0.3601
vn -0.1032 -0.9037 -0.4155
vn -0.1222 -0.9102 -0.3958
vn -0.1203 -0.8701 -0.4780
vn -0.1386 -0.8772 -0.4596
vn -0.1351 -0.8346 -0.5341
vn -0.1525 -0.8421 -0.5173
vn -0.1476 -0.7982 -0.5841
vn -0.1639 -0.8058 -0.5691
vn -0.1578 -0.7616 -0.6285
vn -0.1726 -0.7690 -0.6155
vn -0.1656 -0.7253 -0.6682
vn -0.1788 -0.7321 -0.6573
vn -0.1679 -0.6970 -0.6972
vn -0.1728 -0.6982 -0.6947
vn -0.1728 -0.6979 -0.6950
vn -0.1669 -0.6967 -0.6976
vn -0.1676 -0.6598 -0.7325
vn -0.1600 -0.6577 -0.7361
vn -0.1615 -0.6581 -0.7354
vn -0.1691 -0.6602 -0.7318
vn -0.1687 -0.6235 -0.7634
vn -0.1619 -0.6217 -0.7664
vn -0.1633 -0.6220 -0.7658
vn -0.1700 -0.6239 -0.7627
vn -0.1687 -0.5878 -0.7912
vn -0.1626 -0.5861 -0.7938
vn -0.1638 -0.5864 -0.7933
vn -0.1699 -0.5882 -0.7907
vn -0.1677 -0.5527 -0.8163
vn -0.1623 -0.5510 -0.8185
vn -0.1634 -0.5514 -0.8181
vn -0.1688 -0.5530 -0.8159
vn -0.1659 -0.5179 -0.8392
vn -0.1612 -0.5165 -0.8410
vn -0.1622 -0.5168 -0.8406
vn -0.1669 -0.5182 -0.8388
vn -0.1635 -0.4837 -0.8598
vn -0.1593 -0.4824 -0.8614
vn -0.1601 -0.4827 -0.8611
vn -0.1643 -0.4840 -0.8595
vn -0.6587 -0.3567 -0.6624
vn -0.6666 -0.3862 -0.6376
vn -0.6518 -0.3843 -0.6538
vn -0.6595 -0.4149 -0.6268
vn -0.6435 -0.4131 -0.6444
vn -0.6510 -0.4450 -0.6149
vn -0.6336 -0.4435 -0.6340
vn -0.6409 -0.4769 -0.6015
vn -0.6218 -0.4756 -0.6222
vn -0.6287 -0.5111 -0.5861
vn -0.6079 -0.5099 -0.6086
vn -0.6141 -0.5473 -0.5687
vn -0.5912 -0.5464 -0.5932
vn -0.5963 -0.5854 -0.5493
vn -0.5710 -0.5847 -0.5763
vn -0.5746 -0.6256 -0.5278
vn -0.5463 -0.6249 -0.5578
vn -0.5475 -0.6519 -0.5246
vn -0.5900 -0.6397 -0.4926
vn -0.5911 -0.6391 -0.4922
vn -0.5909 -0.6390 -0.4924
vn -0.5543 -0.6700 -0.4937
vn -0.5529 -0.6915 -0.4649
vn -0.4969 -0.7052 -0.5057
vn -0.4794 -0.7265 -0.4922
vn -0.4395 -0.7348 -0.5166
vn -0.4012 -0.7586 -0.5135
vn -0.4008 -0.7583 -0.5140
vn -0.3423 -0.7673 -0.5423
vn -0.3420 -0.7641 -0.5470
vn -0.3422 -0.7667 -0.5431
vn -0.3419 -0.7635 -0.5478
vn -0.2765 -0.7719 -0.5725
vn -0.2668 -0.7681 -0.5821
vn -0.2607 -0.7356 -0.6252
vn -0.2822 -0.7393 -0.6114
vn -0.2734 -0.6992 -0.6606
vn -0.2924 -0.7027 -0.6486
vn -0.2826 -0.6633 -0.6929
vn -0.2996 -0.6665 -0.6826
vn -0.2890 -0.6279 -0.7226
vn -0.3043 -0.6310 -0.7137
vn -0.2932 -0.5933 -0.7497
vn -0.3069 -0.5961 -0.7419
vn -0.2955 -0.5594 -0.7745
vn -0.3079 -0.5621 -0.7677
vn -0.3056 -0.5283 -0.7922
vn -0.2963 -0.5262 -0.7971
vn -0.2982 -0.5266 -0.7961
vn -0.3074 -0.5287 -0.7912
vn -0.3040 -0.4956 -0.8136
vn -0.2956 -0.4936 -0.8179
vn -0.2973 -0.4940 -0.8171
vn -0.3056 -0.4960 -0.8128
vn -0.3012 -0.4635 -0.8333
vn -0.2938 -0.4617 -0.8370
vn -0.2953 -0.4621 -0.8363
vn -0.3027 -0.4639 -0.8326
vn -0.2312 -0.8963 0.3785
vn -0.2851 -0.8497 0.4436
vn -0.3025 -0.8762 0.3753
vn -0.3715 -0.8170 0.4410
vn -0.3875 -0.8503 0.3562
vn -0.4702 -0.7784 0.4160
vn -0.4835 -0.8158 0.3175
vn -0.5676 -0.7413 0.3583
vn -0.5751 -0.7729 0.2682
vn -0.6498 -0.7038 0.2869
vn -0.6515 -0.7253 0.2223
vn -0.7144 -0.6623 0.2256
vn -0.7130 -0.6792 0.1740
vn -0.7647 -0.6225 0.1664
vn -0.7601 -0.6399 0.1130
vn -0.8017 -0.5899 0.0970
vn -0.7941 -0.6059 0.0478
vn -0.8257 -0.5635 0.0266
vn -0.8168 -0.5768 -0.0131
vn -0.8393 -0.5424 -0.0358
vn -0.8253 -0.5587 -0.0825
vn -0.8400 -0.5325 -0.1039
vn -0.8206 -0.5505 -0.1535
vn -0.8360 -0.5165 -0.1853
vn -0.8415 -0.5163 -0.1592
vn -0.8565 -0.4783 -0.1939
vn -0.8618 -0.4784 -0.1688
vn -0.8753 -0.4382 -0.2047
vn -0.8496 -0.4587 -0.2603
vn -0.8644 -0.4529 -0.2182
vn -0.8183 -0.4861 -0.3066
vn -0.8363 -0.4807 -0.2637
vn -0.7839 -0.5130 -0.3499
vn -0.8048 -0.5082 -0.3067
vn -0.7467 -0.5391 -0.3896
vn -0.7703 -0.5351 -0.3468
vn -0.7086 -0.5639 -0.4242
vn -0.7345 -0.5607 -0.3822
vn -0.6703 -0.5873 -0.4537
vn -0.6980 -0.5850 -0.4130
vn -0.6319 -0.6094 -0.4788
vn -0.6611 -0.6080 -0.4397
vn -0.5935 -0.6305 -0.5002
vn -0.6237 -0.6299 -0.4629
vn -0.5862 -0.6420 -0.4942
vn -0.5857 -0.6045 -0.5400
vn -0.6135 -0.6046 -0.5080
vn -0.6110 -0.5636 -0.5559
vn -0.6358 -0.5638 -0.5271
vn -0.6318 -0.5248 -0.5705
vn -0.6541 -0.5253 -0.5442
vn -0.6489 -0.4882 -0.5836
vn -0.6693 -0.4889 -0.5595
vn -0.6633 -0.4538 -0.5950
vn -0.6819 -0.4548 -0.5728
vn -0.6755 -0.4220 -0.6047
vn -0.6926 -0.4232 -0.5841
vn -0.6859 -0.3921 -0.6130
vn -0.7016 -0.3936 -0.5940
vn -0.6947 -0.3638 -0.6205
vn -0.7091 -0.3655 -0.6029
vn -0.7022 -0.3369 -0.6272
vn -0.7154 -0.3389 -0.6110
vn -0.0571 -0.4568 -0.8877
vn -0.0568 -0.4567 -0.8878
vn -0.0557 -0.4563 -0.8881
vn -0.0554 -0.4562 -0.8881
vn -0.0931 -0.4553 -0.8855
vn -0.0925 -0.4551 -0.8856
vn -0.0910 -0.4545 -0.8861
vn -0.0905 -0.4544 -0.8862
vn -0.1278 -0.4531 -0.8823
vn -0.1272 -0.4529 -0.8825
vn -0.1249 -0.4521 -0.8832
vn -0.1243 -0.4519 -0.8834
vn -0.1610 -0.4502 -0.8783
vn -0.1603 -0.4499 -0.8786
vn -0.1575 -0.4490 -0.8795
vn -0.1567 -0.4488 -0.8798
vn -0.1919 -0.4469 -0.8738
vn -0.1910 -0.4466 -0.8741
vn -0.1876 -0.4456 -0.8754
vn -0.1868 -0.4453 -0.8757
vn -0.2210 -0.4431 -0.8688
vn -0.2200 -0.4428 -0.8692
vn -0.2161 -0.4416 -0.8708
vn -0.2151 -0.4414 -0.8712
vn -0.2516 -0.4387 -0.8627
vn -0.2505 -0.4384 -0.8631
vn -0.2464 -0.4372 -0.8649
vn -0.2453 -0.4369 -0.8654
vn -0.2988 -0.4323 -0.8508
vn -0.2974 -0.4320 -0.8514
vn -0.2923 -0.4306 -0.8539
vn -0.2910 -0.4303 -0.8545
vn -0.3593 -0.4229 -0.8319
vn -0.3577 -0.4226 -0.8328
vn -0.3515 -0.4211 -0.8362
vn -0.3499 -0.4207 -0.8370
vn -0.4177 -0.4117 -0.8100
vn -0.4160 -0.4113 -0.8111
vn -0.4089 -0.4097 -0.8155
vn -0.4071 -0.4093 -0.8166
vn -0.4742 -0.3987 -0.7850
vn -0.4626 -0.3962 -0.7931
vn -0.5290 -0.3840 -0.7568
vn -0.5168 -0.3816 -0.7663
vn -0.5815 -0.3679 -0.7256
vn -0.5689 -0.3655 -0.7367
vn -0.6307 -0.3507 -0.6922
vn -0.6181 -0.3484 -0.7047
vn -0.6770 -0.3326 -0.6565
vn -0.6645 -0.3304 -0.6702
vn -0.7207 -0.3136 -0.6183
vn -0.7085 -0.3115 -0.6332
vn -0.7619 -0.2937 -0.5773
vn -0.7502 -0.2917 -0.5934
vn -0.8004 -0.2731 -0.5337
vn -0.7893 -0.2713 -0.5508
vn -0.8360 -0.2520 -0.4874
vn -0.8259 -0.2502 -0.5052
vn -0.8690 -0.2303 -0.4380
vn -0.8599 -0.2287 -0.4564
vn -0.8991 -0.2082 -0.3851
vn -0.8912 -0.2066 -0.4038
vn -0.9259 -0.1857 -0.3289
vn -0.9194 -0.1842 -0.3476
vn -0.9486 -0.1635 -0.2711
vn -0.9433 -0.1620 -0.2896
vn -0.9670 -0.1417 -0.2118
vn -0.9630 -0.1402 -0.2301
vn -0.9812 -0.1203 -0.1511
vn -0.9784 -0.1188 -0.1690
vn -0.9904 -0.1008 -0.0946
vn -0.9888 -0.0990 -0.1117
vn -0.9930 -0.0907 -0.0751
vn -0.9920 -0.0888 -0.0898
vn -0.9945 -0.0826 -0.0650
vn -0.9939 -0.0813 -0.0750
vn -0.9977 -0.0647 -0.0183
vn -0.9972 -0.0725 -0.0168
vn -0.9962 -0.0853 -0.0179
vn -0.9962 -0.0855 -0.0161
vn -0.9962 -0.0850 -0.0190
vn -0.9949 -0.0998 -0.0175
vn -0.9949 -0.1003 -0.0143
vn -0.9949 -0.1001 -0.0151
vn -0.9948 -0.0997 -0.0183
vn -0.9930 -0.1167 -0.0162
vn -0.9930 -0.1170 -0.0129
vn -0.9930 -0.1169 -0.0138
vn -0.9930 -0.1166 -0.0172
vn -0.9905 -0.1367 -0.0142
vn -0.9905 -0.1370 -0.0105
vn -0.9905 -0.1370 -0.0115
vn -0.9905 -0.1367 -0.0152
vn -0.9868 -0.1615 -0.0108
vn -0.9868 -0.1617 -0.0069
vn -0.9868 -0.1617 -0.0080
vn -0.9868 -0.1615 -0.0119
vn -0.9816 -0.1910 -0.0062
vn -0.9816 -0.1910 -0.0019
vn -0.9816 -0.1910 -0.0032
vn -0.9816 -0.1909 -0.0075
vn -0.9745 -0.2246 -0.0007
vn -0.9745 -0.2245 0.0042
vn -0.9745 -0.2245 0.0028
vn -0.9744 -0.2246 -0.0021
vn -0.9647 -0.2632 0.0059
vn -0.9647 -0.2629 0.0113
vn -0.9647 -0.2630 0.0096
vn -0.9647 -0.2633 0.0042
vn -0.9541 -0.2993 0.0135
vn -0.9539 -0.2997 0.0170
vn -0.9539 -0.2996 0.0162
vn -0.9541 -0.2992 0.0127
vn -0.9440 -0.3293 0.0198
vn -0.9438 -0.3297 0.0234
vn -0.9438 -0.3296 0.0226
vn -0.9441 -0.3292 0.0189
vn -0.9300 -0.3650 0.0438
vn -0.9309 -0.3640 0.0312
vn -0.9307 -0.3642 0.0337
vn -0.9299 -0.3651 0.0449
vn -0.9169 -0.3954 0.0544
vn -0.9188 -0.3822 0.0982
vn -0.9163 -0.3833 0.1159
vn -0.9162 -0.3838 0.1154
vn -0.9176 -0.3778 0.1233
vn -0.9179 -0.3765 0.1251
vn -0.9171 -0.3695 0.1496
vn -0.9313 -0.3329 0.1478
vn -0.9298 -0.3275 0.1678
vn -0.9400 -0.2966 0.1686
vn -0.9360 -0.2882 0.2019
vn -0.9360 -0.2749 0.2198
vn -0.9367 -0.2757 0.2159
vn -0.9361 -0.2750 0.2191
vn -0.9367 -0.2759 0.2156
vn -0.9469 -0.2311 0.2236
vn -0.9385 -0.2227 0.2637
vn -0.9428 -0.1927 0.2719
vn -0.9282 -0.1826 0.3242
vn -0.9297 -0.1583 0.3325
vn -0.9088 -0.1481 0.3901
vn -0.9084 -0.1286 0.3978
vn -0.9060 -0.1277 0.4035
vn -0.9054 -0.1276 0.4048
vn -0.9051 -0.1274 0.4056
vn -0.8888 -0.1084 0.4454
vn 0.9830 -0.1821 0.0223
vn 0.9832 -0.1758 0.0488
vn 0.9763 -0.2092 0.0552
vn 0.9757 -0.2020 0.0852
vn 0.9662 -0.2416 0.0899
vn 0.9645 -0.2332 0.1240
vn 0.9539 -0.2723 0.1259
vn 0.9511 -0.2637 0.1607
vn 0.9409 -0.2984 0.1599
vn 0.9361 -0.2879 0.2020
vn 0.9233 -0.3292 0.1980
vn 0.9156 -0.3164 0.2482
vn 0.8998 -0.3645 0.2399
vn 0.8845 -0.3444 0.3146
vn 0.8663 -0.3990 0.3004
vn 0.8448 -0.3750 0.3818
vn 0.8240 -0.4359 0.3620
vn 0.7973 -0.4089 0.4440
vn 0.7738 -0.4758 0.4182
vn 0.7433 -0.4465 0.4981
vn 0.7168 -0.5185 0.4663
vn 0.6852 -0.4884 0.5404
vn 0.6607 -0.5515 0.5092
vn 0.6289 -0.5573 0.5422
vn 0.5986 -0.6216 0.5053
vn 0.5467 -0.5704 0.6130
vn 0.5041 -0.6666 0.5491
vn 0.4484 -0.6149 0.6487
vn 0.4066 -0.7127 0.5716
vn 0.3524 -0.6656 0.6579
vn 0.3130 -0.7590 0.5709
vn 0.2695 -0.7254 0.6333
vn 0.2351 -0.8031 0.5475
vn 0.2005 -0.7824 0.5897
vn 0.1741 -0.8400 0.5139
vn 0.1493 -0.8297 0.5379
vn 0.1029 -0.8532 0.5114
vn 0.1232 -0.8509 0.5106
vn 0.0951 -0.9053 0.4140
vn 0.0650 -0.8981 0.4351
vn 0.0442 -0.9390 0.3409
vn 0.0230 -0.9364 0.3503
vn 0.0109 -0.9644 0.2642
vn 0.0277 -0.7975 0.6027
vn 0.0216 -0.8452 0.5339
vn 0.0246 -0.8468 0.5314
vn 0.0229 -0.8459 0.5328
vn 0.0213 -0.8451 0.5342
vn 0.0149 -0.8979 0.4400
vn 0.0169 -0.8985 0.4387
vn 0.0166 -0.8983 0.4390
vn 0.0144 -0.8978 0.4403
vn 0.0084 -0.9364 0.3507
vn 0.0101 -0.9367 0.3500
vn 0.0097 -0.9366 0.3501
vn 0.0079 -0.9364 0.3509
vn 0.0038 -0.9640 0.2657
vn -0.0002 -0.9641 0.2657
vn -0.0302 -0.7243 0.6888
vn -0.0348 -0.7368 0.6752
vn -0.0338 -0.7591 0.6501
vn -0.0444 -0.7774 0.6275
vn -0.0274 -0.7976 0.6026
vn -0.0216 -0.8468 0.5316
vn -0.0244 -0.8456 0.5333
vn -0.0228 -0.8462 0.5323
vn -0.0213 -0.8468 0.5314
vn -0.0151 -0.8984 0.4389
vn -0.0171 -0.8980 0.4396
vn -0.0167 -0.8980 0.4396
vn -0.0147 -0.8985 0.4387
vn -0.0106 -0.9365 0.3504
vn -0.0083 -0.9367 0.3500
vn -0.0042 -0.9640 0.2657
vn -0.3566 -0.5812 0.7314
vn -0.3570 -0.5817 0.7309
vn -0.3411 -0.6508 0.6784
vn -0.3351 -0.6116 0.7167
vn -0.3085 -0.7040 0.6397
vn -0.3041 -0.6682 0.6790
vn -0.2722 -0.7563 0.5949
vn -0.2692 -0.7262 0.6326
vn -0.2347 -0.8038 0.5467
vn -0.2323 -0.7810 0.5797
vn -0.1993 -0.8428 0.5000
vn -0.1970 -0.8264 0.5275
vn -0.1667 -0.8743 0.4558
vn -0.1643 -0.8629 0.4779
vn -0.1404 -0.8955 0.4224
vn -0.1546 -0.9044 0.3977
vn -0.1531 -0.8955 0.4179
vn -0.1722 -0.9112 0.3742
vn -0.1722 -0.9020 0.3959
vn -0.1875 -0.9181 0.3491
vn -0.1891 -0.9094 0.3704
vn -0.1999 -0.9247 0.3239
vn -0.2028 -0.9167 0.3443
vn -0.2100 -0.9318 0.2959
vn -0.2137 -0.9248 0.3148
vn -0.2173 -0.9387 0.2677
vn -0.2213 -0.9332 0.2832
vn -0.2224 -0.9430 0.2476
vn -0.2217 -0.9437 0.2455
vn -0.2246 -0.9407 0.2543
vn -0.2253 -0.9399 0.2566
vn -0.2244 -0.9466 0.2315
vn -0.2239 -0.9471 0.2301
vn -0.2258 -0.9453 0.2354
vn -0.2264 -0.9448 0.2369
vn -0.2246 -0.9498 0.2179
vn -0.2243 -0.9500 0.2172
vn -0.2253 -0.9493 0.2195
vn -0.2256 -0.9490 0.2202
vn -0.2225 -0.9539 0.2014
vn -0.2223 -0.9540 0.2010
vn -0.2223 -0.9541 0.2009
vn -0.2183 -0.9584 0.1840
vn -0.2188 -0.9581 0.1849
vn -0.2174 -0.9589 0.1823
vn -0.2169 -0.9592 0.1813
vn -0.2129 -0.9625 0.1683
vn -0.2138 -0.9620 0.1698
vn -0.2109 -0.9635 0.1651
vn -0.2100 -0.9639 0.1636
vn -0.2043 -0.9675 0.1487
vn -0.2057 -0.9669 0.1506
vn -0.2014 -0.9688 0.1444
vn -0.2000 -0.9694 0.1424
vn -0.1919 -0.9736 0.1235
vn -0.1937 -0.9730 0.1257
vn -0.1881 -0.9750 0.1187
vn -0.1863 -0.9756 0.1164
vn -0.1769 -0.9794 0.0972
vn -0.1789 -0.9788 0.0994
vn -0.1723 -0.9807 0.0923
vn -0.1701 -0.9813 0.0901
vn -0.1598 -0.9845 0.0721
vn -0.1620 -0.9840 0.0741
vn -0.1547 -0.9856 0.0676
vn -0.1524 -0.9861 0.0655
vn -0.1425 -0.9885 0.0507
vn -0.1447 -0.9881 0.0522
vn -0.1369 -0.9895 0.0468
vn -0.1346 -0.9899 0.0451
vn -0.1251 -0.9916 0.0329
vn -0.1272 -0.9913 0.0341
vn -0.1194 -0.9924 0.0298
vn -0.1171 -0.9927 0.0286
vn -0.1076 -0.9940 0.0180
vn -0.1095 -0.9938 0.0188
vn -0.1017 -0.9947 0.0158
vn -0.0996 -0.9949 0.0151
vn -0.0896 -0.9960 0.0053
vn -0.0912 -0.9958 0.0057
vn -0.0836 -0.9965 0.0041
vn -0.0818 -0.9966 0.0037
vn -0.0728 -0.9973 -0.0047
vn -0.0550 -0.9985 -0.0056
vn -0.0592 -0.9967 -0.0553
vn -0.0369 -0.9970 -0.0686
vn -0.0364 -0.9969 -0.0694
vn -0.0361 -0.9969 -0.0705
vn -0.0324 -0.9962 -0.0804
vn -0.0175 -0.9962 -0.0847
vn -0.0133 -0.9861 -0.1654
vn -0.0185 -0.9867 -0.1615
vn -0.0132 -0.9860 -0.1659
vn -0.0128 -0.9861 -0.1656
vn -0.0172 -0.9684 -0.2487
vn -0.0132 -0.9677 -0.2519
vn -0.0136 -0.9677 -0.2516
vn -0.0174 -0.9685 -0.2485
vn -0.0216 -0.9453 -0.3255
vn -0.0176 -0.9441 -0.3292
vn -0.0178 -0.9442 -0.3289
vn -0.0219 -0.9453 -0.3255
vn -0.0238 -0.9171 -0.3979
vn -0.0218 -0.9164 -0.3997
vn -0.0218 -0.9166 -0.3993
vn -0.0260 -0.9179 -0.3960
vn -0.0275 -0.8863 -0.4623
vn -0.0256 -0.8854 -0.4641
vn -0.0260 -0.8853 -0.4642
vn -0.0295 -0.8871 -0.4606
vn -0.0307 -0.8530 -0.5210
vn -0.0288 -0.8521 -0.5226
vn -0.0307 -0.8530 -0.5209
vn -0.0326 -0.8539 -0.5194
vn -0.0317 -0.8232 -0.5669
vn -0.0174 -0.8194 -0.5730
vn -0.0182 -0.7832 -0.6215
vn -0.0168 -0.7828 -0.6220
vn -0.0171 -0.7829 -0.6219
vn -0.0184 -0.7833 -0.6214
vn -0.0187 -0.7464 -0.6652
vn -0.0177 -0.7461 -0.6656
vn -0.0180 -0.7462 -0.6655
vn -0.0191 -0.7466 -0.6650
vn -0.0193 -0.7096 -0.7044
vn -0.0183 -0.7092 -0.7048
vn -0.0187 -0.7094 -0.7046
vn -0.0196 -0.7096 -0.7043
vn -0.0198 -0.6725 -0.7398
vn -0.0188 -0.6722 -0.7402
vn -0.0190 -0.6723 -0.7401
vn -0.0200 -0.6726 -0.7397
vn -0.0201 -0.6357 -0.7717
vn -0.0192 -0.6354 -0.7720
vn -0.0194 -0.6354 -0.7719
vn -0.0203 -0.6358 -0.7716
vn -0.0203 -0.5992 -0.8004
vn -0.0194 -0.5989 -0.8006
vn -0.0197 -0.5990 -0.8005
vn -0.0204 -0.5993 -0.8003
vn -0.0203 -0.5632 -0.8261
vn -0.0194 -0.5628 -0.8263
vn -0.0197 -0.5629 -0.8263
vn -0.0204 -0.5632 -0.8261
vn -0.0196 -0.5273 -0.8495
vn -0.0194 -0.5272 -0.8495
vn -0.0200 -0.5274 -0.8494
vn -0.0202 -0.5275 -0.8493
vn -0.0199 -0.4923 -0.8702
vn -0.0192 -0.4920 -0.8704
vn -0.0195 -0.4921 -0.8703
vn -0.0200 -0.4923 -0.8702
vn -0.0196 -0.4575 -0.8890
vn -0.0190 -0.4573 -0.8891
vn -0.0191 -0.4573 -0.8891
vn -0.0190 -0.4232 -0.9058
vn -0.0186 -0.4230 -0.9059
vn -0.0187 -0.4230 -0.9059
vn -0.0191 -0.4232 -0.9058
vn -0.0182 -0.3892 -0.9210
vn -0.0181 -0.3892 -0.9210
vn -0.0184 -0.3893 -0.9209
vn -0.0185 -0.3894 -0.9209
vn -0.0176 -0.3558 -0.9344
vn -0.0175 -0.3558 -0.9344
vn -0.0178 -0.3559 -0.9344
vn -0.0179 -0.3559 -0.9343
vn -0.0170 -0.3229 -0.9463
vn -0.0169 -0.3228 -0.9463
vn -0.0171 -0.3229 -0.9463
vn -0.0172 -0.3229 -0.9463
vn -0.0163 -0.2903 -0.9568
vn -0.0164 -0.2903 -0.9568
vn -0.0165 -0.2903 -0.9568
vn -0.0156 -0.2581 -0.9660
vn -0.0157 -0.2581 -0.9660
vn -0.0158 -0.2581 -0.9660
vn -0.0150 -0.2262 -0.9740
vn -0.0149 -0.2262 -0.9740
vn -0.0150 -0.2263 -0.9740
vn -0.0150 -0.2263 -0.9739
vn -0.0143 -0.1948 -0.9807
vn -0.0136 -0.1636 -0.9864
vn -0.0137 -0.1636 -0.9864
vn -0.0137 -0.1637 -0.9864
vn -0.0130 -0.1328 -0.9911
vn -0.0130 -0.1329 -0.9910
vn -0.0124 -0.1006 -0.9949
vn 0.0125 -0.1081 -0.9941
vn 0.0323 -0.1041 -0.9940
vn 0.0372 -0.1067 -0.9936
vn 0.0668 -0.1074 -0.9920
vn 0.0612 -0.1029 -0.9928
vn 0.0859 -0.1097 -0.9903
vn 0.0889 -0.1324 -0.9872
vn 0.1181 -0.1624 -0.9796
vn 0.1418 -0.1622 -0.9765
vn 0.1482 -0.1923 -0.9701
vn 0.1714 -0.1919 -0.9663
vn 0.1790 -0.2217 -0.9585
vn 0.2035 -0.2211 -0.9538
vn 0.2122 -0.2507 -0.9445
vn 0.2586 -0.2490 -0.9333
vn 0.2682 -0.2776 -0.9225
vn 0.3319 -0.2737 -0.9027
vn 0.3413 -0.3009 -0.8905
vn 0.4000 -0.2956 -0.8675
vn 0.4090 -0.3211 -0.8542
vn 0.4630 -0.3145 -0.8287
vn 0.4712 -0.3383 -0.8146
vn 0.5209 -0.3304 -0.7871
vn 0.5284 -0.3524 -0.7724
vn 0.5734 -0.3435 -0.7438
vn 0.5799 -0.3639 -0.7289
vn 0.6197 -0.3543 -0.7003
vn 0.6253 -0.3734 -0.6853
vn 0.6605 -0.3634 -0.6570
vn 0.6652 -0.3814 -0.6419
vn 0.6965 -0.3711 -0.6141
vn 0.7004 -0.3883 -0.5989
vn 0.7282 -0.3779 -0.5718
vn 0.7313 -0.3944 -0.5564
vn 0.7560 -0.3841 -0.5301
vn 0.7584 -0.4010 -0.5139
vn 0.7803 -0.3908 -0.4883
vn 0.7820 -0.4091 -0.4702
vn 0.8017 -0.3991 -0.4451
vn 0.8024 -0.4192 -0.4248
vn 0.8201 -0.4093 -0.3998
vn 0.8195 -0.4316 -0.3771
vn 0.8352 -0.4221 -0.3527
vn 0.8324 -0.4472 -0.3272
vn 0.8450 -0.4388 -0.3056
vn 0.8409 -0.4609 -0.2838
vn 0.8597 -0.4470 -0.2472
vn 0.8552 -0.4638 -0.2313
vn 0.8716 -0.4501 -0.1944
vn 0.8645 -0.4709 -0.1757
vn 0.8839 -0.4512 -0.1229
vn 0.8839 -0.4512 -0.1231
vn 0.8840 -0.4512 -0.1225
vn 0.8841 -0.4512 -0.1218
vn 0.8997 -0.4255 -0.0969
vn 0.9077 -0.4143 -0.0659
vn 0.9145 -0.4001 -0.0594
vn 0.9225 -0.3856 -0.0162
vn 0.9227 -0.3853 -0.0158
vn 0.9261 -0.3771 -0.0111
vn 0.9263 -0.3767 -0.0111
vn 0.9311 -0.3635 0.0309
vn 0.9443 -0.3282 0.0220
vn 0.9436 -0.3306 0.0192
vn 0.9437 -0.3301 0.0198
vn 0.9445 -0.3278 0.0226
vn 0.9543 -0.2984 0.0156
vn 0.9536 -0.3007 0.0130
vn 0.9538 -0.3002 0.0136
vn 0.9545 -0.2979 0.0161
vn 0.9650 -0.2620 0.0091
vn 0.9643 -0.2647 0.0044
vn 0.9645 -0.2638 0.0059
vn 0.9652 -0.2612 0.0105
vn 0.9747 -0.2233 0.0021
vn 0.9742 -0.2257 -0.0019
vn 0.9744 -0.2250 -0.0007
vn 0.9749 -0.2226 0.0033
vn 0.9819 -0.1895 -0.0038
vn 0.9814 -0.1916 -0.0074
vn 0.9816 -0.1910 -0.0063
vn 0.9820 -0.1889 -0.0027
vn 0.9871 -0.1602 -0.0086
vn 0.9867 -0.1621 -0.0118
vn 0.9868 -0.1615 -0.0108
vn 0.9872 -0.1596 -0.0077
vn 0.9907 -0.1355 -0.0121
vn 0.9904 -0.1374 -0.0151
vn 0.9905 -0.1369 -0.0142
vn 0.9908 -0.1350 -0.0112
vn 0.9932 -0.1158 -0.0142
vn 0.9929 -0.1175 -0.0169
vn 0.9930 -0.1170 -0.0162
vn 0.9932 -0.1153 -0.0134
vn 0.9949 -0.0993 -0.0154
vn 0.9947 -0.1009 -0.0180
vn 0.9948 -0.1005 -0.0173
vn 0.9950 -0.0989 -0.0147
vn 0.9963 -0.0848 -0.0162
vn 0.9961 -0.0863 -0.0186
vn 0.9962 -0.0856 -0.0182
vn 0.9971 -0.0739 -0.0186
vn 0.9971 -0.0736 -0.0188
vn 0.9976 -0.0673 -0.0175
vn 0.9976 -0.0670 -0.0174
vn 0.9992 -0.0326 0.0213
usemtl None.003
s 1
f 1/1/1 2/2/2 3/3/3
f 4/4/4 5/5/5 6/6/6
f 7/7/7 8/8/8 9/9/9
f 10/10/10 9/9/11 11/11/12
f 12/12/13 11/11/14 13/13/15
f 14/14/16 13/13/16 15/15/17
f 16/16/18 15/15/19 17/17/20
f 18/18/21 17/17/22 19/19/23
f 20/20/24 19/19/24 21/21/25
f 22/22/26 21/21/27 23/23/28
f 24/24/29 23/23/30 25/25/31
f 26/26/32 27/27/33 28/28/34
f 29/29/35 27/27/36 26/26/37
f 30/30/38 31/31/39 32/32/40
f 33/33/41 34/34/41 35/35/41
f 36/36/42 37/37/42 38/38/42
f 39/39/43 40/40/43 41/41/43
f 42/42/44 26/26/44 43/43/44
f 44/44/45 26/26/46 42/42/47
f 45/45/48 46/46/48 47/47/48
f 48/48/49 49/49/50 50/50/51
f 51/51/52 50/50/53 52/52/54
f 53/53/55 54/54/56 55/55/57
f 56/56/58 57/57/59 58/58/60
f 59/59/61 60/60/61 61/61/61
f 62/62/62 63/63/63 64/64/64
f 65/65/65 66/66/65 67/67/65
f 68/68/66 67/67/66 69/69/66
f 70/70/67 69/69/67 71/71/67
f 72/72/68 71/71/68 73/73/68
f 74/74/69 26/26/70 75/75/71
f 76/76/72 26/26/72 77/77/72
f 78/78/73 26/26/73 76/76/74
f 79/79/75 80/80/76 81/81/77
f 82/82/78 26/26/70 83/83/79
f 84/84/80 26/26/70 82/82/78
f 85/85/81 83/83/79 26/26/70
f 86/86/82 87/87/82 88/88/82
f 74/74/69 85/85/81 26/26/70
f 89/89/83 90/90/83 91/91/83
f 91/91/84 90/90/84 92/92/84
f 93/93/85 94/94/85 95/95/85
f 94/94/86 93/93/87 96/96/88
f 97/97/89 98/98/90 99/99/91
f 100/100/92 101/101/93 102/102/94
f 103/103/95 104/104/95 105/105/95
f 105/105/96 104/104/96 106/106/96
f 107/107/97 108/108/98 109/109/99
f 110/110/100 111/111/100 112/112/100
f 113/113/101 114/114/102 115/115/103
f 116/116/104 117/117/104 118/118/104
f 119/119/105 120/120/106 121/121/107
f 120/120/106 119/119/105 122/122/108
f 123/123/109 124/124/110 125/125/111
f 126/126/112 127/127/112 128/128/112
f 129/129/113 130/130/113 131/131/113
f 132/132/114 133/133/114 134/134/114
f 135/135/115 136/136/115 137/137/115
f 138/138/116 139/139/116 30/30/116
f 140/140/117 141/141/117 142/142/117
f 143/143/118 144/144/118 145/145/118
f 146/146/119 147/147/119 148/148/119
f 149/149/120 150/150/120 151/151/120
f 152/152/121 153/153/121 154/154/121
f 155/155/122 156/156/123 157/157/124
f 158/158/125 159/159/125 160/160/125
f 161/161/126 162/162/126 163/163/126
f 164/164/127 165/165/128 166/166/129
f 165/165/128 164/164/127 167/167/130
f 168/168/131 169/169/131 170/170/131
f 171/171/132 172/172/133 173/173/134
f 172/172/133 171/171/132 174/174/135
f 175/175/136 176/176/137 177/177/138
f 178/178/139 179/179/139 180/180/139
f 180/180/140 179/179/140 181/181/140
f 180/180/141 181/181/142 182/182/143
f 183/183/144 184/184/145 185/185/146
f 186/186/147 187/187/148 183/183/144
f 183/183/144 187/187/148 188/188/149
f 183/183/144 188/188/149 184/184/145
f 189/189/150 190/190/151 191/191/152
f 191/191/153 190/190/154 192/192/155
f 193/193/156 194/194/157 195/195/158
f 195/195/158 194/194/157 196/196/159
f 195/195/160 196/196/160 197/197/160
f 193/193/161 195/195/161 198/198/161
f 198/198/162 195/195/162 114/114/162
f 198/198/163 114/114/102 199/199/164
f 199/199/164 114/114/102 113/113/101
f 199/199/164 113/113/101 200/200/165
f 201/201/166 202/202/167 203/203/168
f 203/203/169 202/202/169 204/204/169
f 205/205/170 206/206/170 207/207/170
f 208/208/171 209/209/171 210/210/171
f 211/211/172 212/212/173 213/213/174
f 214/214/175 215/215/175 216/216/175
f 216/216/176 215/215/176 217/217/176
f 146/146/177 148/148/178 218/218/179
f 145/145/180 144/144/181 141/141/182
f 140/140/183 142/142/183 219/219/183
f 220/220/184 221/221/184 222/222/184
f 222/222/185 221/221/185 223/223/185
f 224/224/186 225/225/186 226/226/186
f 226/226/187 225/225/187 227/227/187
f 226/226/188 227/227/188 228/228/188
f 228/228/189 227/227/189 229/229/189
f 228/228/190 229/229/190 221/221/190
f 221/221/191 229/229/191 230/230/191
f 221/221/192 230/230/192 223/223/192
f 231/231/193 137/137/193 232/232/193
f 232/232/194 137/137/194 136/136/194
f 232/232/195 136/136/195 233/233/195
f 233/233/196 136/136/196 135/135/196
f 233/233/197 135/135/197 234/234/197
f 39/39/198 235/235/198 40/40/198
f 40/40/199 235/235/199 236/236/199
f 40/40/200 236/236/201 41/41/202
f 237/237/203 238/238/203 239/239/203
f 239/239/204 238/238/204 240/240/204
f 241/241/205 242/242/205 243/243/205
f 243/243/206 242/242/207 244/244/208
f 243/243/209 244/244/209 245/245/209
f 246/246/210 247/247/210 248/248/210
f 249/249/211 250/250/212 251/251/213
f 251/251/214 250/250/214 252/252/214
f 253/253/215 254/254/216 54/54/217
f 54/54/217 254/254/216 255/255/218
f 54/54/219 255/255/219 55/55/219
f 55/55/220 255/255/221 256/256/222
f 257/257/223 258/258/224 259/259/225
f 259/259/225 258/258/224 260/260/226
f 259/259/227 260/260/228 261/261/229
f 262/262/230 263/263/231 264/264/232
f 265/265/233 266/266/234 267/267/235
f 268/268/236 269/269/237 270/270/238
f 270/270/238 269/269/237 271/271/239
f 270/270/238 271/271/239 272/272/240
f 272/272/241 271/271/242 273/273/243
f 274/274/244 275/275/245 276/276/246
f 276/276/246 275/275/245 277/277/247
f 276/276/246 277/277/247 278/278/248
f 279/279/249 280/280/250 281/281/251
f 281/281/252 280/280/253 282/282/254
f 281/281/252 282/282/254 283/283/255
f 283/283/255 282/282/254 284/284/256
f 285/285/257 286/286/257 287/287/257
f 287/287/258 286/286/259 288/288/260
f 287/287/261 288/288/261 289/289/262
f 290/290/263 291/291/263 292/292/263
f 292/292/264 291/291/265 293/293/266
f 292/292/267 293/293/267 294/294/267
f 294/294/268 293/293/269 295/295/270
f 296/296/271 297/297/271 298/298/271
f 298/298/272 297/297/273 299/299/274
f 298/298/275 299/299/275 300/300/275
f 300/300/276 299/299/277 301/301/278
f 302/302/279 303/303/279 304/304/279
f 304/304/280 303/303/281 305/305/282
f 306/306/283 307/307/284 308/308/285
f 308/308/286 307/307/286 309/309/286
f 308/308/287 309/309/288 305/305/289
f 305/305/290 309/309/290 310/310/290
f 305/305/291 310/310/291 304/304/291
f 311/311/292 312/312/292 313/313/292
f 313/313/293 312/312/293 314/314/293
f 313/313/294 314/314/295 315/315/296
f 316/316/297 317/317/297 311/311/297
f 311/311/298 317/317/298 318/318/298
f 311/311/299 318/318/299 312/312/299
f 319/319/300 320/320/300 321/321/300
f 321/321/301 320/320/301 322/322/301
f 321/321/302 322/322/302 323/323/302
f 323/323/303 322/322/303 324/324/303
f 323/323/304 324/324/305 325/325/306
f 325/325/307 324/324/307 326/326/307
f 325/325/308 326/326/308 327/327/308
f 328/328/309 329/329/309 319/319/309
f 319/319/310 329/329/310 330/330/310
f 319/319/311 330/330/311 320/320/311
f 331/331/312 332/332/313 333/333/314
f 333/333/315 332/332/315 334/334/315
f 334/334/316 332/332/317 335/335/318
f 335/335/318 332/332/317 336/336/319
f 335/335/320 336/336/321 337/337/322
f 336/336/321 338/338/323 337/337/322
f 337/337/324 338/338/324 339/339/324
f 337/337/325 339/339/325 340/340/325
f 340/340/326 339/339/326 341/341/326
f 340/340/327 341/341/327 342/342/327
f 343/343/328 344/344/328 345/345/328
f 345/345/329 344/344/329 346/346/329
f 345/345/330 346/346/330 347/347/330
f 347/347/331 346/346/331 348/348/331
f 347/347/332 348/348/332 349/349/332
f 348/348/333 350/350/333 349/349/333
f 349/349/334 350/350/334 351/351/334
f 349/349/335 351/351/335 352/352/335
f 352/352/336 351/351/336 353/353/336
f 352/352/337 353/353/337 354/354/337
f 354/354/338 353/353/338 355/355/338
f 355/355/339 353/353/339 356/356/339
f 355/355/340 356/356/341 357/357/342
f 357/357/342 356/356/341 358/358/343
f 357/357/344 358/358/344 359/359/344
f 359/359/345 358/358/346 360/360/347
f 359/359/348 360/360/348 361/361/348
f 117/117/349 116/116/349 362/362/349
f 363/363/350 115/115/350 364/364/350
f 364/364/351 115/115/351 114/114/351
f 364/364/352 114/114/352 365/365/352
f 365/365/353 114/114/353 195/195/353
f 365/365/354 195/195/355 160/160/356
f 160/160/356 195/195/355 197/197/357
f 160/160/356 197/197/357 158/158/358
f 156/156/359 201/201/359 157/157/359
f 157/157/360 201/201/166 203/203/168
f 157/157/361 203/203/361 366/366/361
f 367/367/362 155/155/362 368/368/362
f 368/368/363 155/155/122 157/157/124
f 368/368/364 157/157/364 369/369/364
f 369/369/365 157/157/365 366/366/365
f 369/369/366 366/366/366 370/370/366
f 371/371/367 363/363/367 372/372/367
f 372/372/368 363/363/368 364/364/368
f 372/372/369 364/364/369 373/373/369
f 373/373/370 364/364/370 365/365/370
f 373/373/371 365/365/371 374/374/371
f 374/374/372 365/365/372 160/160/372
f 374/374/373 160/160/374 163/163/375
f 163/163/375 160/160/374 159/159/376
f 163/163/375 159/159/376 161/161/377
f 153/153/378 375/375/378 154/154/378
f 154/154/379 375/375/379 367/367/379
f 154/154/380 367/367/380 376/376/380
f 376/376/381 367/367/381 368/368/381
f 376/376/382 368/368/382 377/377/382
f 377/377/383 368/368/383 369/369/383
f 377/377/384 369/369/384 378/378/384
f 378/378/385 369/369/385 370/370/385
f 378/378/386 370/370/386 112/112/386
f 112/112/387 111/111/387 378/378/387
f 378/378/388 111/111/388 379/379/388
f 378/378/389 379/379/389 377/377/389
f 377/377/390 379/379/390 380/380/390
f 377/377/391 380/380/391 376/376/391
f 376/376/392 380/380/392 381/381/392
f 376/376/393 381/381/393 154/154/393
f 154/154/394 381/381/394 382/382/394
f 154/154/395 382/382/395 152/152/395
f 152/152/396 382/382/396 383/383/396
f 152/152/397 383/383/397 384/384/397
f 385/385/398 371/371/398 386/386/398
f 386/386/399 371/371/399 372/372/399
f 386/386/400 372/372/400 387/387/400
f 387/387/401 372/372/401 373/373/401
f 387/387/402 373/373/402 388/388/402
f 388/388/403 373/373/403 374/374/403
f 388/388/404 374/374/404 389/389/404
f 389/389/405 374/374/405 163/163/405
f 389/389/406 163/163/407 166/166/408
f 166/166/408 163/163/407 162/162/409
f 166/166/408 162/162/409 164/164/410
f 390/390/411 391/391/412 110/110/413
f 110/110/413 391/391/412 392/392/414
f 110/110/415 392/392/415 111/111/415
f 111/111/416 392/392/416 393/393/416
f 111/111/417 393/393/417 379/379/417
f 379/379/418 393/393/418 394/394/418
f 379/379/419 394/394/419 380/380/419
f 380/380/420 394/394/420 395/395/420
f 380/380/421 395/395/421 381/381/421
f 381/381/422 395/395/422 396/396/422
f 381/381/423 396/396/423 382/382/423
f 382/382/424 396/396/424 397/397/424
f 382/382/425 397/397/425 383/383/425
f 383/383/426 397/397/426 398/398/426
f 383/383/427 398/398/427 384/384/427
f 384/384/428 398/398/428 399/399/428
f 384/384/429 399/399/429 400/400/429
f 391/391/430 401/401/431 392/392/432
f 392/392/432 401/401/431 402/402/433
f 392/392/434 402/402/434 393/393/434
f 393/393/435 402/402/435 403/403/435
f 393/393/436 403/403/436 394/394/436
f 394/394/437 403/403/437 404/404/437
f 394/394/438 404/404/438 395/395/438
f 395/395/439 404/404/439 405/405/439
f 395/395/440 405/405/440 396/396/440
f 396/396/441 405/405/441 406/406/441
f 396/396/442 406/406/442 397/397/442
f 397/397/443 406/406/443 407/407/443
f 397/397/444 407/407/444 398/398/444
f 398/398/445 407/407/445 408/408/445
f 398/398/446 408/408/446 399/399/446
f 390/390/447 409/409/448 391/391/449
f 391/391/450 409/409/451 410/410/452
f 391/391/450 410/410/452 401/401/453
f 401/401/454 410/410/455 411/411/456
f 401/401/457 411/411/458 402/402/459
f 402/402/459 411/411/458 412/412/460
f 402/402/461 412/412/461 403/403/461
f 403/403/462 412/412/462 413/413/462
f 403/403/463 413/413/463 404/404/463
f 404/404/464 413/413/464 414/414/464
f 404/404/465 414/414/465 405/405/465
f 405/405/466 414/414/466 415/415/466
f 405/405/467 415/415/467 406/406/467
f 406/406/468 415/415/468 416/416/468
f 406/406/469 416/416/469 407/407/469
f 407/407/470 416/416/470 417/417/470
f 407/407/471 417/417/471 408/408/471
f 418/418/472 419/419/473 420/420/474
f 409/409/475 108/108/476 410/410/477
f 410/410/478 108/108/478 107/107/478
f 410/410/455 107/107/479 411/411/456
f 411/411/480 107/107/481 421/421/482
f 411/411/483 421/421/484 412/412/485
f 412/412/485 421/421/484 422/422/486
f 412/412/487 422/422/487 413/413/487
f 413/413/488 422/422/488 423/423/488
f 413/413/489 423/423/489 414/414/489
f 414/414/490 423/423/490 424/424/490
f 414/414/491 424/424/491 415/415/491
f 415/415/492 424/424/492 425/425/492
f 415/415/493 425/425/493 416/416/493
f 416/416/494 425/425/494 426/426/494
f 416/416/495 426/426/495 417/417/495
f 219/219/496 142/142/496 427/427/496
f 427/427/497 142/142/497 428/428/497
f 427/427/498 428/428/498 429/429/498
f 430/430/499 431/431/499 432/432/499
f 432/432/500 431/431/500 433/433/500
f 432/432/501 433/433/502 434/434/503
f 145/145/504 218/218/504 143/143/504
f 143/143/505 218/218/179 148/148/178
f 143/143/506 148/148/506 144/144/506
f 144/144/507 148/148/507 435/435/507
f 144/144/508 435/435/508 436/436/508
f 436/436/509 435/435/509 437/437/509
f 436/436/510 437/437/510 438/438/510
f 439/439/511 440/440/512 429/429/513
f 141/141/182 144/144/181 142/142/514
f 142/142/515 144/144/515 436/436/515
f 142/142/516 436/436/516 428/428/516
f 428/428/517 436/436/517 438/438/517
f 428/428/518 438/438/519 441/441/520
f 26/26/521 442/442/522 443/443/523
f 443/443/524 442/442/525 444/444/526
f 443/443/527 444/444/527 445/445/527
f 445/445/528 444/444/529 440/440/530
f 440/440/530 439/439/531 445/445/528
f 445/445/532 439/439/532 446/446/532
f 445/445/533 446/446/534 443/443/535
f 443/443/535 446/446/534 447/447/536
f 443/443/523 447/447/537 26/26/521
f 429/429/513 428/428/538 439/439/511
f 439/439/539 428/428/539 441/441/539
f 439/439/540 441/441/541 446/446/542
f 446/446/542 441/441/541 448/448/543
f 446/446/544 448/448/545 447/447/546
f 449/449/547 450/450/547 451/451/547
f 451/451/548 450/450/548 452/452/548
f 451/451/549 452/452/549 453/453/549
f 453/453/550 452/452/550 454/454/550
f 453/453/551 454/454/551 455/455/551
f 455/455/552 454/454/552 456/456/552
f 455/455/553 456/456/553 457/457/553
f 457/457/554 456/456/554 458/458/554
f 457/457/555 458/458/555 459/459/555
f 459/459/556 458/458/556 460/460/556
f 459/459/557 460/460/557 461/461/557
f 461/461/558 460/460/558 214/214/558
f 461/461/559 214/214/559 213/213/559
f 213/213/560 214/214/560 216/216/560
f 213/213/174 216/216/561 211/211/172
f 211/211/562 216/216/562 217/217/562
f 462/462/563 463/463/564 464/464/565
f 464/464/565 463/463/564 465/465/566
f 464/464/567 465/465/568 26/26/569
f 466/466/570 449/449/570 467/467/570
f 467/467/571 449/449/571 451/451/571
f 467/467/572 451/451/572 468/468/572
f 468/468/573 451/451/573 453/453/573
f 468/468/574 453/453/574 469/469/574
f 469/469/575 453/453/575 455/455/575
f 469/469/576 455/455/576 470/470/576
f 470/470/577 455/455/577 457/457/577
f 470/470/578 457/457/578 471/471/578
f 471/471/579 457/457/579 459/459/579
f 471/471/580 459/459/580 472/472/580
f 472/472/581 459/459/581 461/461/581
f 472/472/582 461/461/582 434/434/582
f 434/434/583 461/461/583 213/213/583
f 434/434/503 213/213/584 432/432/501
f 432/432/585 213/213/585 212/212/585
f 432/432/586 212/212/586 430/430/586
f 473/473/587 209/209/587 474/474/587
f 474/474/588 209/209/588 475/475/588
f 474/474/589 475/475/589 476/476/589
f 476/476/590 475/475/590 477/477/590
f 476/476/591 477/477/592 478/478/593
f 210/210/594 206/206/594 208/208/594
f 208/208/595 206/206/595 479/479/595
f 208/208/596 479/479/596 480/480/596
f 480/480/597 479/479/597 481/481/597
f 480/480/598 481/481/598 482/482/598
f 482/482/599 481/481/599 483/483/599
f 482/482/600 483/483/601 484/484/602
f 206/206/603 205/205/603 479/479/603
f 479/479/604 205/205/604 485/485/604
f 479/479/605 485/485/605 481/481/605
f 481/481/606 485/485/606 486/486/606
f 481/481/607 486/486/607 483/483/607
f 483/483/608 486/486/608 487/487/608
f 483/483/609 487/487/609 484/484/609
f 106/106/610 488/488/610 489/489/610
f 489/489/611 488/488/611 490/490/611
f 430/430/612 473/473/612 431/431/612
f 431/431/613 473/473/613 474/474/613
f 431/431/614 474/474/614 433/433/614
f 433/433/615 474/474/615 476/476/615
f 433/433/616 476/476/616 434/434/616
f 434/434/617 476/476/591 478/478/593
f 434/434/618 478/478/618 472/472/618
f 472/472/619 478/478/619 491/491/619
f 472/472/620 491/491/620 471/471/620
f 471/471/621 491/491/621 492/492/621
f 471/471/622 492/492/622 470/470/622
f 470/470/623 492/492/623 493/493/623
f 470/470/624 493/493/624 469/469/624
f 469/469/625 493/493/625 494/494/625
f 469/469/626 494/494/626 468/468/626
f 468/468/627 494/494/627 495/495/627
f 468/468/628 495/495/628 467/467/628
f 487/487/629 490/490/629 484/484/629
f 484/484/630 490/490/630 488/488/630
f 484/484/631 488/488/631 496/496/631
f 496/496/632 488/488/633 106/106/634
f 496/496/632 106/106/634 497/497/635
f 497/497/636 106/106/636 104/104/636
f 207/207/637 498/498/637 205/205/637
f 205/205/638 498/498/638 499/499/638
f 205/205/639 499/499/639 485/485/639
f 485/485/640 499/499/640 500/500/640
f 485/485/641 500/500/641 486/486/641
f 486/486/642 500/500/642 501/501/642
f 486/486/643 501/501/643 487/487/643
f 487/487/644 501/501/644 502/502/644
f 487/487/645 502/502/645 490/490/645
f 490/490/646 502/502/646 503/503/646
f 490/490/647 503/503/647 489/489/647
f 489/489/648 503/503/648 504/504/648
f 489/489/649 504/504/650 106/106/651
f 106/106/651 504/504/650 505/505/652
f 106/106/653 505/505/653 105/105/653
f 209/209/654 208/208/654 475/475/654
f 475/475/655 208/208/655 480/480/655
f 475/475/656 480/480/656 477/477/656
f 477/477/657 480/480/657 482/482/657
f 477/477/658 482/482/658 478/478/658
f 478/478/659 482/482/600 484/484/602
f 478/478/660 484/484/660 491/491/660
f 491/491/661 484/484/661 496/496/661
f 491/491/662 496/496/662 492/492/662
f 492/492/663 496/496/663 497/497/663
f 492/492/664 497/497/664 493/493/664
f 493/493/665 497/497/665 104/104/665
f 493/493/666 104/104/666 494/494/666
f 494/494/667 104/104/667 103/103/667
f 494/494/668 103/103/668 495/495/668
f 207/207/669 506/506/669 498/498/669
f 498/498/670 506/506/670 507/507/670
f 498/498/671 507/507/671 499/499/671
f 499/499/672 507/507/672 508/508/672
f 499/499/673 508/508/673 500/500/673
f 500/500/674 508/508/674 509/509/674
f 500/500/675 509/509/675 501/501/675
f 501/501/676 509/509/676 510/510/676
f 501/501/677 510/510/677 502/502/677
f 502/502/678 510/510/678 511/511/678
f 502/502/679 511/511/679 503/503/679
f 503/503/680 511/511/680 512/512/680
f 503/503/681 512/512/681 504/504/681
f 504/504/682 512/512/682 513/513/682
f 504/504/683 513/513/683 505/505/683
f 505/505/684 513/513/684 514/514/684
f 515/515/685 100/100/686 516/516/687
f 516/516/687 100/100/686 102/102/688
f 516/516/689 102/102/689 26/26/689
f 26/26/690 465/465/690 516/516/690
f 516/516/687 465/465/691 517/517/692
f 516/516/687 517/517/692 515/515/685
f 101/101/93 518/518/693 102/102/94
f 102/102/94 518/518/693 75/75/694
f 102/102/695 75/75/71 26/26/70
f 519/519/696 520/520/696 521/521/696
f 521/521/697 520/520/697 522/522/697
f 521/521/698 522/522/698 523/523/698
f 523/523/699 522/522/699 524/524/699
f 523/523/700 524/524/700 525/525/700
f 525/525/701 524/524/702 526/526/703
f 525/525/701 526/526/703 527/527/704
f 527/527/705 526/526/706 528/528/707
f 527/527/705 528/528/707 529/529/708
f 529/529/709 528/528/710 530/530/711
f 529/529/709 530/530/711 531/531/712
f 531/531/713 530/530/714 532/532/715
f 531/531/713 532/532/715 533/533/716
f 534/534/717 462/462/718 535/535/719
f 535/535/719 462/462/718 464/464/720
f 535/535/721 464/464/567 26/26/569
f 437/437/722 536/536/722 438/438/722
f 438/438/723 536/536/723 537/537/723
f 438/438/519 537/537/724 441/441/520
f 441/441/725 537/537/725 538/538/725
f 441/441/726 538/538/727 448/448/728
f 448/448/728 538/538/727 534/534/729
f 448/448/545 534/534/730 447/447/546
f 447/447/546 534/534/730 535/535/731
f 447/447/732 535/535/721 26/26/569
f 539/539/733 98/98/734 540/540/735
f 540/540/735 98/98/734 97/97/736
f 540/540/737 97/97/737 541/541/737
f 542/542/738 543/543/738 544/544/738
f 544/544/739 543/543/739 545/545/739
f 544/544/740 545/545/740 546/546/740
f 546/546/741 545/545/741 547/547/741
f 546/546/742 547/547/742 548/548/742
f 548/548/743 547/547/743 549/549/743
f 548/548/744 549/549/744 550/550/744
f 550/550/745 549/549/745 551/551/745
f 550/550/746 551/551/746 552/552/746
f 552/552/747 551/551/747 553/553/747
f 552/552/748 553/553/748 554/554/748
f 554/554/749 553/553/749 555/555/749
f 554/554/750 555/555/750 556/556/750
f 556/556/751 555/555/751 557/557/751
f 556/556/752 557/557/752 558/558/752
f 558/558/753 557/557/753 559/559/753
f 558/558/754 559/559/754 560/560/754
f 560/560/755 559/559/755 561/561/755
f 560/560/756 561/561/756 562/562/756
f 562/562/757 561/561/757 563/563/757
f 562/562/758 563/563/758 564/564/758
f 564/564/759 563/563/759 565/565/759
f 564/564/760 565/565/760 566/566/760
f 566/566/761 565/565/761 567/567/761
f 566/566/762 567/567/762 568/568/762
f 568/568/763 567/567/763 569/569/763
f 568/568/764 569/569/765 570/570/766
f 570/570/766 569/569/765 571/571/767
f 570/570/768 571/571/769 572/572/770
f 572/572/770 571/571/769 573/573/771
f 543/543/772 574/574/772 545/545/772
f 545/545/773 574/574/773 575/575/773
f 545/545/774 575/575/774 547/547/774
f 547/547/775 575/575/775 576/576/775
f 547/547/776 576/576/776 549/549/776
f 549/549/777 576/576/777 577/577/777
f 549/549/778 577/577/778 551/551/778
f 551/551/779 577/577/779 578/578/779
f 551/551/780 578/578/780 553/553/780
f 553/553/781 578/578/781 579/579/781
f 553/553/782 579/579/782 555/555/782
f 555/555/783 579/579/783 580/580/783
f 555/555/784 580/580/784 557/557/784
f 557/557/785 580/580/785 581/581/785
f 557/557/786 581/581/786 559/559/786
f 559/559/787 581/581/787 582/582/787
f 559/559/788 582/582/788 561/561/788
f 561/561/789 582/582/789 583/583/789
f 561/561/790 583/583/790 563/563/790
f 563/563/791 583/583/791 584/584/791
f 563/563/792 584/584/792 565/565/792
f 565/565/793 584/584/793 585/585/793
f 565/565/794 585/585/794 567/567/794
f 567/567/795 585/585/795 586/586/795
f 567/567/796 586/586/796 569/569/796
f 569/569/797 586/586/797 587/587/797
f 569/569/798 587/587/799 571/571/800
f 571/571/800 587/587/799 588/588/801
f 571/571/802 588/588/803 573/573/804
f 574/574/805 589/589/805 575/575/805
f 575/575/806 589/589/806 590/590/806
f 575/575/807 590/590/807 576/576/807
f 576/576/808 590/590/808 591/591/808
f 576/576/809 591/591/809 577/577/809
f 577/577/810 591/591/810 592/592/810
f 577/577/811 592/592/811 578/578/811
f 578/578/812 592/592/812 593/593/812
f 578/578/813 593/593/813 579/579/813
f 579/579/814 593/593/814 594/594/814
f 579/579/815 594/594/815 580/580/815
f 580/580/816 594/594/816 595/595/816
f 580/580/817 595/595/817 581/581/817
f 581/581/818 595/595/818 596/596/818
f 581/581/819 596/596/819 582/582/819
f 582/582/820 596/596/820 597/597/820
f 582/582/821 597/597/821 583/583/821
f 583/583/822 597/597/822 598/598/822
f 583/583/823 598/598/823 584/584/823
f 584/584/824 598/598/824 599/599/824
f 584/584/825 599/599/825 585/585/825
f 585/585/826 599/599/826 600/600/826
f 585/585/827 600/600/827 586/586/827
f 586/586/828 600/600/828 601/601/828
f 586/586/829 601/601/829 587/587/829
f 587/587/830 601/601/830 602/602/830
f 587/587/831 602/602/832 588/588/833
f 589/589/834 603/603/834 590/590/834
f 590/590/835 603/603/835 604/604/835
f 590/590/836 604/604/836 591/591/836
f 591/591/837 604/604/837 605/605/837
f 591/591/838 605/605/838 592/592/838
f 592/592/839 605/605/839 606/606/839
f 592/592/840 606/606/840 593/593/840
f 593/593/841 606/606/841 607/607/841
f 593/593/842 607/607/842 594/594/842
f 594/594/843 607/607/843 608/608/843
f 594/594/844 608/608/844 595/595/844
f 595/595/845 608/608/845 609/609/845
f 595/595/846 609/609/846 596/596/846
f 596/596/847 609/609/847 610/610/847
f 596/596/848 610/610/848 597/597/848
f 597/597/849 610/610/849 611/611/849
f 597/597/850 611/611/850 598/598/850
f 598/598/851 611/611/851 612/612/851
f 598/598/852 612/612/852 599/599/852
f 599/599/853 612/612/853 613/613/853
f 599/599/854 613/613/854 600/600/854
f 600/600/855 613/613/855 614/614/855
f 600/600/856 614/614/857 601/601/858
f 601/601/858 614/614/857 541/541/859
f 601/601/860 541/541/860 602/602/860
f 602/602/861 541/541/861 97/97/861
f 602/602/832 97/97/862 588/588/833
f 588/588/863 97/97/89 99/99/91
f 588/588/803 99/99/864 573/573/804
f 615/615/865 96/96/865 616/616/865
f 616/616/866 96/96/88 93/93/87
f 616/616/867 93/93/868 617/617/869
f 95/95/870 618/618/870 619/619/870
f 618/618/871 620/620/871 621/621/871
f 621/621/872 620/620/872 622/622/872
f 621/621/873 622/622/873 623/623/873
f 95/95/874 624/624/874 93/93/874
f 93/93/875 624/624/875 625/625/875
f 93/93/868 625/625/876 617/617/869
f 617/617/877 625/625/878 626/626/879
f 624/624/880 627/627/880 625/625/880
f 625/625/881 627/627/881 628/628/881
f 625/625/878 628/628/882 626/626/879
f 626/626/883 628/628/884 629/629/885
f 626/626/886 629/629/887 109/109/888
f 109/109/889 629/629/890 630/630/891
f 109/109/99 630/630/892 107/107/97
f 107/107/893 630/630/894 631/631/895
f 107/107/481 631/631/896 421/421/482
f 421/421/897 631/631/898 632/632/899
f 421/421/900 632/632/900 422/422/900
f 422/422/901 632/632/901 633/633/901
f 422/422/902 633/633/902 423/423/902
f 423/423/903 633/633/903 634/634/903
f 423/423/904 634/634/904 424/424/904
f 424/424/905 634/634/905 635/635/905
f 424/424/906 635/635/906 425/425/906
f 425/425/907 635/635/907 636/636/907
f 425/425/908 636/636/908 426/426/908
f 95/95/909 619/619/909 624/624/909
f 624/624/910 619/619/910 637/637/910
f 624/624/911 637/637/911 627/627/911
f 627/627/912 637/637/912 638/638/912
f 627/627/913 638/638/913 628/628/913
f 628/628/914 638/638/914 639/639/914
f 628/628/884 639/639/915 629/629/885
f 629/629/916 639/639/917 640/640/918
f 629/629/890 640/640/919 630/630/891
f 630/630/920 640/640/921 641/641/922
f 630/630/894 641/641/923 631/631/895
f 631/631/924 641/641/925 642/642/926
f 631/631/898 642/642/927 632/632/899
f 632/632/928 642/642/928 643/643/928
f 632/632/929 643/643/929 633/633/929
f 633/633/930 643/643/930 644/644/930
f 633/633/931 644/644/931 634/634/931
f 634/634/932 644/644/932 645/645/932
f 634/634/933 645/645/933 635/635/933
f 635/635/934 645/645/934 646/646/934
f 635/635/935 646/646/935 636/636/935
f 647/647/936 648/648/936 649/649/936
f 649/649/937 648/648/937 650/650/937
f 649/649/938 650/650/938 651/651/938
f 618/618/939 621/621/939 619/619/939
f 619/619/940 621/621/940 623/623/940
f 619/619/941 623/623/941 637/637/941
f 637/637/942 623/623/943 652/652/944
f 637/637/942 652/652/944 638/638/945
f 638/638/946 652/652/946 653/653/946
f 638/638/947 653/653/947 639/639/947
f 639/639/948 653/653/948 654/654/948
f 639/639/917 654/654/949 640/640/918
f 640/640/950 654/654/951 655/655/952
f 640/640/921 655/655/953 641/641/922
f 641/641/954 655/655/955 656/656/956
f 641/641/925 656/656/957 642/642/926
f 642/642/958 656/656/959 657/657/960
f 642/642/961 657/657/961 643/643/961
f 643/643/962 657/657/962 658/658/962
f 643/643/963 658/658/963 644/644/963
f 644/644/964 658/658/964 659/659/964
f 644/644/965 659/659/965 645/645/965
f 645/645/966 659/659/966 660/660/966
f 645/645/967 660/660/967 646/646/967
f 661/661/968 662/662/969 663/663/970
f 664/664/971 663/663/971 647/647/971
f 652/652/972 665/665/972 653/653/972
f 653/653/973 665/665/973 666/666/973
f 653/653/974 666/666/974 654/654/974
f 654/654/975 666/666/975 667/667/975
f 654/654/951 667/667/976 655/655/952
f 655/655/977 667/667/978 668/668/979
f 655/655/955 668/668/980 656/656/956
f 656/656/981 668/668/982 669/669/983
f 656/656/959 669/669/984 657/657/960
f 657/657/985 669/669/986 670/670/987
f 657/657/988 670/670/988 658/658/988
f 658/658/989 670/670/989 514/514/989
f 658/658/990 514/514/990 659/659/990
f 659/659/991 514/514/992 513/513/993
f 659/659/991 513/513/993 660/660/994
f 660/660/995 513/513/995 512/512/995
f 660/660/996 512/512/996 646/646/996
f 646/646/997 512/512/997 511/511/997
f 646/646/998 511/511/998 636/636/998
f 636/636/999 511/511/999 510/510/999
f 636/636/1000 510/510/1000 426/426/1000
f 426/426/1001 510/510/1001 509/509/1001
f 426/426/1002 509/509/1002 417/417/1002
f 417/417/1003 509/509/1003 508/508/1003
f 417/417/1004 508/508/1004 408/408/1004
f 408/408/1005 508/508/1005 507/507/1005
f 408/408/1006 507/507/1006 399/399/1006
f 399/399/1007 507/507/1008 506/506/1009
f 399/399/1007 506/506/1009 400/400/1010
f 603/603/1011 671/671/1011 604/604/1011
f 604/604/1012 671/671/1012 672/672/1012
f 604/604/1013 672/672/1013 605/605/1013
f 605/605/1014 672/672/1014 673/673/1014
f 605/605/1015 673/673/1015 606/606/1015
f 606/606/1016 673/673/1016 674/674/1016
f 606/606/1017 674/674/1017 607/607/1017
f 607/607/1018 674/674/1018 675/675/1018
f 607/607/1019 675/675/1019 608/608/1019
f 608/608/1020 675/675/1020 676/676/1020
f 608/608/1021 676/676/1021 609/609/1021
f 609/609/1022 676/676/1022 677/677/1022
f 609/609/1023 677/677/1023 610/610/1023
f 610/610/1024 677/677/1024 678/678/1024
f 610/610/1025 678/678/1025 611/611/1025
f 611/611/1026 678/678/1026 622/622/1026
f 611/611/1027 622/622/1027 612/612/1027
f 612/612/1028 622/622/1028 620/620/1028
f 612/612/1029 620/620/1029 613/613/1029
f 613/613/1030 620/620/1030 618/618/1030
f 613/613/1031 618/618/1031 614/614/1031
f 614/614/1032 618/618/1032 95/95/1032
f 614/614/1033 95/95/1033 541/541/1033
f 541/541/1034 95/95/1034 94/94/1034
f 541/541/1035 94/94/1035 540/540/1035
f 540/540/1036 94/94/1036 96/96/1036
f 540/540/1037 96/96/1038 539/539/1039
f 539/539/1039 96/96/1038 615/615/1040
f 647/647/1041 649/649/1041 664/664/1041
f 664/664/1042 649/649/1042 651/651/1042
f 664/664/1043 651/651/1044 679/679/1045
f 650/650/1046 92/92/1046 651/651/1046
f 651/651/1047 92/92/1047 90/90/1047
f 651/651/1044 90/90/1048 679/679/1045
f 679/679/1049 90/90/1049 89/89/1049
f 679/679/1050 89/89/1051 680/680/1052
f 681/681/1053 682/682/1053 683/683/1053
f 683/683/1054 682/682/1054 684/684/1054
f 683/683/1055 684/684/1056 685/685/1057
f 684/684/1056 686/686/1058 685/685/1057
f 685/685/1059 686/686/1059 687/687/1059
f 685/685/1060 687/687/1061 688/688/1062
f 689/689/1063 690/690/1064 691/691/1065
f 691/691/1066 690/690/1067 692/692/1068
f 691/691/1066 692/692/1068 693/693/1069
f 694/694/1070 695/695/1071 696/696/1072
f 696/696/1072 695/695/1071 697/697/1073
f 696/696/1074 697/697/1075 698/698/1076
f 699/699/1077 698/698/1078 700/700/1079
f 700/700/1080 698/698/1076 697/697/1075
f 700/700/1081 697/697/1082 701/701/1083
f 701/701/1084 697/697/1084 695/695/1084
f 701/701/1085 695/695/1086 702/702/1087
f 91/91/1088 681/681/1088 89/89/1088
f 89/89/1089 681/681/1089 683/683/1089
f 89/89/1051 683/683/1090 680/680/1052
f 680/680/1091 683/683/1055 685/685/1057
f 680/680/1092 685/685/1092 703/703/1092
f 703/703/1093 685/685/1060 688/688/1062
f 703/703/1094 688/688/1095 704/704/1096
f 704/704/1097 688/688/1098 705/705/1099
f 704/704/1100 705/705/1101 706/706/1102
f 706/706/1103 705/705/1104 699/699/1105
f 706/706/1106 699/699/1107 707/707/1108
f 707/707/1109 699/699/1077 700/700/1079
f 707/707/1110 700/700/1111 708/708/1112
f 708/708/1113 700/700/1081 701/701/1083
f 708/708/1114 701/701/1115 709/709/1116
f 709/709/1117 701/701/1085 702/702/1087
f 709/709/1118 702/702/1118 710/710/1118
f 711/711/1119 712/712/1119 713/713/1119
f 713/713/1120 712/712/1120 714/714/1120
f 713/713/1121 714/714/1121 715/715/1121
f 715/715/1122 714/714/1122 716/716/1122
f 715/715/1123 716/716/1123 717/717/1123
f 717/717/1124 716/716/1124 718/718/1124
f 717/717/1125 718/718/1125 719/719/1125
f 719/719/1126 718/718/1126 720/720/1126
f 719/719/1127 720/720/1127 721/721/1127
f 721/721/1128 720/720/1128 722/722/1128
f 721/721/1129 722/722/1129 723/723/1129
f 723/723/1130 722/722/1130 724/724/1130
f 723/723/1131 724/724/1131 725/725/1131
f 725/725/1132 724/724/1133 726/726/1134
f 725/725/1132 726/726/1134 727/727/1135
f 727/727/1136 726/726/1137 728/728/1138
f 727/727/1136 728/728/1138 729/729/1139
f 729/729/1140 728/728/1141 730/730/1142
f 729/729/1140 730/730/1142 731/731/1143
f 731/731/1144 730/730/1145 732/732/1146
f 731/731/1144 732/732/1146 733/733/1147
f 733/733/1148 732/732/1148 734/734/1148
f 733/733/1149 734/734/1149 735/735/1149
f 735/735/1150 734/734/1150 736/736/1150
f 737/737/1151 736/736/1151 738/738/1151
f 738/738/1152 736/736/1152 734/734/1152
f 738/738/1153 734/734/1153 739/739/1153
f 739/739/1154 734/734/1154 732/732/1154
f 739/739/1155 732/732/1155 740/740/1155
f 740/740/1156 732/732/1157 730/730/1158
f 740/740/1156 730/730/1158 741/741/1159
f 741/741/1160 730/730/1161 728/728/1162
f 741/741/1160 728/728/1162 742/742/1163
f 742/742/1164 728/728/1165 726/726/1166
f 742/742/1164 726/726/1166 743/743/1167
f 743/743/1168 726/726/1169 724/724/1170
f 743/743/1168 724/724/1170 744/744/1171
f 744/744/1172 724/724/1172 722/722/1172
f 744/744/1173 722/722/1173 745/745/1173
f 745/745/1174 722/722/1174 720/720/1174
f 745/745/1175 720/720/1175 746/746/1175
f 746/746/1176 720/720/1176 718/718/1176
f 746/746/1177 718/718/1177 747/747/1177
f 747/747/1178 718/718/1178 716/716/1178
f 747/747/1179 716/716/1179 748/748/1179
f 748/748/1180 716/716/1180 714/714/1180
f 748/748/1181 714/714/1181 749/749/1181
f 749/749/1182 714/714/1182 712/712/1182
f 532/532/715 750/750/1183 533/533/716
f 533/533/1184 750/750/1185 751/751/1186
f 533/533/1184 751/751/1186 752/752/1187
f 751/751/1186 753/753/1188 752/752/1187
f 752/752/1187 753/753/1188 754/754/1189
f 752/752/1190 754/754/1191 755/755/1192
f 749/749/1193 756/756/1193 748/748/1193
f 748/748/1194 756/756/1194 757/757/1194
f 748/748/1195 757/757/1195 747/747/1195
f 747/747/1196 757/757/1196 758/758/1196
f 747/747/1197 758/758/1197 746/746/1197
f 746/746/1198 758/758/1198 759/759/1198
f 746/746/1199 759/759/1199 745/745/1199
f 745/745/1200 759/759/1201 760/760/1202
f 745/745/1200 760/760/1202 744/744/1203
f 744/744/1204 760/760/1205 761/761/1206
f 744/744/1204 761/761/1206 743/743/1207
f 743/743/1208 761/761/1209 762/762/1210
f 743/743/1208 762/762/1210 742/742/1211
f 742/742/1212 762/762/1213 763/763/1214
f 742/742/1212 763/763/1214 741/741/1215
f 741/741/1216 763/763/1217 764/764/1218
f 741/741/1216 764/764/1218 740/740/1219
f 740/740/1220 764/764/1220 765/765/1220
f 740/740/1221 765/765/1221 739/739/1221
f 739/739/1222 765/765/1222 766/766/1222
f 739/739/1223 766/766/1223 738/738/1223
f 738/738/1224 766/766/1224 767/767/1224
f 738/738/1225 767/767/1225 737/737/1225
f 737/737/1226 767/767/1226 768/768/1226
f 466/466/1227 768/768/1227 769/769/1227
f 769/769/1228 768/768/1228 767/767/1228
f 769/769/1229 767/767/1229 770/770/1229
f 770/770/1230 767/767/1230 766/766/1230
f 770/770/1231 766/766/1231 771/771/1231
f 771/771/1232 766/766/1232 765/765/1232
f 771/771/1233 765/765/1233 772/772/1233
f 772/772/1234 765/765/1234 764/764/1234
f 772/772/1235 764/764/1235 773/773/1235
f 773/773/1236 764/764/1237 763/763/1238
f 773/773/1236 763/763/1238 774/774/1239
f 774/774/1240 763/763/1241 762/762/1242
f 774/774/1240 762/762/1242 775/775/1243
f 775/775/1244 762/762/1245 761/761/1246
f 775/775/1244 761/761/1246 776/776/1247
f 776/776/1248 761/761/1249 760/760/1250
f 776/776/1248 760/760/1250 777/777/1251
f 777/777/1252 760/760/1253 759/759/1254
f 777/777/1252 759/759/1254 778/778/1255
f 778/778/1256 759/759/1257 758/758/1258
f 778/778/1256 758/758/1258 779/779/1259
f 779/779/1260 758/758/1260 757/757/1260
f 779/779/1261 757/757/1261 780/780/1261
f 780/780/1262 757/757/1262 756/756/1262
f 754/754/1191 781/781/1263 755/755/1192
f 755/755/1264 781/781/1264 782/782/1264
f 755/755/1265 782/782/1266 783/783/1267
f 784/784/1268 785/785/1268 786/786/1268
f 786/786/1269 785/785/1269 787/787/1269
f 786/786/1270 787/787/1270 788/788/1270
f 788/788/1271 787/787/1271 789/789/1271
f 788/788/1272 789/789/1272 790/790/1272
f 790/790/1273 789/789/1273 791/791/1273
f 790/790/1274 791/791/1274 792/792/1274
f 792/792/1275 791/791/1275 793/793/1275
f 792/792/1276 793/793/1276 794/794/1276
f 794/794/1277 793/793/1277 795/795/1277
f 794/794/1278 795/795/1278 796/796/1278
f 796/796/1279 795/795/1279 797/797/1279
f 796/796/1280 797/797/1280 798/798/1280
f 798/798/1281 797/797/1281 799/799/1281
f 798/798/1282 799/799/1282 800/800/1282
f 800/800/1283 799/799/1283 801/801/1283
f 800/800/1284 801/801/1284 802/802/1284
f 802/802/1285 801/801/1286 803/803/1287
f 802/802/1288 803/803/1288 804/804/1288
f 805/805/1289 784/784/1290 806/806/1291
f 806/806/1292 784/784/1292 786/786/1292
f 806/806/1293 786/786/1293 807/807/1293
f 807/807/1294 786/786/1294 788/788/1294
f 807/807/1295 788/788/1295 808/808/1295
f 808/808/1296 788/788/1296 790/790/1296
f 808/808/1297 790/790/1297 809/809/1297
f 809/809/1298 790/790/1298 792/792/1298
f 809/809/1299 792/792/1299 810/810/1299
f 810/810/1300 792/792/1300 794/794/1300
f 810/810/1301 794/794/1301 811/811/1301
f 811/811/1302 794/794/1302 796/796/1302
f 811/811/1303 796/796/1303 812/812/1303
f 812/812/1304 796/796/1304 798/798/1304
f 812/812/1305 798/798/1305 813/813/1305
f 813/813/1306 798/798/1306 800/800/1306
f 813/813/1307 800/800/1307 814/814/1307
f 814/814/1308 800/800/1308 802/802/1308
f 814/814/1309 802/802/1309 815/815/1309
f 815/815/1310 802/802/1310 804/804/1310
f 815/815/1311 804/804/1311 816/816/1311
f 817/817/1312 805/805/1313 818/818/1314
f 818/818/1315 805/805/1316 806/806/1317
f 818/818/1315 806/806/1317 819/819/1318
f 819/819/1319 806/806/1319 807/807/1319
f 819/819/1320 807/807/1320 820/820/1320
f 820/820/1321 807/807/1321 808/808/1321
f 820/820/1322 808/808/1322 821/821/1322
f 821/821/1323 808/808/1323 809/809/1323
f 821/821/1324 809/809/1324 822/822/1324
f 822/822/1325 809/809/1325 810/810/1325
f 822/822/1326 810/810/1326 823/823/1326
f 823/823/1327 810/810/1327 811/811/1327
f 823/823/1328 811/811/1328 824/824/1328
f 824/824/1329 811/811/1329 812/812/1329
f 824/824/1330 812/812/1330 825/825/1330
f 825/825/1331 812/812/1331 813/813/1331
f 825/825/1332 813/813/1332 826/826/1332
f 826/826/1333 813/813/1333 814/814/1333
f 826/826/1334 814/814/1334 827/827/1334
f 827/827/1335 814/814/1335 815/815/1335
f 827/827/1336 815/815/1336 828/828/1336
f 828/828/1337 815/815/1337 816/816/1337
f 828/828/1338 816/816/1338 829/829/1338
f 785/785/1339 662/662/1339 787/787/1339
f 787/787/1340 662/662/1340 661/661/1340
f 787/787/1341 661/661/1341 789/789/1341
f 789/789/1342 661/661/1342 830/830/1342
f 789/789/1343 830/830/1343 791/791/1343
f 791/791/1344 830/830/1344 831/831/1344
f 791/791/1345 831/831/1345 793/793/1345
f 793/793/1346 831/831/1346 832/832/1346
f 793/793/1347 832/832/1347 795/795/1347
f 795/795/1348 832/832/1348 833/833/1348
f 795/795/1349 833/833/1349 797/797/1349
f 797/797/1350 833/833/1351 834/834/1352
f 797/797/1353 834/834/1353 799/799/1353
f 799/799/1354 834/834/1355 835/835/1356
f 799/799/1357 835/835/1357 801/801/1357
f 801/801/1358 835/835/1359 836/836/1360
f 801/801/1286 836/836/1361 803/803/1287
f 803/803/1362 836/836/1363 837/837/1364
f 803/803/1365 837/837/1365 804/804/1365
f 804/804/1366 837/837/1366 838/838/1366
f 804/804/1367 838/838/1367 816/816/1367
f 816/816/1368 838/838/1368 839/839/1368
f 816/816/1369 839/839/1369 829/829/1369
f 840/840/1370 817/817/1371 841/841/1372
f 841/841/1373 817/817/1374 818/818/1375
f 841/841/1373 818/818/1375 842/842/1376
f 842/842/1377 818/818/1378 819/819/1379
f 842/842/1377 819/819/1379 843/843/1380
f 843/843/1381 819/819/1381 820/820/1381
f 843/843/1382 820/820/1382 844/844/1382
f 844/844/1383 820/820/1383 821/821/1383
f 844/844/1384 821/821/1384 845/845/1384
f 845/845/1385 821/821/1385 822/822/1385
f 845/845/1386 822/822/1386 846/846/1386
f 846/846/1387 822/822/1387 823/823/1387
f 846/846/1388 823/823/1388 847/847/1388
f 847/847/1389 823/823/1389 824/824/1389
f 847/847/1390 824/824/1390 848/848/1390
f 848/848/1391 824/824/1391 825/825/1391
f 848/848/1392 825/825/1392 849/849/1392
f 849/849/1393 825/825/1393 826/826/1393
f 849/849/1394 826/826/1394 850/850/1394
f 850/850/1395 826/826/1395 827/827/1395
f 850/850/1396 827/827/1396 851/851/1396
f 851/851/1397 827/827/1397 828/828/1397
f 851/851/1398 828/828/1398 852/852/1398
f 852/852/1399 828/828/1399 829/829/1399
f 852/852/1400 853/853/1400 851/851/1400
f 851/851/1401 853/853/1401 854/854/1401
f 851/851/1402 854/854/1402 850/850/1402
f 850/850/1403 854/854/1403 855/855/1403
f 850/850/1404 855/855/1404 849/849/1404
f 849/849/1405 855/855/1405 856/856/1405
f 849/849/1406 856/856/1406 848/848/1406
f 848/848/1407 856/856/1407 857/857/1407
f 848/848/1408 857/857/1408 847/847/1408
f 847/847/1409 857/857/1409 858/858/1409
f 847/847/1410 858/858/1410 846/846/1410
f 846/846/1411 858/858/1411 859/859/1411
f 846/846/1412 859/859/1412 845/845/1412
f 845/845/1413 859/859/1413 860/860/1413
f 845/845/1414 860/860/1414 844/844/1414
f 844/844/1415 860/860/1415 861/861/1415
f 844/844/1416 861/861/1416 843/843/1416
f 843/843/1417 861/861/1418 862/862/1419
f 843/843/1417 862/862/1419 842/842/1420
f 842/842/1421 862/862/1422 863/863/1423
f 842/842/1421 863/863/1423 841/841/1424
f 841/841/1425 863/863/1426 864/864/1427
f 841/841/1425 864/864/1427 840/840/1428
f 840/840/1429 864/864/1429 865/865/1429
f 735/735/1430 865/865/1430 733/733/1430
f 733/733/1431 865/865/1432 864/864/1433
f 733/733/1431 864/864/1433 731/731/1434
f 731/731/1435 864/864/1436 863/863/1437
f 731/731/1435 863/863/1437 729/729/1438
f 729/729/1439 863/863/1440 862/862/1441
f 729/729/1439 862/862/1441 727/727/1442
f 727/727/1443 862/862/1444 861/861/1445
f 727/727/1443 861/861/1445 725/725/1446
f 725/725/1447 861/861/1447 860/860/1447
f 725/725/1448 860/860/1448 723/723/1448
f 723/723/1449 860/860/1449 859/859/1449
f 723/723/1450 859/859/1450 721/721/1450
f 721/721/1451 859/859/1451 858/858/1451
f 721/721/1452 858/858/1452 719/719/1452
f 719/719/1453 858/858/1453 857/857/1453
f 719/719/1454 857/857/1454 717/717/1454
f 717/717/1455 857/857/1455 856/856/1455
f 717/717/1456 856/856/1456 715/715/1456
f 715/715/1457 856/856/1457 855/855/1457
f 715/715/1458 855/855/1458 713/713/1458
f 713/713/1459 855/855/1459 854/854/1459
f 713/713/1460 854/854/1460 711/711/1460
f 711/711/1461 854/854/1461 853/853/1461
f 663/663/970 664/664/1462 661/661/968
f 661/661/1463 664/664/1463 679/679/1463
f 661/661/1464 679/679/1464 830/830/1464
f 830/830/1465 679/679/1465 680/680/1465
f 830/830/1466 680/680/1466 831/831/1466
f 831/831/1467 680/680/1467 703/703/1467
f 831/831/1468 703/703/1468 832/832/1468
f 832/832/1469 703/703/1094 704/704/1096
f 832/832/1470 704/704/1470 833/833/1470
f 833/833/1471 704/704/1100 706/706/1102
f 833/833/1351 706/706/1472 834/834/1352
f 834/834/1473 706/706/1106 707/707/1108
f 834/834/1355 707/707/1474 835/835/1356
f 835/835/1475 707/707/1110 708/708/1112
f 835/835/1359 708/708/1476 836/836/1360
f 836/836/1477 708/708/1114 709/709/1116
f 836/836/1363 709/709/1478 837/837/1364
f 837/837/1479 709/709/1479 710/710/1479
f 837/837/1480 710/710/1480 838/838/1480
f 838/838/1481 710/710/1482 866/866/1483
f 838/838/1481 866/866/1483 839/839/1484
f 839/839/1485 866/866/1485 867/867/1485
f 839/839/1486 867/867/1486 829/829/1486
f 829/829/1487 867/867/1487 868/868/1487
f 829/829/1488 868/868/1488 852/852/1488
f 852/852/1489 868/868/1489 869/869/1489
f 852/852/1490 869/869/1490 853/853/1490
f 853/853/1491 869/869/1491 870/870/1491
f 853/853/1492 870/870/1492 711/711/1492
f 711/711/1493 870/870/1493 871/871/1493
f 711/711/1494 871/871/1494 712/712/1494
f 712/712/1495 871/871/1495 872/872/1495
f 712/712/1496 872/872/1496 749/749/1496
f 749/749/1497 872/872/1497 86/86/1497
f 749/749/1498 86/86/1498 756/756/1498
f 756/756/1499 86/86/1499 88/88/1499
f 756/756/1500 88/88/1500 780/780/1500
f 873/873/1501 874/874/1502 875/875/1503
f 876/876/1504 877/877/1504 878/878/1504
f 878/878/1505 877/877/1505 879/879/1505
f 878/878/1506 879/879/1506 880/880/1506
f 881/881/1507 876/876/1507 882/882/1507
f 882/882/1508 876/876/1508 878/878/1508
f 882/882/1509 878/878/1509 883/883/1509
f 883/883/1510 878/878/1510 880/880/1510
f 883/883/1511 880/880/1511 884/884/1511
f 877/877/1512 873/873/1512 879/879/1512
f 879/879/1513 873/873/1501 875/875/1503
f 879/879/1514 875/875/1514 880/880/1514
f 880/880/1515 875/875/1516 885/885/1515
f 880/880/1515 885/885/1515 884/884/1517
f 886/886/1518 887/887/1518 888/888/1518
f 888/888/1519 887/887/1520 889/889/1521
f 888/888/1519 889/889/1521 890/890/1522
f 890/890/1523 889/889/1524 891/891/1525
f 890/890/1523 891/891/1525 892/892/1526
f 892/892/1527 891/891/1527 893/893/1527
f 892/892/1528 893/893/1528 894/894/1528
f 894/894/1529 893/893/1529 895/895/1529
f 894/894/1530 895/895/1530 896/896/1530
f 896/896/1531 895/895/1531 897/897/1531
f 87/87/1532 897/897/1532 898/898/1532
f 898/898/1533 897/897/1534 895/895/1535
f 898/898/1533 895/895/1535 899/899/1536
f 899/899/1537 895/895/1538 893/893/1539
f 899/899/1537 893/893/1539 900/900/1540
f 900/900/1541 893/893/1542 891/891/1543
f 900/900/1541 891/891/1543 901/901/1544
f 901/901/1545 891/891/1546 889/889/1547
f 901/901/1545 889/889/1547 902/902/1548
f 902/902/1549 889/889/1550 887/887/1551
f 782/782/1266 903/903/1552 783/783/1267
f 783/783/1553 903/903/1553 904/904/1553
f 783/783/1554 904/904/1555 81/81/1556
f 81/81/1556 904/904/1555 905/905/1557
f 81/81/77 905/905/1558 79/79/75
f 518/518/693 906/906/1559 75/75/694
f 75/75/694 906/906/1559 907/907/1560
f 75/75/694 907/907/1560 74/74/1561
f 74/74/1561 907/907/1560 908/908/1562
f 74/74/1561 908/908/1562 85/85/1563
f 85/85/1564 908/908/1565 909/909/1566
f 85/85/1564 909/909/1566 83/83/1567
f 83/83/1568 909/909/1569 910/910/1570
f 83/83/1568 910/910/1570 82/82/1571
f 82/82/1572 910/910/1573 911/911/1574
f 82/82/1572 911/911/1574 84/84/1575
f 84/84/1575 911/911/1574 77/77/1576
f 84/84/1577 77/77/1577 26/26/1577
f 912/912/1578 78/78/1579 913/913/1580
f 913/913/1580 78/78/1579 76/76/1581
f 913/913/1580 76/76/1581 914/914/1582
f 914/914/1583 76/76/1584 77/77/1585
f 914/914/1583 77/77/1585 80/80/1586
f 80/80/1587 77/77/1587 911/911/1587
f 80/80/1588 911/911/1588 81/81/1588
f 81/81/1589 911/911/1590 910/910/1591
f 81/81/1589 910/910/1591 783/783/1592
f 783/783/1593 910/910/1594 909/909/1595
f 783/783/1593 909/909/1595 755/755/1596
f 755/755/1597 909/909/1598 908/908/1599
f 755/755/1597 908/908/1599 752/752/1600
f 752/752/1601 908/908/1602 907/907/1603
f 752/752/1601 907/907/1603 533/533/1604
f 533/533/1605 907/907/1606 906/906/1607
f 533/533/1605 906/906/1607 531/531/1608
f 531/531/1608 906/906/1607 518/518/1609
f 531/531/1608 518/518/1609 529/529/1610
f 529/529/1610 518/518/1609 101/101/1611
f 529/529/1610 101/101/1611 527/527/1612
f 527/527/1612 101/101/1611 100/100/1613
f 527/527/1612 100/100/1613 525/525/1614
f 525/525/1615 100/100/1616 515/515/1617
f 525/525/1615 515/515/1617 523/523/1618
f 523/523/1619 515/515/1619 517/517/1619
f 523/523/1620 517/517/1620 521/521/1620
f 521/521/1621 517/517/1621 465/465/1621
f 521/521/1622 465/465/1622 519/519/1622
f 519/519/1623 465/465/1623 463/463/1623
f 896/896/1624 915/915/1624 894/894/1624
f 894/894/1625 915/915/1625 916/916/1625
f 894/894/1626 916/916/1626 892/892/1626
f 892/892/1627 916/916/1627 917/917/1627
f 892/892/1628 917/917/1628 890/890/1628
f 890/890/1629 917/917/1629 918/918/1629
f 890/890/1630 918/918/1630 888/888/1630
f 888/888/1631 918/918/1631 919/919/1631
f 888/888/1632 919/919/1632 886/886/1632
f 886/886/1633 919/919/1633 920/920/1633
f 5/5/1634 4/4/1635 921/921/1636
f 921/921/1637 4/4/1638 922/922/1639
f 921/921/1640 922/922/1641 923/923/1642
f 923/923/1643 922/922/1644 924/924/1645
f 923/923/1646 924/924/1647 925/925/1648
f 926/926/1649 927/927/1649 928/928/1649
f 928/928/1650 927/927/1650 929/929/1650
f 928/928/1651 929/929/1652 930/930/1653
f 931/931/1654 930/930/1655 932/932/1656
f 932/932/1657 930/930/1658 929/929/1659
f 932/932/1657 929/929/1659 933/933/1660
f 933/933/1661 929/929/1662 927/927/1663
f 933/933/1661 927/927/1663 934/934/1664
f 935/935/1665 926/926/1665 925/925/1665
f 925/925/1666 926/926/1666 928/928/1666
f 925/925/1648 928/928/1667 923/923/1646
f 923/923/1668 928/928/1651 930/930/1653
f 923/923/1642 930/930/1669 921/921/1640
f 921/921/1670 930/930/1655 931/931/1654
f 921/921/1636 931/931/1671 5/5/1634
f 936/936/1672 937/937/1672 938/938/1672
f 938/938/1673 937/937/1674 939/939/1675
f 938/938/1673 939/939/1675 940/940/1676
f 940/940/1677 939/939/1678 941/941/1679
f 940/940/1677 941/941/1679 942/942/1680
f 942/942/1681 941/941/1682 943/943/1683
f 942/942/1681 943/943/1683 944/944/1684
f 944/944/1685 943/943/1686 945/945/1687
f 944/944/1685 945/945/1687 946/946/1688
f 946/946/1689 945/945/1690 947/947/1691
f 946/946/1689 947/947/1691 948/948/1692
f 948/948/1693 947/947/1693 949/949/1693
f 948/948/1694 949/949/1694 950/950/1694
f 951/951/1695 952/952/1695 953/953/1695
f 953/953/1696 952/952/1696 954/954/1696
f 953/953/1697 954/954/1697 955/955/1697
f 955/955/1698 954/954/1698 956/956/1698
f 955/955/1699 956/956/1699 957/957/1699
f 957/957/1700 956/956/1700 958/958/1700
f 957/957/1701 958/958/1702 959/959/1703
f 959/959/1703 958/958/1702 960/960/1704
f 961/961/1705 962/962/1705 963/963/1705
f 963/963/1706 962/962/1707 964/964/1708
f 963/963/1706 964/964/1708 965/965/1709
f 965/965/1710 964/964/1711 966/966/1712
f 965/965/1710 966/966/1712 967/967/1713
f 967/967/1714 966/966/1715 968/968/1716
f 967/967/1714 968/968/1716 969/969/1717
f 969/969/1718 968/968/1719 970/970/1720
f 969/969/1718 970/970/1720 971/971/1721
f 937/937/1722 961/961/1722 939/939/1722
f 939/939/1723 961/961/1724 963/963/1725
f 939/939/1723 963/963/1725 941/941/1726
f 941/941/1727 963/963/1728 965/965/1729
f 941/941/1727 965/965/1729 943/943/1730
f 943/943/1731 965/965/1732 967/967/1733
f 943/943/1731 967/967/1733 945/945/1734
f 945/945/1735 967/967/1736 969/969/1737
f 945/945/1735 969/969/1737 947/947/1738
f 947/947/1739 969/969/1740 971/971/1741
f 947/947/1739 971/971/1741 949/949/1742
f 972/972/1743 934/934/1744 973/973/1745
f 973/973/1745 934/934/1744 927/927/1746
f 973/973/1747 927/927/1747 974/974/1747
f 974/974/1748 927/927/1748 926/926/1748
f 974/974/1749 926/926/1749 975/975/1749
f 975/975/1750 926/926/1750 935/935/1750
f 975/975/1751 935/935/1751 976/976/1751
f 977/977/1752 978/978/1753 979/979/1754
f 979/979/1755 978/978/1755 980/980/1755
f 981/981/1756 982/982/1757 983/983/1758
f 976/976/1759 980/980/1759 975/975/1759
f 975/975/1760 980/980/1760 978/978/1760
f 975/975/1761 978/978/1761 974/974/1761
f 974/974/1762 978/978/1753 977/977/1752
f 974/974/1763 977/977/1763 973/973/1763
f 973/973/1764 977/977/1764 984/984/1764
f 973/973/1765 984/984/1766 972/972/1767
f 972/972/1767 984/984/1766 985/985/1768
f 986/986/1769 987/987/1769 988/988/1769
f 988/988/1770 987/987/1770 989/989/1770
f 988/988/1771 989/989/1771 990/990/1771
f 990/990/1772 989/989/1772 991/991/1772
f 990/990/1773 985/985/1773 988/988/1773
f 988/988/1774 985/985/1774 984/984/1774
f 988/988/1775 984/984/1775 986/986/1775
f 986/986/1776 984/984/1776 977/977/1776
f 986/986/1777 977/977/1778 992/992/1779
f 992/992/1780 977/977/1780 979/979/1780
f 992/992/1781 979/979/1781 993/993/1781
f 993/993/1782 979/979/1782 980/980/1782
f 993/993/1783 980/980/1783 994/994/1783
f 995/995/1784 987/987/1785 996/996/1786
f 996/996/1786 987/987/1785 986/986/1787
f 996/996/1788 986/986/1788 997/997/1788
f 997/997/1789 986/986/1777 992/992/1779
f 997/997/1790 992/992/1790 998/998/1790
f 998/998/1791 992/992/1791 993/993/1791
f 998/998/1792 993/993/1792 999/999/1792
f 999/999/1793 993/993/1793 994/994/1793
f 71/71/1794 72/72/1794 70/70/1794
f 70/70/1795 72/72/1795 1000/1000/1795
f 70/70/1796 1000/1000/1796 1001/1001/1796
f 1001/1001/1797 1000/1000/1797 1002/1002/1797
f 1001/1001/1798 1002/1002/1798 1003/1003/1798
f 1003/1003/1799 1002/1002/1799 1004/1004/1799
f 1003/1003/1800 1004/1004/1800 1005/1005/1800
f 1005/1005/1801 1004/1004/1801 1006/1006/1801
f 1005/1005/1802 1006/1006/1802 1007/1007/1802
f 1008/1008/1803 1009/1009/1803 1010/1010/1803
f 1010/1010/1804 1009/1009/1804 1011/1011/1804
f 1010/1010/1805 1011/1011/1805 1012/1012/1805
f 1012/1012/1806 1011/1011/1806 1013/1013/1806
f 1012/1012/1807 1013/1013/1807 1014/1014/1807
f 1014/1014/1808 1013/1013/1808 1015/1015/1808
f 1014/1014/1809 1015/1015/1809 1016/1016/1809
f 1016/1016/1810 1015/1015/1810 1017/1017/1810
f 1016/1016/1811 1017/1017/1811 1018/1018/1811
f 1018/1018/1812 1017/1017/1812 1019/1019/1812
f 1018/1018/1813 1019/1019/1813 1020/1020/1813
f 1020/1020/1814 1019/1019/1814 1021/1021/1814
f 1020/1020/1815 1021/1021/1815 1022/1022/1815
f 1022/1022/1816 1021/1021/1816 1023/1023/1816
f 1024/1024/1817 1025/1025/1817 1026/1026/1817
f 1026/1026/1818 1025/1025/1818 1027/1027/1818
f 1026/1026/1819 1027/1027/1819 1028/1028/1819
f 1028/1028/1820 1027/1027/1820 1029/1029/1820
f 1028/1028/1821 1029/1029/1821 1030/1030/1821
f 1030/1030/1822 1029/1029/1822 1031/1031/1822
f 1030/1030/1823 1031/1031/1823 1032/1032/1823
f 1032/1032/1824 1031/1031/1824 1033/1033/1824
f 1032/1032/1825 1033/1033/1825 1034/1034/1825
f 1034/1034/1826 1033/1033/1826 1035/1035/1826
f 1034/1034/1827 1035/1035/1827 1036/1036/1827
f 1036/1036/1828 1035/1035/1828 1037/1037/1828
f 1036/1036/1829 1037/1037/1829 1038/1038/1829
f 1038/1038/1830 1037/1037/1830 1039/1039/1830
f 1040/1040/1831 57/57/1831 1041/1041/1831
f 1041/1041/1832 57/57/1833 56/56/1834
f 1041/1041/1832 56/56/1834 1042/1042/1835
f 1042/1042/1836 56/56/1836 1043/1043/1836
f 1009/1009/1837 1024/1024/1837 1011/1011/1837
f 1011/1011/1838 1024/1024/1838 1026/1026/1838
f 1011/1011/1839 1026/1026/1839 1013/1013/1839
f 1013/1013/1840 1026/1026/1840 1028/1028/1840
f 1013/1013/1841 1028/1028/1841 1015/1015/1841
f 1015/1015/1842 1028/1028/1842 1030/1030/1842
f 1015/1015/1843 1030/1030/1843 1017/1017/1843
f 1017/1017/1844 1030/1030/1844 1032/1032/1844
f 1017/1017/1845 1032/1032/1845 1019/1019/1845
f 1019/1019/1846 1032/1032/1846 1034/1034/1846
f 1019/1019/1847 1034/1034/1847 1021/1021/1847
f 1021/1021/1848 1034/1034/1848 1036/1036/1848
f 1021/1021/1849 1036/1036/1849 1023/1023/1849
f 1023/1023/1850 1036/1036/1850 1038/1038/1850
f 1044/1044/1851 1040/1040/1851 1045/1045/1851
f 1045/1045/1852 1040/1040/1853 1041/1041/1854
f 1045/1045/1852 1041/1041/1854 1046/1046/1855
f 1046/1046/1856 1041/1041/1856 1042/1042/1856
f 1046/1046/1857 1042/1042/1857 960/960/1857
f 960/960/1858 1042/1042/1858 1043/1043/1858
f 960/960/1859 1043/1043/1859 959/959/1859
f 1047/1047/1860 1048/1048/1861 1049/1049/1862
f 63/63/1863 62/62/1864 1050/1050/1865
f 66/66/1866 65/65/1866 1051/1051/1866
f 1051/1051/1867 65/65/1867 1052/1052/1867
f 1051/1051/1868 1052/1052/1869 1053/1053/1870
f 1053/1053/1870 1052/1052/1869 1054/1054/1871
f 1053/1053/1872 1054/1054/1872 1055/1055/1872
f 1055/1055/1873 1054/1054/1873 1056/1056/1873
f 1055/1055/1874 1056/1056/1874 1057/1057/1874
f 62/62/1864 1058/1058/1875 1050/1050/1865
f 1050/1050/1865 1058/1058/1875 1059/1059/1876
f 1050/1050/1877 1059/1059/1877 1060/1060/1877
f 1061/1061/1878 1062/1062/1878 1060/1060/1878
f 1063/1063/1879 1064/1064/1879 1062/1062/1879
f 67/67/1880 68/68/1880 65/65/1880
f 65/65/1881 68/68/1881 1065/1065/1881
f 65/65/1882 1065/1065/1882 1052/1052/1882
f 1052/1052/1883 1065/1065/1883 1066/1066/1883
f 1052/1052/1884 1066/1066/1884 1054/1054/1884
f 1054/1054/1885 1066/1066/1885 1067/1067/1885
f 1054/1054/1886 1067/1067/1886 1056/1056/1886
f 1056/1056/1887 1067/1067/1887 1068/1068/1887
f 1056/1056/1888 1068/1068/1889 1057/1057/1890
f 1057/1057/1890 1068/1068/1889 1069/1069/1891
f 1057/1057/1892 1069/1069/1892 1070/1070/1892
f 1025/1025/1893 951/951/1893 1027/1027/1893
f 1027/1027/1894 951/951/1894 953/953/1894
f 1027/1027/1895 953/953/1895 1029/1029/1895
f 1029/1029/1896 953/953/1896 955/955/1896
f 1029/1029/1897 955/955/1897 1031/1031/1897
f 1031/1031/1898 955/955/1898 957/957/1898
f 1031/1031/1899 957/957/1899 1033/1033/1899
f 1033/1033/1900 957/957/1900 959/959/1900
f 1033/1033/1901 959/959/1902 1035/1035/1903
f 1035/1035/1903 959/959/1902 1043/1043/1904
f 1035/1035/1905 1043/1043/1905 1037/1037/1905
f 1037/1037/1906 1043/1043/1906 56/56/1906
f 1037/1037/1907 56/56/1907 1039/1039/1907
f 1039/1039/1908 56/56/58 58/58/60
f 962/962/1909 1044/1044/1909 964/964/1909
f 964/964/1910 1044/1044/1911 1045/1045/1912
f 964/964/1910 1045/1045/1912 966/966/1913
f 966/966/1914 1045/1045/1915 1046/1046/1916
f 966/966/1914 1046/1046/1916 968/968/1917
f 968/968/1918 1046/1046/1919 960/960/1920
f 968/968/1918 960/960/1920 970/970/1921
f 970/970/1922 960/960/1922 958/958/1922
f 970/970/1923 958/958/1924 971/971/1925
f 971/971/1925 958/958/1924 956/956/1926
f 971/971/1927 956/956/1927 949/949/1927
f 949/949/1928 956/956/1928 954/954/1928
f 949/949/1929 954/954/1929 950/950/1929
f 950/950/1930 954/954/1930 952/952/1930
f 1071/1071/1931 1072/1072/1932 1073/1073/1933
f 256/256/222 249/249/211 55/55/220
f 55/55/220 249/249/211 251/251/213
f 55/55/1934 251/251/1934 246/246/1934
f 246/246/1935 251/251/1935 252/252/1935
f 246/246/1936 252/252/1936 247/247/1936
f 1074/1074/1937 1075/1075/1938 1072/1072/1939
f 1076/1076/1940 1077/1077/1941 1075/1075/1942
f 248/248/1943 1078/1078/1943 246/246/1943
f 246/246/1944 1078/1078/1944 1079/1079/1944
f 246/246/1945 1079/1079/1945 55/55/1945
f 55/55/1946 1079/1079/1946 1080/1080/1946
f 55/55/1947 1080/1080/1947 53/53/1947
f 53/53/1948 1080/1080/1949 1081/1081/1950
f 1082/1082/1951 1081/1081/1951 1083/1083/1951
f 1083/1083/1952 1081/1081/1952 1080/1080/1952
f 1083/1083/1953 1080/1080/1953 1084/1084/1953
f 1084/1084/1954 1080/1080/1954 1079/1079/1954
f 1084/1084/1955 1079/1079/1955 1085/1085/1955
f 1085/1085/1956 1079/1079/1956 1078/1078/1956
f 1085/1085/1957 1078/1078/1957 131/131/1957
f 131/131/1958 1078/1078/1958 248/248/1958
f 131/131/1959 248/248/1959 129/129/1959
f 1086/1086/1960 1087/1087/1960 1088/1088/1960
f 1088/1088/1961 1087/1087/1961 1089/1089/1961
f 1088/1088/1962 1089/1089/1962 1090/1090/1962
f 1090/1090/1963 1089/1089/1963 1091/1091/1963
f 1090/1090/1964 1091/1091/1964 1092/1092/1964
f 1092/1092/1965 1091/1091/1966 1093/1093/1967
f 1092/1092/1968 1093/1093/1969 1094/1094/1970
f 1094/1094/1971 1093/1093/1972 1095/1095/1973
f 1094/1094/1974 1095/1095/1975 2/2/1976
f 1096/1096/1977 1097/1097/1978 1098/1098/1979
f 50/50/51 51/51/1980 48/48/49
f 48/48/1981 51/51/1981 1099/1099/1981
f 48/48/1982 1099/1099/1982 1100/1100/1982
f 1100/1100/1983 1099/1099/1983 1101/1101/1983
f 1100/1100/1984 1101/1101/1985 1102/1102/1986
f 1102/1102/1987 1101/1101/1987 1103/1103/1987
f 1102/1102/1988 1103/1103/1988 1104/1104/1988
f 1105/1105/1989 1106/1106/1989 1086/1086/1989
f 1097/1097/1990 1107/1107/1991 1108/1108/1992
f 1108/1108/1993 1107/1107/1994 1109/1109/1995
f 1097/1097/1996 1096/1096/1996 1107/1107/1996
f 1107/1107/1997 1096/1096/1998 1110/1110/1999
f 1107/1107/2000 1110/1110/2000 1109/1109/2000
f 1109/1109/2001 1110/1110/2002 1111/1111/2003
f 1109/1109/2004 1111/1111/2005 1112/1112/2006
f 242/242/207 240/240/2007 244/244/208
f 244/244/2008 240/240/2008 238/238/2008
f 244/244/2009 238/238/2009 45/45/2009
f 45/45/2010 238/238/2010 237/237/2010
f 45/45/2011 237/237/2011 46/46/2011
f 46/46/2012 237/237/2012 1113/1113/2012
f 46/46/2013 1113/1113/2013 47/47/2013
f 132/132/2014 1114/1114/2014 133/133/2014
f 133/133/2015 1114/1114/2015 47/47/2015
f 133/133/2016 47/47/2016 134/134/2016
f 134/134/2017 47/47/2017 1113/1113/2017
f 1115/1115/2018 1116/1116/2018 1117/1117/2018
f 1117/1117/2019 1116/1116/2019 1118/1118/2019
f 1117/1117/2020 1118/1118/2020 1119/1119/2020
f 1119/1119/2021 1118/1118/2022 1120/1120/2023
f 995/995/2024 1121/1121/2024 987/987/2024
f 987/987/2025 1121/1121/2026 1115/1115/2027
f 987/987/2028 1115/1115/2028 989/989/2028
f 989/989/2029 1115/1115/2029 1117/1117/2029
f 989/989/2030 1117/1117/2030 991/991/2030
f 991/991/2031 1117/1117/2031 1119/1119/2031
f 1122/1122/2032 1123/1123/2032 1124/1124/2032
f 1124/1124/2033 1123/1123/2033 1125/1125/2033
f 1116/1116/2034 1125/1125/2034 1118/1118/2034
f 1118/1118/2035 1125/1125/2035 1123/1123/2035
f 1118/1118/2022 1123/1123/2036 1120/1120/2023
f 1120/1120/2037 1123/1123/2037 1122/1122/2037
f 1120/1120/2038 1122/1122/2039 1126/1126/2040
f 1127/1127/2041 1128/1128/2041 1129/1129/2041
f 1129/1129/2042 1128/1128/2042 1130/1130/2042
f 1121/1121/2026 1131/1131/2043 1115/1115/2027
f 1115/1115/2044 1131/1131/2044 1132/1132/2044
f 1115/1115/2045 1132/1132/2045 1116/1116/2045
f 1116/1116/2046 1132/1132/2046 1133/1133/2046
f 1116/1116/2047 1133/1133/2047 1125/1125/2047
f 1125/1125/2048 1133/1133/2048 1134/1134/2048
f 1125/1125/2049 1134/1134/2049 1124/1124/2049
f 1124/1124/2050 1134/1134/2050 1128/1128/2050
f 1124/1124/2051 1128/1128/2052 1122/1122/2053
f 1122/1122/2053 1128/1128/2052 1127/1127/2054
f 1122/1122/2055 1127/1127/2055 1126/1126/2055
f 1126/1126/2056 1127/1127/2056 1129/1129/2056
f 1126/1126/2057 1129/1129/2058 1135/1135/2059
f 1135/1135/2060 1129/1129/2060 1130/1130/2060
f 1136/1136/2061 1137/1137/2061 1064/1064/2061
f 1138/1138/2062 1139/1139/2062 1137/1137/2062
f 1140/1140/2063 1141/1141/2063 1139/1139/2063
f 1142/1142/2064 1143/1143/2064 1141/1141/2064
f 1144/1144/2065 1145/1145/2065 1143/1143/2065
f 1137/1137/2066 1136/1136/2066 1138/1138/2066
f 1138/1138/2067 1136/1136/2067 1146/1146/2067
f 1138/1138/2068 1146/1146/2068 1147/1147/2068
f 1147/1147/2069 1146/1146/2069 1148/1148/2069
f 1147/1147/2070 1148/1148/2070 1149/1149/2070
f 1149/1149/2071 1148/1148/2071 1150/1150/2071
f 1149/1149/2072 1150/1150/2072 1151/1151/2072
f 1151/1151/2073 1150/1150/2073 1152/1152/2073
f 1151/1151/2074 1152/1152/2074 1153/1153/2074
f 1153/1153/2075 1152/1152/2075 1154/1154/2075
f 1153/1153/2076 1154/1154/2076 1155/1155/2076
f 1155/1155/2077 1154/1154/2078 1156/1156/2079
f 1155/1155/2080 1156/1156/2081 1157/1157/2082
f 1158/1158/2083 1159/1159/2084 1135/1135/2085
f 1135/1135/2059 1159/1159/2086 1160/1160/2087
f 1135/1135/2059 1160/1160/2087 1126/1126/2057
f 1126/1126/2040 1160/1160/2088 1161/1161/2089
f 1126/1126/2040 1161/1161/2089 1120/1120/2038
f 1120/1120/2090 1161/1161/2091 1162/1162/2092
f 1120/1120/2090 1162/1162/2092 1119/1119/2093
f 1119/1119/2094 1162/1162/2095 1163/1163/2096
f 1119/1119/2094 1163/1163/2096 991/991/2097
f 991/991/2098 1163/1163/2099 1164/1164/2100
f 991/991/2098 1164/1164/2100 990/990/2101
f 990/990/2102 1164/1164/2103 1165/1165/2104
f 990/990/2102 1165/1165/2104 985/985/2105
f 1130/1130/2106 1166/1166/2106 1135/1135/2106
f 1135/1135/2107 1166/1166/2107 1167/1167/2107
f 1135/1135/2108 1167/1167/2109 1158/1158/2110
f 1158/1158/2110 1167/1167/2109 1168/1168/2111
f 1158/1158/2112 1168/1168/2113 1169/1169/2114
f 1170/1170/2115 1171/1171/2115 1172/1172/2115
f 1172/1172/2116 1171/1171/2116 1173/1173/2116
f 1172/1172/2117 1173/1173/2118 1174/1174/2119
f 1174/1174/2119 1173/1173/2118 1175/1175/2120
f 1174/1174/2121 1175/1175/2122 1176/1176/2123
f 1176/1176/2123 1175/1175/2122 1177/1177/2124
f 1176/1176/2125 1177/1177/2125 1178/1178/2125
f 1178/1178/2126 1177/1177/2126 1179/1179/2126
f 1178/1178/2127 1179/1179/2127 1180/1180/2127
f 1180/1180/2128 1179/1179/2128 1181/1181/2128
f 1180/1180/2129 1181/1181/2129 1182/1182/2129
f 1182/1182/2130 1181/1181/2130 1183/1183/2130
f 1182/1182/2131 1183/1183/2131 1184/1184/2131
f 1184/1184/2132 1183/1183/2132 1185/1185/2132
f 1184/1184/2133 1185/1185/2133 1186/1186/2133
f 1186/1186/2134 1185/1185/2134 1187/1187/2134
f 1186/1186/2135 1187/1187/2135 1188/1188/2135
f 1188/1188/2136 1187/1187/2136 1189/1189/2136
f 1188/1188/2137 1189/1189/2137 1190/1190/2137
f 1190/1190/2138 1189/1189/2138 1191/1191/2138
f 1190/1190/2139 1191/1191/2139 1192/1192/2139
f 1192/1192/2140 1191/1191/2141 1193/1193/2142
f 1192/1192/2140 1193/1193/2142 1194/1194/2143
f 1194/1194/2144 1193/1193/2144 1195/1195/2144
f 1194/1194/2145 1195/1195/2146 1196/1196/2147
f 1196/1196/2148 1195/1195/2149 1197/1197/2150
f 1198/1198/2151 1199/1199/2151 1200/1200/2151
f 1200/1200/2152 1199/1199/2153 1201/1201/2154
f 1200/1200/2155 1201/1201/2156 1202/1202/2157
f 1202/1202/2158 1201/1201/2159 1203/1203/2160
f 1202/1202/2158 1203/1203/2160 1204/1204/2161
f 1204/1204/2162 1203/1203/2162 1205/1205/2162
f 1204/1204/2163 1205/1205/2163 1206/1206/2163
f 1206/1206/2164 1205/1205/2164 1207/1207/2164
f 1206/1206/2165 1207/1207/2165 1208/1208/2165
f 1208/1208/2166 1207/1207/2166 1209/1209/2166
f 1208/1208/2167 1209/1209/2167 1210/1210/2167
f 1210/1210/2168 1209/1209/2168 1211/1211/2168
f 1210/1210/2169 1211/1211/2169 1212/1212/2169
f 1212/1212/2170 1211/1211/2170 1213/1213/2170
f 1212/1212/2171 1213/1213/2171 1214/1214/2171
f 1214/1214/2172 1213/1213/2172 1215/1215/2172
f 1214/1214/2173 1215/1215/2173 1216/1216/2173
f 1216/1216/2174 1215/1215/2174 1217/1217/2174
f 1216/1216/2175 1217/1217/2175 1218/1218/2175
f 1218/1218/2176 1217/1217/2176 1219/1219/2176
f 1218/1218/2177 1219/1219/2177 1220/1220/2177
f 1220/1220/2178 1219/1219/2178 1221/1221/2178
f 1220/1220/2179 1221/1221/2179 1222/1222/2179
f 1222/1222/2180 1221/1221/2180 1223/1223/2180
f 1222/1222/2181 1223/1223/2182 1224/1224/2183
f 1224/1224/2183 1223/1223/2182 1225/1225/2184
f 1224/1224/2185 1225/1225/2186 1226/1226/2187
f 1226/1226/2187 1225/1225/2186 1227/1227/2188
f 1226/1226/2189 1227/1227/2190 1047/1047/2191
f 1047/1047/2191 1227/1227/2190 1228/1228/2192
f 1047/1047/2193 1228/1228/2193 1048/1048/2193
f 1048/1048/2194 1228/1228/2194 1229/1229/2194
f 1048/1048/2195 1229/1229/2195 1049/1049/2195
f 1049/1049/2196 1229/1229/2197 1230/1230/2198
f 1231/1231/2199 1159/1159/2200 1232/1232/2201
f 1232/1232/2202 1159/1159/2084 1158/1158/2083
f 1232/1232/2203 1158/1158/2204 1233/1233/2205
f 1233/1233/2205 1158/1158/2204 1169/1169/2206
f 1233/1233/2207 1169/1169/2208 1234/1234/2209
f 1234/1234/2209 1169/1169/2208 1235/1235/2210
f 1234/1234/2211 1235/1235/2212 26/26/2213
f 146/146/2214 149/149/2214 147/147/2214
f 147/147/2215 149/149/2215 151/151/2215
f 147/147/2216 151/151/2216 148/148/2216
f 148/148/2217 151/151/2217 1236/1236/2217
f 148/148/2218 1236/1236/2218 435/435/2218
f 435/435/2219 1236/1236/2219 1237/1237/2219
f 435/435/2220 1237/1237/2220 437/437/2220
f 437/437/2221 1237/1237/2221 1238/1238/2221
f 437/437/2222 1238/1238/2222 536/536/2222
f 536/536/2223 1238/1238/2223 1239/1239/2223
f 536/536/2224 1239/1239/2224 537/537/2224
f 537/537/2225 1239/1239/2225 1240/1240/2225
f 537/537/2226 1240/1240/2226 538/538/2226
f 538/538/2227 1240/1240/2227 1241/1241/2227
f 538/538/2228 1241/1241/2228 534/534/2228
f 534/534/2229 1241/1241/2229 1242/1242/2229
f 534/534/2230 1242/1242/2230 462/462/2230
f 462/462/2231 1242/1242/2231 1243/1243/2231
f 462/462/2232 1243/1243/2232 463/463/2232
f 463/463/2233 1243/1243/2233 1244/1244/2233
f 463/463/2234 1244/1244/2234 519/519/2234
f 519/519/2235 1244/1244/2235 1245/1245/2235
f 519/519/2236 1245/1245/2236 520/520/2236
f 520/520/2237 1245/1245/2237 1246/1246/2237
f 520/520/2238 1246/1246/2238 522/522/2238
f 522/522/2239 1246/1246/2239 1247/1247/2239
f 522/522/2240 1247/1247/2240 524/524/2240
f 524/524/2241 1247/1247/2241 1248/1248/2241
f 524/524/2242 1248/1248/2242 526/526/2242
f 526/526/2243 1248/1248/2244 1249/1249/2245
f 526/526/2243 1249/1249/2245 528/528/2246
f 528/528/2247 1249/1249/2248 1250/1250/2249
f 528/528/2247 1250/1250/2249 530/530/2250
f 530/530/2251 1250/1250/2252 1251/1251/2253
f 530/530/2251 1251/1251/2253 532/532/2254
f 532/532/2255 1251/1251/2256 1252/1252/2257
f 532/532/2255 1252/1252/2257 750/750/2255
f 750/750/2258 1252/1252/2259 1253/1253/2260
f 750/750/2258 1253/1253/2260 751/751/2261
f 751/751/2262 1253/1253/2263 1254/1254/2264
f 751/751/2262 1254/1254/2264 753/753/2265
f 753/753/2266 1254/1254/2267 1255/1255/2268
f 753/753/2266 1255/1255/2268 754/754/2269
f 754/754/2270 1255/1255/2271 1256/1256/2272
f 754/754/2270 1256/1256/2272 781/781/2273
f 781/781/2274 1256/1256/2275 1257/1257/2276
f 781/781/2274 1257/1257/2276 782/782/2277
f 782/782/2278 1257/1257/2279 1258/1258/2280
f 782/782/2278 1258/1258/2280 903/903/2281
f 903/903/2282 1258/1258/2283 1259/1259/2284
f 903/903/2282 1259/1259/2284 904/904/2285
f 904/904/2286 1259/1259/2287 1260/1260/2288
f 904/904/2286 1260/1260/2288 905/905/2289
f 905/905/2290 1260/1260/2291 1261/1261/2292
f 905/905/2290 1261/1261/2292 79/79/2293
f 79/79/2294 1261/1261/2295 1262/1262/2296
f 79/79/2294 1262/1262/2296 80/80/2297
f 80/80/2298 1262/1262/2298 1263/1263/2298
f 80/80/2299 1263/1263/2299 914/914/2299
f 914/914/2300 1263/1263/2301 1231/1231/2302
f 914/914/2300 1231/1231/2302 913/913/2303
f 913/913/2304 1231/1231/2305 1232/1232/2306
f 913/913/2304 1232/1232/2306 912/912/2307
f 912/912/2308 1232/1232/2308 1233/1233/2308
f 912/912/2309 1233/1233/2310 78/78/2311
f 78/78/2311 1233/1233/2310 1234/1234/2312
f 78/78/73 1234/1234/2313 26/26/73
f 1264/1264/2314 1265/1265/2314 1266/1266/2314
f 1141/1141/2315 1140/1140/2315 1142/1142/2315
f 1142/1142/2316 1140/1140/2316 1267/1267/2316
f 1142/1142/2317 1267/1267/2317 1268/1268/2317
f 1268/1268/2318 1267/1267/2318 1269/1269/2318
f 1268/1268/2319 1269/1269/2319 1270/1270/2319
f 1270/1270/2320 1269/1269/2320 1271/1271/2320
f 1270/1270/2321 1271/1271/2321 1272/1272/2321
f 1272/1272/2322 1271/1271/2322 1273/1273/2322
f 1272/1272/2323 1273/1273/2323 1274/1274/2323
f 1274/1274/2324 1273/1273/2324 1275/1275/2324
f 1274/1274/2325 1275/1275/2326 1276/1276/2327
f 1276/1276/2328 1275/1275/2329 1277/1277/2330
f 1276/1276/2331 1277/1277/2332 1278/1278/2333
f 1279/1279/2334 1280/1280/2335 1281/1281/2336
f 1281/1281/2336 1280/1280/2335 1282/1282/2337
f 1281/1281/2338 1282/1282/2338 1283/1283/2338
f 1283/1283/2339 1282/1282/2340 1284/1284/2341
f 1283/1283/2342 1284/1284/2342 1285/1285/2342
f 1285/1285/2343 1284/1284/2343 1286/1286/2343
f 1285/1285/2344 1286/1286/2344 1287/1287/2344
f 1287/1287/2345 1286/1286/2345 1288/1288/2345
f 1287/1287/2346 1288/1288/2346 1289/1289/2346
f 1289/1289/2347 1288/1288/2347 1290/1290/2347
f 1289/1289/2348 1290/1290/2348 1291/1291/2348
f 1145/1145/2349 1144/1144/2349 1292/1292/2349
f 1292/1292/2350 1144/1144/2350 1293/1293/2350
f 1292/1292/2351 1293/1293/2351 1294/1294/2351
f 1294/1294/2352 1293/1293/2352 1295/1295/2352
f 1294/1294/2353 1295/1295/2353 1296/1296/2353
f 1296/1296/2354 1295/1295/2354 1297/1297/2354
f 1296/1296/2355 1297/1297/2355 1298/1298/2355
f 1298/1298/2356 1297/1297/2356 1299/1299/2356
f 1298/1298/2357 1299/1299/2358 1300/1300/2359
f 1300/1300/2360 1299/1299/2361 1301/1301/2362
f 1300/1300/2363 1301/1301/2364 1302/1302/2365
f 1302/1302/2365 1301/1301/2364 1303/1303/2366
f 1302/1302/2367 1303/1303/2368 1304/1304/2369
f 1143/1143/2370 1142/1142/2370 1144/1144/2370
f 1144/1144/2371 1142/1142/2371 1268/1268/2371
f 1144/1144/2372 1268/1268/2372 1293/1293/2372
f 1293/1293/2373 1268/1268/2373 1270/1270/2373
f 1293/1293/2374 1270/1270/2374 1295/1295/2374
f 1295/1295/2375 1270/1270/2375 1272/1272/2375
f 1295/1295/2376 1272/1272/2376 1297/1297/2376
f 1297/1297/2377 1272/1272/2377 1274/1274/2377
f 1297/1297/2378 1274/1274/2378 1299/1299/2378
f 1299/1299/2379 1274/1274/2325 1276/1276/2327
f 1299/1299/2361 1276/1276/2380 1301/1301/2362
f 1301/1301/2381 1276/1276/2331 1278/1278/2333
f 1301/1301/2382 1278/1278/2382 1303/1303/2382
f 1265/1265/2383 1264/1264/2383 1305/1305/2383
f 1305/1305/2384 1264/1264/2385 1306/1306/2386
f 1305/1305/2387 1306/1306/2388 1307/1307/2389
f 1307/1307/2389 1306/1306/2388 1308/1308/2390
f 1307/1307/2391 1308/1308/2391 1309/1309/2391
f 1310/1310/2392 1311/1311/2392 1312/1312/2392
f 1309/1309/2393 1311/1311/2394 1307/1307/2395
f 1307/1307/2395 1311/1311/2394 1310/1310/2396
f 1307/1307/2397 1310/1310/2398 1305/1305/2399
f 1305/1305/2399 1310/1310/2398 1313/1313/2400
f 1305/1305/2401 1313/1313/2402 1265/1265/2403
f 1314/1314/2404 44/44/2405 1315/1315/2406
f 1315/1315/2407 44/44/2408 42/42/2409
f 1315/1315/2407 42/42/2409 1316/1316/2410
f 1316/1316/2411 42/42/2411 43/43/2411
f 1317/1317/2412 1309/1309/2413 1318/1318/2414
f 1318/1318/2414 1309/1309/2413 1308/1308/2415
f 1318/1318/2416 1308/1308/2417 1319/1319/2418
f 1319/1319/2418 1308/1308/2417 1306/1306/2419
f 1319/1319/2420 1306/1306/2421 1320/1320/2422
f 1320/1320/2423 1306/1306/2386 1264/1264/2385
f 1320/1320/2424 1264/1264/2424 1321/1321/2424
f 1321/1321/2425 1264/1264/2425 1266/1266/2425
f 1321/1321/2426 1266/1266/2426 1322/1322/2426
f 1323/1323/2427 1314/1314/2428 1317/1317/2429
f 1317/1317/2430 1314/1314/2431 1315/1315/2432
f 1317/1317/2430 1315/1315/2432 1309/1309/2433
f 1309/1309/2434 1315/1315/2435 1316/1316/2436
f 1309/1309/2434 1316/1316/2436 1311/1311/2437
f 1311/1311/2438 1316/1316/2439 43/43/2440
f 1311/1311/2438 43/43/2440 1312/1312/2441
f 1304/1304/2442 1279/1279/2443 1302/1302/2444
f 1302/1302/2444 1279/1279/2443 1281/1281/2445
f 1302/1302/2446 1281/1281/2447 1300/1300/2448
f 1300/1300/2448 1281/1281/2447 1283/1283/2449
f 1300/1300/2359 1283/1283/2450 1298/1298/2357
f 1298/1298/2451 1283/1283/2451 1285/1285/2451
f 1298/1298/2452 1285/1285/2452 1296/1296/2452
f 1296/1296/2453 1285/1285/2453 1287/1287/2453
f 1296/1296/2454 1287/1287/2454 1294/1294/2454
f 1294/1294/2455 1287/1287/2455 1289/1289/2455
f 1294/1294/2456 1289/1289/2456 1292/1292/2456
f 1292/1292/2457 1289/1289/2457 1291/1291/2457
f 1292/1292/2458 1291/1291/2458 1145/1145/2458
f 1139/1139/2459 1138/1138/2459 1140/1140/2459
f 1140/1140/2460 1138/1138/2460 1147/1147/2460
f 1140/1140/2461 1147/1147/2461 1267/1267/2461
f 1267/1267/2462 1147/1147/2462 1149/1149/2462
f 1267/1267/2463 1149/1149/2463 1269/1269/2463
f 1269/1269/2464 1149/1149/2464 1151/1151/2464
f 1269/1269/2465 1151/1151/2465 1271/1271/2465
f 1271/1271/2466 1151/1151/2466 1153/1153/2466
f 1271/1271/2467 1153/1153/2467 1273/1273/2467
f 1273/1273/2468 1153/1153/2468 1155/1155/2468
f 1273/1273/2469 1155/1155/2469 1275/1275/2469
f 1275/1275/2470 1155/1155/2080 1157/1157/2082
f 1275/1275/2329 1157/1157/2471 1277/1277/2330
f 1324/1324/2472 1325/1325/2472 1326/1326/2472
f 1326/1326/2473 1325/1325/2473 1327/1327/2473
f 1326/1326/2474 1327/1327/2474 1328/1328/2474
f 1328/1328/2475 1327/1327/2476 1329/1329/2477
f 1328/1328/2478 1329/1329/2479 1330/1330/2480
f 1330/1330/2481 1329/1329/2482 1331/1331/2483
f 1330/1330/2484 1331/1331/2485 1332/1332/2486
f 1332/1332/2487 1331/1331/2488 1333/1333/2489
f 1332/1332/2490 1333/1333/2491 1334/1334/2492
f 1334/1334/2493 1333/1333/2493 1335/1335/2493
f 1334/1334/2494 1335/1335/2494 1336/1336/2494
f 1336/1336/2495 1335/1335/2495 1337/1337/2495
f 49/49/2496 48/48/2497 1338/1338/2498
f 1338/1338/2499 48/48/2499 1100/1100/2499
f 1338/1338/2500 1100/1100/2501 1339/1339/2502
f 1339/1339/2503 1100/1100/1984 1102/1102/1986
f 1339/1339/2504 1102/1102/2504 1340/1340/2504
f 1340/1340/2505 1102/1102/2505 1104/1104/2505
f 1340/1340/2506 1104/1104/2506 1341/1341/2506
f 1341/1341/2507 1104/1104/2507 1342/1342/2507
f 1341/1341/2508 1342/1342/2508 1343/1343/2508
f 1343/1343/2509 1342/1342/2509 1344/1344/2509
f 1343/1343/2510 1344/1344/2510 1345/1345/2510
f 1345/1345/2511 1344/1344/2511 1346/1346/2511
f 1345/1345/2512 1346/1346/2512 1347/1347/2512
f 1347/1347/2513 1346/1346/2513 1348/1348/2513
f 1347/1347/2514 1348/1348/2514 1349/1349/2514
f 1349/1349/2515 1348/1348/2515 1350/1350/2515
f 1349/1349/2516 1350/1350/2516 1351/1351/2516
f 1351/1351/2517 1350/1350/2517 1352/1352/2517
f 1351/1351/2518 1352/1352/2519 1353/1353/2520
f 1075/1075/1942 1074/1074/2521 1076/1076/1940
f 1076/1076/2522 1074/1074/2523 1354/1354/2524
f 1076/1076/2525 1354/1354/2526 1355/1355/2527
f 1355/1355/2528 1354/1354/2529 1356/1356/2530
f 1355/1355/2531 1356/1356/2532 1357/1357/2533
f 1357/1357/2534 1356/1356/2535 1358/1358/2536
f 1357/1357/2537 1358/1358/2538 1359/1359/2539
f 1359/1359/2540 1358/1358/2541 1360/1360/2542
f 1359/1359/2543 1360/1360/2544 1361/1361/2545
f 1361/1361/2546 1360/1360/2546 1362/1362/2546
f 1361/1361/2547 1362/1362/2547 1363/1363/2547
f 1363/1363/2548 1362/1362/2548 1364/1364/2548
f 1363/1363/2549 1364/1364/2549 1365/1365/2549
f 1365/1365/2550 1364/1364/2550 1366/1366/2550
f 1365/1365/2551 1366/1366/2551 1367/1367/2551
f 1367/1367/2552 1366/1366/2552 1368/1368/2552
f 1367/1367/2553 1368/1368/2553 1369/1369/2553
f 1369/1369/2554 1368/1368/2554 1370/1370/2554
f 1369/1369/2555 1370/1370/2555 1371/1371/2555
f 1371/1371/2556 1370/1370/2556 1372/1372/2556
f 1371/1371/2557 1372/1372/2557 1373/1373/2557
f 1374/1374/2558 1108/1108/2559 1375/1375/2560
f 1375/1375/2561 1108/1108/1993 1109/1109/1995
f 1375/1375/2562 1109/1109/2563 1376/1376/2564
f 1376/1376/2565 1109/1109/2004 1112/1112/2006
f 1376/1376/2566 1112/1112/2567 1377/1377/2568
f 1377/1377/2569 1112/1112/2570 1378/1378/2571
f 1377/1377/2572 1378/1378/2573 1379/1379/2574
f 1379/1379/2575 1378/1378/2575 1380/1380/2575
f 1379/1379/2576 1380/1380/2576 1381/1381/2576
f 1381/1381/2577 1380/1380/2577 1382/1382/2577
f 1381/1381/2578 1382/1382/2578 1383/1383/2578
f 1383/1383/2579 1382/1382/2579 1384/1384/2579
f 1383/1383/2580 1384/1384/2580 1385/1385/2580
f 1385/1385/2581 1384/1384/2581 1386/1386/2581
f 1385/1385/2582 1386/1386/2583 1387/1387/2584
f 1106/1106/2585 1105/1105/2585 1388/1388/2585
f 1388/1388/2586 1105/1105/2586 1389/1389/2586
f 1388/1388/2587 1389/1389/2587 1390/1390/2587
f 1390/1390/2588 1389/1389/2588 1391/1391/2588
f 1390/1390/2589 1391/1391/2589 1392/1392/2589
f 1392/1392/2590 1391/1391/2590 1393/1393/2590
f 1392/1392/2591 1393/1393/2591 1394/1394/2591
f 1394/1394/2592 1393/1393/2592 1395/1395/2592
f 1394/1394/2593 1395/1395/2593 1396/1396/2593
f 1396/1396/2594 1395/1395/2594 1397/1397/2594
f 1396/1396/2595 1397/1397/2595 1398/1398/2595
f 1398/1398/2596 1397/1397/2596 1399/1399/2596
f 1398/1398/2597 1399/1399/2598 1400/1400/2599
f 60/60/2600 59/59/2600 1401/1401/2600
f 1401/1401/2601 59/59/2601 1337/1337/2601
f 1401/1401/2602 1337/1337/2602 1402/1402/2602
f 1402/1402/2603 1337/1337/2603 1335/1335/2603
f 1402/1402/2604 1335/1335/2604 1403/1403/2604
f 1403/1403/2605 1335/1335/2605 1333/1333/2605
f 1403/1403/2606 1333/1333/2606 1404/1404/2606
f 1404/1404/2607 1333/1333/2489 1331/1331/2488
f 1404/1404/2608 1331/1331/2609 1405/1405/2610
f 1405/1405/2611 1331/1331/2483 1329/1329/2482
f 1405/1405/2612 1329/1329/2613 1406/1406/2614
f 1406/1406/2615 1329/1329/2477 1327/1327/2476
f 1406/1406/2616 1327/1327/2617 1407/1407/2618
f 1407/1407/2619 1327/1327/2619 1325/1325/2619
f 1407/1407/2620 1325/1325/2620 36/36/2620
f 36/36/2621 1325/1325/2621 1324/1324/2621
f 36/36/2622 1324/1324/2623 37/37/2624
f 1408/1408/2625 1409/1409/2625 1410/1410/2625
f 1410/1410/2626 1409/1409/2626 1411/1411/2626
f 1410/1410/2627 1411/1411/2627 1412/1412/2627
f 1412/1412/2628 1411/1411/2628 1413/1413/2628
f 1412/1412/2629 1413/1413/2629 1414/1414/2629
f 1414/1414/2630 1413/1413/2630 1415/1415/2630
f 1414/1414/2631 1415/1415/2631 1416/1416/2631
f 1416/1416/2632 1415/1415/2632 1417/1417/2632
f 1416/1416/2633 1417/1417/2633 1400/1400/2633
f 1400/1400/2634 1417/1417/2634 1353/1353/2634
f 1400/1400/2599 1353/1353/2635 1398/1398/2597
f 1398/1398/2636 1353/1353/2636 1352/1352/2636
f 1398/1398/2637 1352/1352/2637 1396/1396/2637
f 1396/1396/2638 1352/1352/2638 1350/1350/2638
f 1396/1396/2639 1350/1350/2639 1394/1394/2639
f 1394/1394/2640 1350/1350/2640 1348/1348/2640
f 1394/1394/2641 1348/1348/2641 1392/1392/2641
f 1392/1392/2642 1348/1348/2642 1346/1346/2642
f 1392/1392/2643 1346/1346/2643 1390/1390/2643
f 1390/1390/2644 1346/1346/2644 1344/1344/2644
f 1390/1390/2645 1344/1344/2645 1388/1388/2645
f 1388/1388/2646 1344/1344/2646 1342/1342/2646
f 1388/1388/2647 1342/1342/2647 1106/1106/2647
f 1106/1106/2648 1342/1342/2648 1104/1104/2648
f 1106/1106/2649 1104/1104/2649 1086/1086/2649
f 1086/1086/2650 1104/1104/2650 1103/1103/2650
f 1086/1086/2651 1103/1103/2651 1087/1087/2651
f 1087/1087/2652 1103/1103/2652 1101/1101/2652
f 1087/1087/2653 1101/1101/2653 1089/1089/2653
f 1089/1089/2654 1101/1101/2654 1099/1099/2654
f 1089/1089/2655 1099/1099/2655 1091/1091/2655
f 1091/1091/2656 1099/1099/2656 51/51/2656
f 1091/1091/1966 51/51/2657 1093/1093/1967
f 1093/1093/2658 51/51/52 52/52/54
f 1093/1093/1972 52/52/2659 1095/1095/1973
f 2/2/1976 1/1/2660 1094/1094/1974
f 1094/1094/2661 1/1/2662 1418/1418/2663
f 1094/1094/1970 1418/1418/2664 1092/1092/1968
f 1092/1092/2665 1418/1418/2665 1419/1419/2665
f 1092/1092/2666 1419/1419/2666 1090/1090/2666
f 1090/1090/2667 1419/1419/2667 1420/1420/2667
f 1090/1090/2668 1420/1420/2668 1088/1088/2668
f 1088/1088/2669 1420/1420/2669 1421/1421/2669
f 1088/1088/2670 1421/1421/2670 1086/1086/2670
f 1086/1086/2671 1421/1421/2671 1422/1422/2671
f 1086/1086/2672 1422/1422/2672 1105/1105/2672
f 1105/1105/2673 1422/1422/2673 1423/1423/2673
f 1105/1105/2674 1423/1423/2674 1389/1389/2674
f 1389/1389/2675 1423/1423/2675 1424/1424/2675
f 1389/1389/2676 1424/1424/2676 1391/1391/2676
f 1391/1391/2677 1424/1424/2677 1425/1425/2677
f 1391/1391/2678 1425/1425/2678 1393/1393/2678
f 1393/1393/2679 1425/1425/2679 1426/1426/2679
f 1393/1393/2680 1426/1426/2680 1395/1395/2680
f 1395/1395/2681 1426/1426/2681 39/39/2681
f 1395/1395/2682 39/39/2682 1397/1397/2682
f 1397/1397/2683 39/39/2683 41/41/2683
f 1397/1397/2684 41/41/2684 1399/1399/2684
f 1399/1399/2685 41/41/2685 1427/1427/2685
f 1399/1399/2686 1427/1427/2686 1400/1400/2686
f 1400/1400/2687 1427/1427/2688 33/33/2689
f 1400/1400/2690 33/33/2690 1416/1416/2690
f 1416/1416/2691 33/33/2691 35/35/2691
f 1416/1416/2692 35/35/2692 1414/1414/2692
f 1414/1414/2693 35/35/2693 1428/1428/2693
f 1414/1414/2694 1428/1428/2694 1412/1412/2694
f 1412/1412/2695 1428/1428/2695 1429/1429/2695
f 1412/1412/2696 1429/1429/2696 1410/1410/2696
f 1410/1410/2697 1429/1429/2697 1430/1430/2697
f 1410/1410/2698 1430/1430/2698 1408/1408/2698
f 139/139/2699 1431/1431/2699 30/30/2699
f 30/30/2700 1431/1431/2700 1432/1432/2700
f 30/30/38 1432/1432/2701 31/31/39
f 31/31/2702 1432/1432/2702 224/224/2702
f 31/31/2703 224/224/2703 32/32/2703
f 32/32/2704 224/224/2704 226/226/2704
f 32/32/2705 226/226/2705 1433/1433/2705
f 1433/1433/2706 226/226/2706 228/228/2706
f 1433/1433/2707 228/228/2707 1434/1434/2707
f 1434/1434/2708 228/228/2708 221/221/2708
f 1434/1434/2709 221/221/2709 1435/1435/2709
f 1435/1435/2710 221/221/2711 220/220/2712
f 1435/1435/2710 220/220/2712 1436/1436/2713
f 1437/1437/2714 1438/1438/2714 1439/1439/2714
f 1439/1439/2715 1438/1438/2715 1440/1440/2715
f 1439/1439/2716 1440/1440/2716 1441/1441/2716
f 1441/1441/2717 1440/1440/2717 1442/1442/2717
f 1441/1441/2718 1442/1442/2718 1443/1443/2718
f 1443/1443/2719 1442/1442/2719 1444/1444/2719
f 1443/1443/2720 1444/1444/2720 1445/1445/2720
f 1445/1445/2721 1444/1444/2721 1446/1446/2721
f 1445/1445/2722 1446/1446/2722 1447/1447/2722
f 1447/1447/2723 1446/1446/2723 1448/1448/2723
f 1447/1447/2724 1448/1448/2724 1449/1449/2724
f 1449/1449/2725 1448/1448/2726 1450/1450/2727
f 1449/1449/2728 1450/1450/2729 1451/1451/2730
f 1451/1451/2731 1450/1450/2732 1452/1452/2733
f 1451/1451/2734 1452/1452/2735 1453/1453/2736
f 1453/1453/2737 1452/1452/2738 1454/1454/2739
f 1453/1453/2740 1454/1454/2741 1455/1455/2742
f 1455/1455/2743 1454/1454/2744 1456/1456/2745
f 1455/1455/2746 1456/1456/2747 1457/1457/2748
f 1457/1457/2749 1456/1456/2749 1458/1458/2749
f 1457/1457/2750 1458/1458/2750 1459/1459/2750
f 1459/1459/2751 1458/1458/2751 1460/1460/2751
f 1459/1459/2752 1460/1460/2752 1461/1461/2752
f 1461/1461/2753 1460/1460/2753 1462/1462/2753
f 1461/1461/2754 1462/1462/2754 1070/1070/2754
f 1070/1070/2755 1462/1462/2755 1463/1463/2755
f 1070/1070/2756 1463/1463/2756 1057/1057/2756
f 1057/1057/2757 1463/1463/2757 1059/1059/2757
f 1057/1057/2758 1059/1059/2759 1055/1055/2760
f 1055/1055/2760 1059/1059/2759 1058/1058/2761
f 1055/1055/2762 1058/1058/2762 1053/1053/2762
f 1053/1053/2763 1058/1058/2763 62/62/2763
f 1053/1053/2764 62/62/2765 1051/1051/2766
f 1051/1051/2766 62/62/2765 64/64/2767
f 1051/1051/2768 64/64/2768 66/66/2768
f 1156/1156/2769 1464/1464/2770 1157/1157/2771
f 1157/1157/2772 1464/1464/2773 1465/1465/2774
f 1157/1157/2772 1465/1465/2774 1277/1277/2775
f 1277/1277/2776 1465/1465/2777 1466/1466/2778
f 1277/1277/2776 1466/1466/2778 1278/1278/2779
f 1278/1278/2780 1466/1466/2781 1467/1467/2782
f 1278/1278/2780 1467/1467/2782 1303/1303/2780
f 1303/1303/2368 1467/1467/2783 1468/1468/2784
f 1303/1303/2368 1468/1468/2784 1304/1304/2369
f 1304/1304/2785 1468/1468/2786 1323/1323/2787
f 1304/1304/2788 1323/1323/2789 1279/1279/2790
f 1279/1279/2790 1323/1323/2789 1317/1317/2791
f 1279/1279/2790 1317/1317/2791 1280/1280/2792
f 1280/1280/2792 1317/1317/2791 1318/1318/2793
f 1280/1280/2794 1318/1318/2795 1282/1282/2796
f 1282/1282/2796 1318/1318/2795 1319/1319/2797
f 1282/1282/2340 1319/1319/2798 1284/1284/2341
f 1284/1284/2799 1319/1319/2420 1320/1320/2422
f 1284/1284/2800 1320/1320/2800 1286/1286/2800
f 1286/1286/2801 1320/1320/2801 1321/1321/2801
f 1286/1286/2802 1321/1321/2802 1288/1288/2802
f 1288/1288/2803 1321/1321/2803 1322/1322/2803
f 1288/1288/2804 1322/1322/2804 1290/1290/2804
f 1464/1464/2805 1469/1469/2806 1465/1465/2807
f 1465/1465/2808 1469/1469/2809 1470/1470/2810
f 1465/1465/2808 1470/1470/2810 1466/1466/2811
f 1466/1466/2812 1470/1470/2813 1471/1471/2814
f 1466/1466/2812 1471/1471/2814 1467/1467/2815
f 1467/1467/2816 1471/1471/2817 1472/1472/2818
f 1467/1467/2816 1472/1472/2818 1468/1468/2819
f 1468/1468/2820 1472/1472/2821 1473/1473/2822
f 1468/1468/2786 1473/1473/2823 1323/1323/2787
f 1323/1323/2824 1473/1473/2825 1474/1474/2826
f 1323/1323/2427 1474/1474/2827 1314/1314/2428
f 1314/1314/2828 1474/1474/2829 1475/1475/2830
f 1314/1314/2404 1475/1475/2831 44/44/2405
f 44/44/45 1475/1475/2832 26/26/46
f 1469/1469/2833 1476/1476/2834 1470/1470/2835
f 1470/1470/2836 1476/1476/2837 1477/1477/2838
f 1470/1470/2836 1477/1477/2838 1471/1471/2839
f 1471/1471/2840 1477/1477/2841 1478/1478/2842
f 1471/1471/2840 1478/1478/2842 1472/1472/2843
f 1472/1472/2821 1478/1478/2844 1479/1479/2845
f 1472/1472/2821 1479/1479/2845 1473/1473/2822
f 1473/1473/2846 1479/1479/2847 1480/1480/2848
f 1473/1473/2825 1480/1480/2849 1474/1474/2826
f 1474/1474/2829 1480/1480/2850 1481/1481/2851
f 1474/1474/2829 1481/1481/2851 1475/1475/2830
f 1475/1475/2832 1481/1481/2852 26/26/46
f 1476/1476/2853 1482/1482/2854 1477/1477/2855
f 1477/1477/2856 1482/1482/2857 1483/1483/2858
f 1477/1477/2856 1483/1483/2858 1478/1478/2859
f 1478/1478/2860 1483/1483/2861 1484/1484/2862
f 1478/1478/2860 1484/1484/2862 1479/1479/2863
f 1479/1479/2847 1484/1484/2864 1485/1485/2865
f 1479/1479/2847 1485/1485/2865 1480/1480/2848
f 1480/1480/2850 1485/1485/2866 1486/1486/2867
f 1480/1480/2850 1486/1486/2867 1481/1481/2851
f 1481/1481/2852 1486/1486/2868 26/26/46
f 1062/1062/2869 1061/1061/2869 1063/1063/2869
f 1063/1063/2870 1061/1061/2870 1487/1487/2870
f 1063/1063/2871 1487/1487/2871 1488/1488/2871
f 1488/1488/2872 1487/1487/2872 1489/1489/2872
f 1488/1488/2873 1489/1489/2873 1490/1490/2873
f 1490/1490/2874 1489/1489/2874 1491/1491/2874
f 1490/1490/2875 1491/1491/2875 1492/1492/2875
f 1492/1492/2876 1491/1491/2876 1493/1493/2876
f 1492/1492/2877 1493/1493/2877 1494/1494/2877
f 1494/1494/2878 1493/1493/2878 1495/1495/2878
f 1494/1494/2879 1495/1495/2879 1496/1496/2879
f 1496/1496/2880 1495/1495/2881 1497/1497/2882
f 1496/1496/2883 1497/1497/2884 1498/1498/2885
f 1498/1498/2886 1497/1497/2887 1499/1499/2888
f 1498/1498/2889 1499/1499/2890 1500/1500/2891
f 1500/1500/2892 1499/1499/2893 1501/1501/2894
f 1500/1500/2895 1501/1501/2896 1502/1502/2897
f 1502/1502/2898 1501/1501/2899 1503/1503/2900
f 1502/1502/2901 1503/1503/2902 1504/1504/2903
f 1504/1504/2904 1503/1503/2904 1505/1505/2904
f 1504/1504/2905 1505/1505/2905 1506/1506/2905
f 1506/1506/2906 1505/1505/2906 1507/1507/2906
f 1506/1506/2907 1507/1507/2907 1508/1508/2907
f 1508/1508/2908 1507/1507/2908 1509/1509/2908
f 1508/1508/2909 1509/1509/2909 1510/1510/2909
f 1510/1510/2910 1509/1509/2910 1511/1511/2910
f 1510/1510/2911 1511/1511/2911 1512/1512/2911
f 1512/1512/2912 1511/1511/2912 1513/1513/2912
f 1512/1512/2913 1513/1513/2914 1514/1514/2915
f 1482/1482/2916 1515/1515/2916 1483/1483/2916
f 1483/1483/2917 1515/1515/2918 1516/1516/2919
f 1483/1483/2917 1516/1516/2919 1484/1484/2920
f 1484/1484/2921 1516/1516/2922 1517/1517/2923
f 1484/1484/2921 1517/1517/2923 1485/1485/2924
f 1485/1485/2866 1517/1517/2925 1518/1518/2926
f 1485/1485/2866 1518/1518/2926 1486/1486/2867
f 1486/1486/2868 1518/1518/2927 26/26/46
f 1515/1515/2928 1519/1519/2928 1516/1516/2928
f 1516/1516/2929 1519/1519/2930 1520/1520/2931
f 1516/1516/2929 1520/1520/2931 1517/1517/2932
f 1517/1517/2933 1520/1520/2934 1521/1521/2935
f 1517/1517/2933 1521/1521/2935 1518/1518/2936
f 1518/1518/2927 1521/1521/2937 26/26/46
f 1522/1522/2938 1523/1523/2938 1524/1524/2938
f 1524/1524/2939 1523/1523/2939 1525/1525/2939
f 1524/1524/2940 1525/1525/2940 1526/1526/2940
f 1526/1526/2941 1525/1525/2941 1527/1527/2941
f 1526/1526/2942 1527/1527/2942 1528/1528/2942
f 1528/1528/2943 1527/1527/2943 1529/1529/2943
f 1528/1528/2944 1529/1529/2944 1530/1530/2944
f 1530/1530/2945 1529/1529/2945 1531/1531/2945
f 1530/1530/2946 1531/1531/2946 1532/1532/2946
f 1532/1532/2947 1531/1531/2947 1387/1387/2947
f 1532/1532/2948 1387/1387/2949 1533/1533/2950
f 1533/1533/2951 1387/1387/2951 1386/1386/2951
f 1533/1533/2952 1386/1386/2952 1534/1534/2952
f 1534/1534/2953 1386/1386/2953 1384/1384/2953
f 1534/1534/2954 1384/1384/2954 1535/1535/2954
f 1535/1535/2955 1384/1384/2955 1382/1382/2955
f 1535/1535/2956 1382/1382/2956 1536/1536/2956
f 1536/1536/2957 1382/1382/2957 1380/1380/2957
f 1536/1536/2958 1380/1380/2958 1537/1537/2958
f 1537/1537/2959 1380/1380/2959 1378/1378/2959
f 1537/1537/2960 1378/1378/2960 1538/1538/2960
f 1538/1538/2961 1378/1378/2571 1112/1112/2570
f 1538/1538/2962 1112/1112/2963 1539/1539/2964
f 1539/1539/2965 1112/1112/2965 1111/1111/2965
f 1539/1539/2966 1111/1111/2967 1540/1540/2968
f 1540/1540/2969 1111/1111/2003 1110/1110/2002
f 1540/1540/2970 1110/1110/2971 1541/1541/2972
f 1541/1541/2973 1110/1110/1999 1096/1096/1998
f 1541/1541/2974 1096/1096/2975 1542/1542/2976
f 1542/1542/2977 1096/1096/1977 1098/1098/1979
f 1542/1542/2978 1098/1098/2979 1543/1543/2980
f 1077/1077/2981 1076/1076/2982 1544/1544/2983
f 1544/1544/2984 1076/1076/2525 1355/1355/2527
f 1544/1544/2985 1355/1355/2986 1545/1545/2987
f 1545/1545/2988 1355/1355/2531 1357/1357/2533
f 1545/1545/2989 1357/1357/2990 1546/1546/2991
f 1546/1546/2992 1357/1357/2537 1359/1359/2539
f 1546/1546/2993 1359/1359/2994 1547/1547/2995
f 1547/1547/2996 1359/1359/2543 1361/1361/2545
f 1547/1547/2997 1361/1361/2998 1548/1548/2999
f 1548/1548/3000 1361/1361/3000 1363/1363/3000
f 1548/1548/3001 1363/1363/3001 1549/1549/3001
f 1549/1549/3002 1363/1363/3002 1365/1365/3002
f 1549/1549/3003 1365/1365/3003 1550/1550/3003
f 1550/1550/3004 1365/1365/3004 1367/1367/3004
f 1550/1550/3005 1367/1367/3005 1551/1551/3005
f 1551/1551/3006 1367/1367/3006 1369/1369/3006
f 1551/1551/3007 1369/1369/3007 1552/1552/3007
f 1552/1552/3008 1369/1369/3008 1371/1371/3008
f 1552/1552/3009 1371/1371/3009 1553/1553/3009
f 1553/1553/3010 1371/1371/3010 1373/1373/3010
f 1553/1553/3011 1373/1373/3011 1554/1554/3011
f 1554/1554/3012 1373/1373/3012 1555/1555/3012
f 1554/1554/3013 1555/1555/3013 1556/1556/3013
f 1556/1556/3014 1555/1555/3014 1557/1557/3014
f 1556/1556/3015 1557/1557/3015 1558/1558/3015
f 1558/1558/3016 1557/1557/3016 1559/1559/3016
f 1558/1558/3017 1559/1559/3017 1560/1560/3017
f 1560/1560/3018 1559/1559/3018 1561/1561/3018
f 1560/1560/3019 1561/1561/3019 1562/1562/3019
f 1562/1562/3020 1561/1561/3020 1563/1563/3020
f 1562/1562/3021 1563/1563/3021 1564/1564/3021
f 1564/1564/3022 1563/1563/3022 1565/1565/3022
f 1564/1564/3023 1565/1565/3023 1566/1566/3023
f 1336/1336/3024 1374/1374/3024 1334/1334/3024
f 1334/1334/3025 1374/1374/2558 1375/1375/2560
f 1334/1334/2492 1375/1375/3026 1332/1332/2490
f 1332/1332/3027 1375/1375/2562 1376/1376/2564
f 1332/1332/2486 1376/1376/3028 1330/1330/2484
f 1330/1330/3029 1376/1376/2566 1377/1377/2568
f 1330/1330/2480 1377/1377/3030 1328/1328/2478
f 1328/1328/3031 1377/1377/2572 1379/1379/2574
f 1328/1328/3032 1379/1379/3032 1326/1326/3032
f 1326/1326/3033 1379/1379/3033 1381/1381/3033
f 1326/1326/3034 1381/1381/3034 1324/1324/3034
f 1324/1324/3035 1381/1381/3035 1383/1383/3035
f 1324/1324/2623 1383/1383/3036 37/37/2624
f 37/37/3037 1383/1383/3037 1385/1385/3037
f 37/37/3038 1385/1385/3038 38/38/3038
f 38/38/3039 1385/1385/2582 1387/1387/2584
f 38/38/3040 1387/1387/3040 1567/1567/3040
f 1567/1567/3041 1387/1387/3041 1531/1531/3041
f 1567/1567/3042 1531/1531/3042 1568/1568/3042
f 1568/1568/3043 1531/1531/3043 1529/1529/3043
f 1568/1568/3044 1529/1529/3044 1569/1569/3044
f 1569/1569/3045 1529/1529/3045 1527/1527/3045
f 1569/1569/3046 1527/1527/3046 1570/1570/3046
f 1570/1570/3047 1527/1527/3047 1525/1525/3047
f 1570/1570/3048 1525/1525/3048 1571/1571/3048
f 1571/1571/3049 1525/1525/3049 1523/1523/3049
f 1571/1571/3050 1523/1523/3050 1572/1572/3050
f 1572/1572/3051 1523/1523/3051 1522/1522/3051
f 1573/1573/3052 1574/1574/3052 1566/1566/3052
f 1566/1566/3053 1574/1574/3053 1522/1522/3053
f 1566/1566/3054 1522/1522/3054 1564/1564/3054
f 1564/1564/3055 1522/1522/3055 1524/1524/3055
f 1564/1564/3056 1524/1524/3056 1562/1562/3056
f 1562/1562/3057 1524/1524/3057 1526/1526/3057
f 1562/1562/3058 1526/1526/3058 1560/1560/3058
f 1560/1560/3059 1526/1526/3059 1528/1528/3059
f 1560/1560/3060 1528/1528/3060 1558/1558/3060
f 1558/1558/3061 1528/1528/3061 1530/1530/3061
f 1558/1558/3062 1530/1530/3062 1556/1556/3062
f 1556/1556/3063 1530/1530/3063 1532/1532/3063
f 1556/1556/3064 1532/1532/3064 1554/1554/3064
f 1554/1554/3065 1532/1532/2948 1533/1533/2950
f 1554/1554/3066 1533/1533/3066 1553/1553/3066
f 1553/1553/3067 1533/1533/3067 1534/1534/3067
f 1553/1553/3068 1534/1534/3068 1552/1552/3068
f 1552/1552/3069 1534/1534/3069 1535/1535/3069
f 1552/1552/3070 1535/1535/3070 1551/1551/3070
f 1551/1551/3071 1535/1535/3071 1536/1536/3071
f 1551/1551/3072 1536/1536/3072 1550/1550/3072
f 1550/1550/3073 1536/1536/3073 1537/1537/3073
f 1550/1550/3074 1537/1537/3074 1549/1549/3074
f 1549/1549/3075 1537/1537/3075 1538/1538/3075
f 1549/1549/3076 1538/1538/3076 1548/1548/3076
f 1548/1548/3077 1538/1538/2962 1539/1539/2964
f 1548/1548/2999 1539/1539/3078 1547/1547/2997
f 1547/1547/3079 1539/1539/2966 1540/1540/2968
f 1547/1547/2995 1540/1540/3080 1546/1546/2993
f 1546/1546/3081 1540/1540/2970 1541/1541/2972
f 1546/1546/2991 1541/1541/3082 1545/1545/2989
f 1545/1545/3083 1541/1541/2974 1542/1542/2976
f 1545/1545/2987 1542/1542/3084 1544/1544/2985
f 1544/1544/3085 1542/1542/2978 1543/1543/2980
f 1544/1544/2983 1543/1543/3086 1077/1077/2981
f 1575/1575/3087 1576/1576/3087 1577/1577/3087
f 1577/1577/3088 1576/1576/3088 1408/1408/3088
f 1577/1577/3089 1408/1408/3089 1578/1578/3089
f 1578/1578/3090 1408/1408/3090 1430/1430/3090
f 29/29/3091 1579/1579/3091 1437/1437/3091
f 1060/1060/3092 1059/1059/3092 1061/1061/3092
f 1061/1061/3093 1059/1059/3093 1463/1463/3093
f 1061/1061/3094 1463/1463/3094 1487/1487/3094
f 1487/1487/3095 1463/1463/3095 1462/1462/3095
f 1487/1487/3096 1462/1462/3096 1489/1489/3096
f 1489/1489/3097 1462/1462/3097 1460/1460/3097
f 1489/1489/3098 1460/1460/3098 1491/1491/3098
f 1491/1491/3099 1460/1460/3099 1458/1458/3099
f 1491/1491/3100 1458/1458/3100 1493/1493/3100
f 1493/1493/3101 1458/1458/3101 1456/1456/3101
f 1493/1493/3102 1456/1456/3102 1495/1495/3102
f 1495/1495/3103 1456/1456/2745 1454/1454/2744
f 1495/1495/2881 1454/1454/3104 1497/1497/2882
f 1497/1497/3105 1454/1454/2739 1452/1452/2738
f 1497/1497/2887 1452/1452/3106 1499/1499/2888
f 1499/1499/3107 1452/1452/2733 1450/1450/2732
f 1499/1499/2893 1450/1450/3108 1501/1501/2894
f 1501/1501/3109 1450/1450/2727 1448/1448/2726
f 1501/1501/2899 1448/1448/3110 1503/1503/2900
f 1503/1503/3111 1448/1448/3111 1446/1446/3111
f 1503/1503/3112 1446/1446/3112 1505/1505/3112
f 1505/1505/3113 1446/1446/3113 1444/1444/3113
f 1505/1505/3114 1444/1444/3114 1507/1507/3114
f 1507/1507/3115 1444/1444/3115 1442/1442/3115
f 1507/1507/3116 1442/1442/3116 1509/1509/3116
f 1509/1509/3117 1442/1442/3117 1440/1440/3117
f 1509/1509/3118 1440/1440/3118 1511/1511/3118
f 1511/1511/3119 1440/1440/3119 1438/1438/3119
f 1511/1511/3120 1438/1438/3120 1513/1513/3120
f 1513/1513/3121 1438/1438/3121 1437/1437/3121
f 1513/1513/3122 1437/1437/3122 1514/1514/3122
f 1514/1514/3123 1437/1437/3123 1579/1579/3123
f 1514/1514/3124 1579/1579/3125 26/26/37
f 29/29/35 26/26/37 1579/1579/3125
f 69/69/3126 70/70/3126 68/68/3126
f 68/68/3127 70/70/3127 1001/1001/3127
f 68/68/3128 1001/1001/3128 1065/1065/3128
f 1065/1065/3129 1001/1001/3129 1003/1003/3129
f 1065/1065/3130 1003/1003/3130 1066/1066/3130
f 1066/1066/3131 1003/1003/3131 1005/1005/3131
f 1066/1066/3132 1005/1005/3132 1067/1067/3132
f 1067/1067/3133 1005/1005/3133 1007/1007/3133
f 1067/1067/3134 1007/1007/3134 1068/1068/3134
f 1068/1068/3135 1007/1007/3135 1580/1580/3135
f 1068/1068/3136 1580/1580/3136 1069/1069/3136
f 1069/1069/3137 1580/1580/3137 1581/1581/3137
f 1069/1069/3138 1581/1581/3139 1070/1070/3140
f 1070/1070/3140 1581/1581/3139 1582/1582/3141
f 1070/1070/3142 1582/1582/3142 1461/1461/3142
f 1461/1461/3143 1582/1582/3143 1583/1583/3143
f 1461/1461/3144 1583/1583/3144 1459/1459/3144
f 1459/1459/3145 1583/1583/3145 1584/1584/3145
f 1459/1459/3146 1584/1584/3146 1457/1457/3146
f 1457/1457/3147 1584/1584/3148 1585/1585/3149
f 1457/1457/2748 1585/1585/3150 1455/1455/2746
f 1455/1455/3151 1585/1585/3152 1586/1586/3153
f 1455/1455/2742 1586/1586/3154 1453/1453/2740
f 1453/1453/3155 1586/1586/3156 1587/1587/3157
f 1453/1453/2736 1587/1587/3158 1451/1451/2734
f 1451/1451/3159 1587/1587/3159 1588/1588/3159
f 1451/1451/2730 1588/1588/3160 1449/1449/2728
f 1449/1449/3161 1588/1588/3161 1589/1589/3161
f 1449/1449/3162 1589/1589/3162 1447/1447/3162
f 1447/1447/3163 1589/1589/3163 1590/1590/3163
f 1447/1447/3164 1590/1590/3164 1445/1445/3164
f 1445/1445/3165 1590/1590/3165 1591/1591/3165
f 1445/1445/3166 1591/1591/3166 1443/1443/3166
f 1443/1443/3167 1591/1591/3167 1592/1592/3167
f 1443/1443/3168 1592/1592/3168 1441/1441/3168
f 1441/1441/3169 1592/1592/3169 1593/1593/3169
f 1441/1441/3170 1593/1593/3170 1439/1439/3170
f 1439/1439/3171 1593/1593/3171 1594/1594/3171
f 1439/1439/3172 1594/1594/3172 1437/1437/3172
f 1437/1437/3173 1594/1594/3173 1595/1595/3173
f 1437/1437/3174 1595/1595/3174 29/29/3174
f 29/29/3175 1595/1595/3175 1596/1596/3175
f 29/29/3176 1596/1596/3177 27/27/3178
f 1597/1597/3179 1575/1575/3180 1598/1598/3181
f 1598/1598/3182 1575/1575/3183 1577/1577/3184
f 1598/1598/3182 1577/1577/3184 1599/1599/3185
f 1599/1599/3186 1577/1577/3187 1578/1578/3188
f 1599/1599/3186 1578/1578/3188 1600/1600/3189
f 1006/1006/3190 61/61/3191 1007/1007/3192
f 1007/1007/3192 61/61/3191 60/60/3193
f 1007/1007/3194 60/60/3194 1580/1580/3194
f 1580/1580/3195 60/60/3195 1401/1401/3195
f 1580/1580/3196 1401/1401/3196 1581/1581/3196
f 1581/1581/3197 1401/1401/3197 1402/1402/3197
f 1581/1581/3198 1402/1402/3198 1582/1582/3198
f 1582/1582/3199 1402/1402/3199 1403/1403/3199
f 1582/1582/3200 1403/1403/3200 1583/1583/3200
f 1583/1583/3201 1403/1403/3201 1404/1404/3201
f 1583/1583/3202 1404/1404/3202 1584/1584/3202
f 1584/1584/3203 1404/1404/2608 1405/1405/2610
f 1584/1584/3148 1405/1405/3204 1585/1585/3149
f 1585/1585/3205 1405/1405/2612 1406/1406/2614
f 1585/1585/3152 1406/1406/3206 1586/1586/3153
f 1586/1586/3207 1406/1406/2616 1407/1407/2618
f 1586/1586/3156 1407/1407/3208 1587/1587/3157
f 1587/1587/3209 1407/1407/3209 36/36/3209
f 1587/1587/3210 36/36/3210 1588/1588/3210
f 1588/1588/3211 36/36/3211 38/38/3211
f 1588/1588/3212 38/38/3212 1589/1589/3212
f 1589/1589/3213 38/38/3213 1567/1567/3213
f 1589/1589/3214 1567/1567/3214 1590/1590/3214
f 1590/1590/3215 1567/1567/3215 1568/1568/3215
f 1590/1590/3216 1568/1568/3216 1591/1591/3216
f 1591/1591/3217 1568/1568/3217 1569/1569/3217
f 1591/1591/3218 1569/1569/3218 1592/1592/3218
f 1592/1592/3219 1569/1569/3219 1570/1570/3219
f 1592/1592/3220 1570/1570/3220 1593/1593/3220
f 1593/1593/3221 1570/1570/3221 1571/1571/3221
f 1593/1593/3222 1571/1571/3222 1594/1594/3222
f 1594/1594/3223 1571/1571/3223 1572/1572/3223
f 1594/1594/3224 1572/1572/3224 1595/1595/3224
f 1595/1595/3225 1572/1572/3225 1522/1522/3225
f 1595/1595/3226 1522/1522/3226 1596/1596/3226
f 1596/1596/3227 1522/1522/3227 1574/1574/3227
f 1596/1596/3177 1574/1574/3228 27/27/3178
f 27/27/3178 1574/1574/3228 1573/1573/3229
f 27/27/3230 1573/1573/3231 28/28/3232
f 1064/1064/3233 1063/1063/3233 1136/1136/3233
f 1136/1136/3234 1063/1063/3234 1488/1488/3234
f 1136/1136/3235 1488/1488/3235 1146/1146/3235
f 1146/1146/3236 1488/1488/3236 1490/1490/3236
f 1146/1146/3237 1490/1490/3237 1148/1148/3237
f 1148/1148/3238 1490/1490/3238 1492/1492/3238
f 1148/1148/3239 1492/1492/3239 1150/1150/3239
f 1150/1150/3240 1492/1492/3240 1494/1494/3240
f 1150/1150/3241 1494/1494/3241 1152/1152/3241
f 1152/1152/3242 1494/1494/3242 1496/1496/3242
f 1152/1152/3243 1496/1496/3243 1154/1154/3243
f 1154/1154/3244 1496/1496/2883 1498/1498/2885
f 1154/1154/2078 1498/1498/3245 1156/1156/2079
f 1156/1156/3246 1498/1498/2889 1500/1500/2891
f 1156/1156/2769 1500/1500/3247 1464/1464/2770
f 1464/1464/3248 1500/1500/2895 1502/1502/2897
f 1464/1464/2805 1502/1502/3249 1469/1469/2806
f 1469/1469/3250 1502/1502/2901 1504/1504/2903
f 1469/1469/2833 1504/1504/3251 1476/1476/2834
f 1476/1476/3252 1504/1504/3252 1506/1506/3252
f 1476/1476/2853 1506/1506/3253 1482/1482/2854
f 1482/1482/3254 1506/1506/3254 1508/1508/3254
f 1482/1482/3255 1508/1508/3255 1515/1515/3255
f 1515/1515/3256 1508/1508/3256 1510/1510/3256
f 1515/1515/3257 1510/1510/3257 1519/1519/3257
f 1519/1519/3258 1510/1510/3258 1512/1512/3258
f 1519/1519/3259 1512/1512/3259 1520/1520/3259
f 1520/1520/3260 1512/1512/2913 1514/1514/2915
f 1520/1520/2934 1514/1514/3261 1521/1521/2935
f 1521/1521/3262 1514/1514/3262 26/26/3262
f 236/236/201 231/231/3263 41/41/202
f 41/41/3264 231/231/3264 232/232/3264
f 41/41/3265 232/232/3265 1427/1427/3265
f 1427/1427/3266 232/232/3266 233/233/3266
f 1427/1427/2688 233/233/3267 33/33/2689
f 33/33/3268 233/233/3268 234/234/3268
f 33/33/3269 234/234/3269 34/34/3269
f 34/34/3270 234/234/3270 138/138/3270
f 34/34/3271 138/138/3271 35/35/3271
f 35/35/3272 138/138/3272 30/30/3272
f 35/35/3273 30/30/3273 1428/1428/3273
f 1428/1428/3274 30/30/3274 32/32/3274
f 1428/1428/3275 32/32/3275 1429/1429/3275
f 1429/1429/3276 32/32/3276 1433/1433/3276
f 1429/1429/3277 1433/1433/3277 1430/1430/3277
f 1430/1430/3278 1433/1433/3278 1434/1434/3278
f 1430/1430/3279 1434/1434/3279 1578/1578/3279
f 1578/1578/3280 1434/1434/3281 1435/1435/3282
f 1578/1578/3280 1435/1435/3282 1600/1600/3283
f 1600/1600/3284 1435/1435/3285 1436/1436/3286
f 333/333/3287 329/329/3287 331/331/3287
f 331/331/3288 329/329/3288 328/328/3288
f 331/331/312 328/328/3289 332/332/313
f 332/332/313 328/328/3289 1601/1601/3290
f 332/332/3291 1601/1601/3291 336/336/3292
f 336/336/3292 1601/1601/3291 1602/1602/3293
f 336/336/3294 1602/1602/3295 338/338/3296
f 338/338/3296 1602/1602/3295 1603/1603/3297
f 338/338/3298 1603/1603/3299 339/339/3300
f 339/339/3300 1603/1603/3299 1604/1604/3301
f 339/339/3302 1604/1604/3303 341/341/3304
f 326/326/3305 317/317/3305 327/327/3305
f 327/327/3306 317/317/3306 316/316/3306
f 327/327/3307 316/316/3308 325/325/3309
f 325/325/3309 316/316/3308 1605/1605/3310
f 325/325/306 1605/1605/3311 323/323/304
f 323/323/304 1605/1605/3311 1606/1606/3312
f 323/323/3313 1606/1606/3314 321/321/3315
f 321/321/3315 1606/1606/3314 1607/1607/3316
f 321/321/3317 1607/1607/3318 319/319/3319
f 319/319/3319 1607/1607/3318 1608/1608/3320
f 319/319/3321 1608/1608/3322 328/328/3323
f 328/328/3323 1608/1608/3322 1609/1609/3324
f 328/328/3325 1609/1609/3326 1601/1601/3327
f 1601/1601/3327 1609/1609/3326 1610/1610/3328
f 1601/1601/3329 1610/1610/3330 1602/1602/3331
f 1602/1602/3331 1610/1610/3330 1611/1611/3332
f 1602/1602/3333 1611/1611/3333 1603/1603/3334
f 1603/1603/3334 1611/1611/3333 1612/1612/3335
f 1603/1603/3336 1612/1612/3337 1604/1604/3337
f 314/314/3338 307/307/3338 315/315/3338
f 315/315/3339 307/307/284 306/306/283
f 315/315/296 306/306/3340 313/313/294
f 313/313/294 306/306/3340 1613/1613/3341
f 313/313/3342 1613/1613/3343 311/311/3344
f 311/311/3344 1613/1613/3343 1614/1614/3345
f 311/311/3346 1614/1614/3347 316/316/3348
f 316/316/3348 1614/1614/3347 1615/1615/3349
f 316/316/3350 1615/1615/3351 1605/1605/3352
f 1605/1605/3352 1615/1615/3351 1616/1616/3353
f 1605/1605/3354 1616/1616/3355 1606/1606/3356
f 1606/1606/3356 1616/1616/3355 1617/1617/3357
f 1606/1606/3358 1617/1617/3359 1607/1607/3360
f 1607/1607/3360 1617/1617/3359 1618/1618/3361
f 1607/1607/3362 1618/1618/3363 1608/1608/3364
f 1608/1608/3364 1618/1618/3363 1619/1619/3365
f 1608/1608/3366 1619/1619/3367 1609/1609/3368
f 1609/1609/3368 1619/1619/3367 1620/1620/3369
f 1609/1609/3370 1620/1620/3371 1610/1610/3372
f 1610/1610/3372 1620/1620/3371 1621/1621/3373
f 1610/1610/3374 1621/1621/3375 1611/1611/3376
f 1611/1611/3376 1621/1621/3375 1622/1622/3377
f 1611/1611/3378 1622/1622/3379 1612/1612/3380
f 302/302/3381 300/300/3381 303/303/3381
f 303/303/3382 300/300/276 301/301/278
f 303/303/281 301/301/3383 305/305/282
f 305/305/282 301/301/3383 1623/1623/3384
f 305/305/289 1623/1623/3385 308/308/287
f 308/308/287 1623/1623/3385 1624/1624/3386
f 308/308/3387 1624/1624/3388 306/306/3389
f 306/306/3389 1624/1624/3388 1625/1625/3390
f 306/306/3391 1625/1625/3392 1613/1613/3393
f 1613/1613/3393 1625/1625/3392 1626/1626/3394
f 1613/1613/3395 1626/1626/3396 1614/1614/3397
f 1614/1614/3397 1626/1626/3396 1627/1627/3398
f 1614/1614/3399 1627/1627/3400 1615/1615/3401
f 1615/1615/3401 1627/1627/3400 1628/1628/3402
f 1615/1615/3403 1628/1628/3404 1616/1616/3405
f 1616/1616/3405 1628/1628/3404 1629/1629/3406
f 1616/1616/3407 1629/1629/3408 1617/1617/3409
f 1617/1617/3409 1629/1629/3408 1630/1630/3410
f 1617/1617/3411 1630/1630/3412 1618/1618/3413
f 1618/1618/3413 1630/1630/3412 1631/1631/3414
f 1618/1618/3415 1631/1631/3416 1619/1619/3417
f 1619/1619/3417 1631/1631/3416 1632/1632/3418
f 1619/1619/3419 1632/1632/3420 1620/1620/3421
f 1620/1620/3421 1632/1632/3420 1633/1633/3422
f 1620/1620/3423 1633/1633/3424 1621/1621/3425
f 1621/1621/3425 1633/1633/3424 1634/1634/3426
f 1621/1621/3427 1634/1634/3428 1622/1622/3429
f 296/296/3430 294/294/3430 297/297/3430
f 297/297/3431 294/294/268 295/295/270
f 297/297/273 295/295/3432 299/299/274
f 299/299/274 295/295/3432 1635/1635/3433
f 299/299/3434 1635/1635/3435 301/301/3436
f 301/301/3436 1635/1635/3435 1636/1636/3437
f 301/301/3438 1636/1636/3439 1623/1623/3440
f 1623/1623/3440 1636/1636/3439 1637/1637/3441
f 1623/1623/3442 1637/1637/3443 1624/1624/3444
f 1624/1624/3444 1637/1637/3443 1638/1638/3445
f 1624/1624/3446 1638/1638/3447 1625/1625/3448
f 1625/1625/3448 1638/1638/3447 1639/1639/3449
f 1625/1625/3450 1639/1639/3451 1626/1626/3452
f 1626/1626/3452 1639/1639/3451 1640/1640/3453
f 1626/1626/3454 1640/1640/3455 1627/1627/3456
f 1627/1627/3456 1640/1640/3455 1641/1641/3457
f 1627/1627/3458 1641/1641/3459 1628/1628/3460
f 1628/1628/3460 1641/1641/3459 1642/1642/3461
f 1628/1628/3462 1642/1642/3463 1629/1629/3464
f 1629/1629/3464 1642/1642/3463 1643/1643/3465
f 1629/1629/3466 1643/1643/3467 1630/1630/3468
f 1630/1630/3468 1643/1643/3467 1644/1644/3469
f 1630/1630/3470 1644/1644/3471 1631/1631/3472
f 1631/1631/3472 1644/1644/3471 1645/1645/3473
f 1631/1631/3474 1645/1645/3475 1632/1632/3476
f 1632/1632/3476 1645/1645/3475 1646/1646/3477
f 1632/1632/3478 1646/1646/3479 1633/1633/3480
f 1633/1633/3480 1646/1646/3479 1647/1647/3481
f 1633/1633/3482 1647/1647/3483 1634/1634/3484
f 290/290/3485 289/289/3485 291/291/3485
f 291/291/3486 289/289/262 288/288/261
f 291/291/265 288/288/3487 293/293/266
f 293/293/266 288/288/3487 1648/1648/3488
f 293/293/269 1648/1648/3489 295/295/270
f 295/295/270 1648/1648/3489 1649/1649/3490
f 295/295/3491 1649/1649/3492 1635/1635/3493
f 1635/1635/3493 1649/1649/3492 1650/1650/3494
f 1635/1635/3495 1650/1650/3496 1636/1636/3497
f 1636/1636/3497 1650/1650/3496 1651/1651/3498
f 1636/1636/3499 1651/1651/3500 1637/1637/3501
f 1637/1637/3501 1651/1651/3500 1652/1652/3502
f 1637/1637/3503 1652/1652/3504 1638/1638/3505
f 1638/1638/3505 1652/1652/3504 1653/1653/3506
f 1638/1638/3507 1653/1653/3508 1639/1639/3509
f 1639/1639/3509 1653/1653/3508 1654/1654/3510
f 1639/1639/3511 1654/1654/3512 1640/1640/3513
f 1640/1640/3513 1654/1654/3512 1655/1655/3514
f 1640/1640/3515 1655/1655/3516 1641/1641/3517
f 1641/1641/3517 1655/1655/3516 1656/1656/3518
f 1641/1641/3519 1656/1656/3520 1642/1642/3521
f 1642/1642/3521 1656/1656/3520 1657/1657/3522
f 1642/1642/3523 1657/1657/3524 1643/1643/3525
f 1643/1643/3525 1657/1657/3524 1658/1658/3526
f 1643/1643/3527 1658/1658/3528 1644/1644/3529
f 1644/1644/3529 1658/1658/3528 1659/1659/3530
f 1644/1644/3531 1659/1659/3532 1645/1645/3533
f 1645/1645/3533 1659/1659/3532 1660/1660/3534
f 1645/1645/3535 1660/1660/3536 1646/1646/3537
f 1646/1646/3537 1660/1660/3536 1661/1661/3538
f 1646/1646/3539 1661/1661/3540 1647/1647/3541
f 285/285/3542 280/280/3542 286/286/3542
f 286/286/3543 280/280/250 279/279/249
f 286/286/259 279/279/3544 288/288/260
f 288/288/260 279/279/3544 1662/1662/3545
f 288/288/3487 1662/1662/3546 1648/1648/3488
f 1648/1648/3488 1662/1662/3546 1663/1663/3547
f 1648/1648/3548 1663/1663/3549 1649/1649/3550
f 1649/1649/3550 1663/1663/3549 1664/1664/3551
f 1649/1649/3552 1664/1664/3553 1650/1650/3554
f 1650/1650/3554 1664/1664/3553 1665/1665/3555
f 1650/1650/3556 1665/1665/3557 1651/1651/3558
f 1651/1651/3558 1665/1665/3557 1666/1666/3559
f 1651/1651/3560 1666/1666/3561 1652/1652/3562
f 1652/1652/3562 1666/1666/3561 1667/1667/3563
f 1652/1652/3564 1667/1667/3565 1653/1653/3566
f 1653/1653/3566 1667/1667/3565 1668/1668/3567
f 1653/1653/3568 1668/1668/3569 1654/1654/3570
f 1654/1654/3570 1668/1668/3569 1669/1669/3571
f 1654/1654/3572 1669/1669/3573 1655/1655/3574
f 1655/1655/3574 1669/1669/3573 1670/1670/3575
f 1655/1655/3576 1670/1670/3577 1656/1656/3578
f 1656/1656/3578 1670/1670/3577 1671/1671/3579
f 1656/1656/3580 1671/1671/3581 1657/1657/3582
f 1657/1657/3582 1671/1671/3581 1672/1672/3583
f 1657/1657/3584 1672/1672/3585 1658/1658/3586
f 1658/1658/3586 1672/1672/3585 1673/1673/3587
f 1658/1658/3588 1673/1673/3589 1659/1659/3590
f 1659/1659/3590 1673/1673/3589 1674/1674/3591
f 1659/1659/3592 1674/1674/3593 1660/1660/3594
f 1660/1660/3594 1674/1674/3593 1675/1675/3595
f 1660/1660/3596 1675/1675/3597 1661/1661/3598
f 1676/1676/3599 1677/1677/3600 1678/1678/3601
f 1678/1678/3602 1677/1677/3603 1679/1679/3604
f 1678/1678/3602 1679/1679/3604 1680/1680/3605
f 1680/1680/3606 1679/1679/3607 1681/1681/3608
f 1680/1680/3606 1681/1681/3608 1682/1682/3609
f 1682/1682/3610 1681/1681/3611 1683/1683/3612
f 1682/1682/3610 1683/1683/3612 1684/1684/3613
f 1684/1684/3614 1683/1683/3615 1685/1685/3616
f 1684/1684/3614 1685/1685/3616 1686/1686/3617
f 1686/1686/3618 1685/1685/3619 1687/1687/3620
f 1686/1686/3618 1687/1687/3620 1688/1688/3621
f 1688/1688/3622 1687/1687/3623 1689/1689/3624
f 1688/1688/3622 1689/1689/3624 1690/1690/3625
f 1690/1690/3626 1689/1689/3627 1691/1691/3628
f 1690/1690/3626 1691/1691/3628 1692/1692/3629
f 1165/1165/3630 1692/1692/3630 985/985/3630
f 985/985/3631 1692/1692/3631 1691/1691/3631
f 985/985/3632 1691/1691/3632 972/972/3632
f 972/972/3633 1691/1691/3634 1689/1689/3635
f 972/972/3633 1689/1689/3635 934/934/3636
f 934/934/3637 1689/1689/3638 1687/1687/3639
f 934/934/3637 1687/1687/3639 933/933/3640
f 933/933/3641 1687/1687/3642 1685/1685/3643
f 933/933/3641 1685/1685/3643 932/932/3644
f 932/932/3645 1685/1685/3646 1683/1683/3647
f 932/932/3645 1683/1683/3647 931/931/3648
f 931/931/3649 1683/1683/3650 1681/1681/3651
f 931/931/3649 1681/1681/3651 5/5/3652
f 5/5/3653 1681/1681/3654 1679/1679/3655
f 5/5/3653 1679/1679/3655 6/6/3656
f 6/6/3657 1679/1679/3658 1677/1677/3659
f 1693/1693/3660 1694/1694/3660 1695/1695/3660
f 1695/1695/3661 1694/1694/3661 1696/1696/3661
f 1695/1695/3662 1696/1696/3662 1697/1697/3662
f 1697/1697/3663 1696/1696/3663 1698/1698/3663
f 1697/1697/3664 1698/1698/3664 1699/1699/3664
f 1699/1699/3665 1698/1698/3665 1700/1700/3665
f 1699/1699/3666 1700/1700/3666 1701/1701/3666
f 1701/1701/3667 1700/1700/3668 1702/1702/3669
f 1701/1701/3670 1702/1702/3671 1703/1703/3672
f 1703/1703/3673 1702/1702/3674 1704/1704/3675
f 1703/1703/3676 1704/1704/3677 1705/1705/3678
f 1705/1705/3679 1704/1704/3680 1706/1706/3681
f 1705/1705/3682 1706/1706/3683 1707/1707/3684
f 1707/1707/3685 1706/1706/3686 1708/1708/3687
f 1707/1707/3688 1708/1708/3689 1709/1709/3690
f 1709/1709/3691 1708/1708/3692 1710/1710/3693
f 1709/1709/3694 1710/1710/3695 1711/1711/3696
f 1711/1711/3697 1710/1710/3698 1712/1712/3699
f 1711/1711/3700 1712/1712/3701 1713/1713/3702
f 8/8/3703 7/7/3704 1714/1714/3705
f 1714/1714/3706 7/7/3707 1715/1715/3708
f 1714/1714/3709 1715/1715/3710 1716/1716/3711
f 1716/1716/3712 1715/1715/3713 1717/1717/3714
f 1716/1716/3715 1717/1717/3716 1718/1718/3717
f 1718/1718/3718 1717/1717/3719 1719/1719/3720
f 1718/1718/3721 1719/1719/3722 1720/1720/3723
f 1720/1720/3724 1719/1719/3725 1721/1721/3726
f 1720/1720/3727 1721/1721/3728 1722/1722/3729
f 1722/1722/3730 1721/1721/3731 1723/1723/3732
f 1722/1722/3733 1723/1723/3734 1724/1724/3735
f 1724/1724/3736 1723/1723/3737 1725/1725/3738
f 1724/1724/3739 1725/1725/3740 1726/1726/3741
f 1727/1727/3742 1693/1693/3742 1728/1728/3742
f 1728/1728/3743 1693/1693/3743 1695/1695/3743
f 1728/1728/3744 1695/1695/3744 1729/1729/3744
f 1729/1729/3745 1695/1695/3745 1697/1697/3745
f 1729/1729/3746 1697/1697/3746 1730/1730/3746
f 1730/1730/3747 1697/1697/3747 1699/1699/3747
f 1730/1730/3748 1699/1699/3749 1726/1726/3750
f 1726/1726/3751 1699/1699/3751 1701/1701/3751
f 1726/1726/3741 1701/1701/3752 1724/1724/3739
f 1724/1724/3753 1701/1701/3670 1703/1703/3672
f 1724/1724/3735 1703/1703/3754 1722/1722/3733
f 1722/1722/3755 1703/1703/3676 1705/1705/3678
f 1722/1722/3729 1705/1705/3756 1720/1720/3727
f 1720/1720/3757 1705/1705/3682 1707/1707/3684
f 1720/1720/3723 1707/1707/3758 1718/1718/3721
f 1718/1718/3759 1707/1707/3688 1709/1709/3690
f 1718/1718/3717 1709/1709/3760 1716/1716/3715
f 1716/1716/3761 1709/1709/3694 1711/1711/3696
f 1716/1716/3711 1711/1711/3762 1714/1714/3709
f 1714/1714/3763 1711/1711/3700 1713/1713/3702
f 1714/1714/3705 1713/1713/3764 8/8/3703
f 11/11/12 12/12/3765 10/10/10
f 10/10/3766 12/12/3767 1731/1731/3768
f 10/10/3769 1731/1731/3770 1732/1732/3771
f 1732/1732/3772 1731/1731/3773 1733/1733/3774
f 1732/1732/3775 1733/1733/3776 1734/1734/3777
f 1734/1734/3778 1733/1733/3779 1735/1735/3780
f 1734/1734/3781 1735/1735/3782 1736/1736/3783
f 1736/1736/3784 1735/1735/3785 1737/1737/3786
f 1736/1736/3787 1737/1737/3788 1738/1738/3789
f 1738/1738/3790 1737/1737/3791 1739/1739/3792
f 1738/1738/3793 1739/1739/3794 1740/1740/3795
f 1740/1740/3796 1739/1739/3797 1741/1741/3798
f 1740/1740/3799 1741/1741/3800 1742/1742/3801
f 1742/1742/3802 1741/1741/3803 1743/1743/3804
f 1742/1742/3805 1743/1743/3806 1744/1744/3807
f 1744/1744/3808 1743/1743/3809 1745/1745/3810
f 1744/1744/3811 1745/1745/3812 1746/1746/3813
f 1746/1746/3814 1745/1745/3814 1747/1747/3814
f 1746/1746/3815 1747/1747/3815 1748/1748/3815
f 1748/1748/3816 1747/1747/3816 1749/1749/3816
f 1748/1748/3817 1749/1749/3817 1750/1750/3817
f 1750/1750/3818 1749/1749/3818 1751/1751/3818
f 1750/1750/3819 1751/1751/3819 1752/1752/3819
f 1752/1752/3820 1751/1751/3820 1753/1753/3820
f 1752/1752/3821 1753/1753/3821 982/982/3821
f 982/982/3822 1753/1753/3822 1754/1754/3822
f 982/982/3823 1754/1754/3823 983/983/3823
f 1727/1727/3824 994/994/3824 1693/1693/3824
f 1693/1693/3825 994/994/3826 980/980/3827
f 1693/1693/3825 980/980/3827 1694/1694/3828
f 1694/1694/3829 980/980/3829 976/976/3829
f 1694/1694/3830 976/976/3830 1696/1696/3830
f 1696/1696/3831 976/976/3831 935/935/3831
f 1696/1696/3832 935/935/3832 1698/1698/3832
f 1698/1698/3833 935/935/3833 925/925/3833
f 1698/1698/3834 925/925/3834 1700/1700/3834
f 1700/1700/3835 925/925/3835 924/924/3835
f 1700/1700/3668 924/924/3836 1702/1702/3669
f 1702/1702/3837 924/924/1645 922/922/1644
f 1702/1702/3674 922/922/3838 1704/1704/3675
f 1704/1704/3839 922/922/1639 4/4/1638
f 1704/1704/3680 4/4/3840 1706/1706/3681
f 1706/1706/3841 4/4/4 6/6/6
f 1706/1706/3686 6/6/3842 1708/1708/3687
f 1708/1708/3843 6/6/3657 1677/1677/3659
f 1708/1708/3692 1677/1677/3844 1710/1710/3693
f 1710/1710/3845 1677/1677/3600 1676/1676/3599
f 1710/1710/3698 1676/1676/3846 1712/1712/3699
f 1755/1755/3847 1756/1756/3847 1757/1757/3848
f 1757/1757/3849 1756/1756/3850 1758/1758/3851
f 1757/1757/3852 1758/1758/3853 1759/1759/3854
f 1759/1759/3855 1758/1758/3856 1760/1760/3857
f 1759/1759/3858 1760/1760/3859 1761/1761/3860
f 1761/1761/3861 1760/1760/3862 1762/1762/3863
f 1761/1761/3864 1762/1762/3865 1763/1763/3866
f 1763/1763/3867 1762/1762/3868 1764/1764/3869
f 1763/1763/3870 1764/1764/3871 1765/1765/3872
f 1765/1765/3873 1764/1764/3874 1766/1766/3875
f 1765/1765/3876 1766/1766/3877 1767/1767/3878
f 1767/1767/3879 1766/1766/3880 1768/1768/3881
f 1767/1767/3882 1768/1768/3883 1769/1769/3884
f 1769/1769/3885 1768/1768/3886 1770/1770/3887
f 1769/1769/3888 1770/1770/3889 1771/1771/3890
f 1771/1771/3891 1770/1770/3892 1772/1772/3893
f 1771/1771/3894 1772/1772/3895 1773/1773/3896
f 1773/1773/3897 1772/1772/3898 1774/1774/3899
f 1773/1773/3900 1774/1774/3901 1775/1775/3902
f 1775/1775/3903 1774/1774/3904 1776/1776/3905
f 1775/1775/3906 1776/1776/3907 1777/1777/3908
f 1777/1777/3909 1776/1776/3910 1778/1778/3911
f 1777/1777/3912 1778/1778/3913 1779/1779/3914
f 1779/1779/3915 1778/1778/3915 1780/1780/3915
f 1779/1779/3916 1780/1780/3916 1781/1781/3916
f 15/15/17 16/16/3917 14/14/16
f 14/14/3918 16/16/3919 1782/1782/3920
f 14/14/3921 1782/1782/3922 1783/1783/3923
f 1783/1783/3924 1782/1782/3925 1784/1784/3926
f 1783/1783/3927 1784/1784/3928 1785/1785/3929
f 1785/1785/3930 1784/1784/3931 1786/1786/3932
f 1785/1785/3933 1786/1786/3934 1787/1787/3935
f 1787/1787/3936 1786/1786/3937 1788/1788/3938
f 1787/1787/3939 1788/1788/3940 1789/1789/3941
f 1789/1789/3942 1788/1788/3943 1790/1790/3944
f 1789/1789/3945 1790/1790/3946 1791/1791/3947
f 1791/1791/3948 1790/1790/3949 1792/1792/3950
f 1791/1791/3951 1792/1792/3952 1793/1793/3953
f 1793/1793/3954 1792/1792/3955 1794/1794/3956
f 1793/1793/3957 1794/1794/3958 1795/1795/3959
f 1795/1795/3960 1794/1794/3961 1796/1796/3962
f 1795/1795/3963 1796/1796/3964 1797/1797/3965
f 1797/1797/3966 1796/1796/3967 1798/1798/3968
f 1797/1797/3969 1798/1798/3970 1799/1799/3971
f 1799/1799/3972 1798/1798/3972 1800/1800/3972
f 1799/1799/3973 1800/1800/3973 1801/1801/3973
f 1801/1801/3974 1800/1800/3974 1802/1802/3974
f 1801/1801/3975 1802/1802/3975 1803/1803/3975
f 1803/1803/3976 1802/1802/3976 1804/1804/3976
f 1803/1803/3977 1804/1804/3977 1805/1805/3977
f 1805/1805/3978 1804/1804/3978 1806/1806/3978
f 1805/1805/3979 1806/1806/3979 1807/1807/3979
f 1807/1807/3980 1806/1806/3980 1808/1808/3980
f 1807/1807/3981 1808/1808/3981 1809/1809/3981
f 13/13/15 14/14/3982 12/12/13
f 12/12/3983 14/14/3921 1783/1783/3923
f 12/12/3767 1783/1783/3984 1731/1731/3768
f 1731/1731/3985 1783/1783/3927 1785/1785/3929
f 1731/1731/3773 1785/1785/3986 1733/1733/3774
f 1733/1733/3987 1785/1785/3933 1787/1787/3935
f 1733/1733/3779 1787/1787/3988 1735/1735/3780
f 1735/1735/3989 1787/1787/3939 1789/1789/3941
f 1735/1735/3785 1789/1789/3990 1737/1737/3786
f 1737/1737/3991 1789/1789/3945 1791/1791/3947
f 1737/1737/3791 1791/1791/3992 1739/1739/3792
f 1739/1739/3993 1791/1791/3951 1793/1793/3953
f 1739/1739/3797 1793/1793/3994 1741/1741/3798
f 1741/1741/3995 1793/1793/3957 1795/1795/3959
f 1741/1741/3803 1795/1795/3996 1743/1743/3804
f 1743/1743/3997 1795/1795/3963 1797/1797/3965
f 1743/1743/3809 1797/1797/3998 1745/1745/3810
f 1745/1745/3999 1797/1797/3969 1799/1799/3971
f 1745/1745/4000 1799/1799/4000 1747/1747/4000
f 1747/1747/4001 1799/1799/4001 1801/1801/4001
f 1747/1747/4002 1801/1801/4002 1749/1749/4002
f 1749/1749/4003 1801/1801/4003 1803/1803/4003
f 1749/1749/4004 1803/1803/4004 1751/1751/4004
f 1751/1751/4005 1803/1803/4005 1805/1805/4005
f 1751/1751/4006 1805/1805/4006 1753/1753/4006
f 1753/1753/4007 1805/1805/4007 1807/1807/4007
f 1753/1753/4008 1807/1807/4008 1754/1754/4008
f 1754/1754/4009 1807/1807/4009 1809/1809/4009
f 1754/1754/4010 1809/1809/4011 983/983/4012
f 19/19/23 20/20/23 18/18/21
f 18/18/4013 20/20/4014 1810/1810/4015
f 18/18/4016 1810/1810/4017 1811/1811/4017
f 1811/1811/4018 1810/1810/4019 1812/1812/4020
f 1811/1811/4021 1812/1812/4022 1813/1813/4022
f 1813/1813/4023 1812/1812/4024 1814/1814/4025
f 1813/1813/4026 1814/1814/4027 1815/1815/4028
f 1815/1815/4029 1814/1814/4030 1816/1816/4031
f 1815/1815/4032 1816/1816/4033 1817/1817/4034
f 1817/1817/4035 1816/1816/4036 1818/1818/4037
f 1817/1817/4038 1818/1818/4039 1819/1819/4040
f 1819/1819/4041 1818/1818/4042 1820/1820/4043
f 1819/1819/4044 1820/1820/4045 1821/1821/4046
f 1821/1821/4047 1820/1820/4048 1822/1822/4049
f 1821/1821/4050 1822/1822/4051 1823/1823/4052
f 1823/1823/4053 1822/1822/4054 1824/1824/4055
f 1823/1823/4056 1824/1824/4057 1825/1825/4058
f 1825/1825/4059 1824/1824/4060 1826/1826/4061
f 1825/1825/4062 1826/1826/4063 1827/1827/4064
f 1827/1827/4065 1826/1826/4066 1828/1828/4067
f 1827/1827/4068 1828/1828/4069 1829/1829/4070
f 1829/1829/4071 1828/1828/4071 1830/1830/4071
f 1829/1829/4072 1830/1830/4072 1831/1831/4072
f 1831/1831/4073 1830/1830/4073 1832/1832/4073
f 1831/1831/4074 1832/1832/4074 1833/1833/4074
f 1833/1833/4075 1832/1832/4075 1834/1834/4075
f 1833/1833/4076 1834/1834/4076 1835/1835/4076
f 1835/1835/4077 1834/1834/4077 1836/1836/4077
f 1835/1835/4078 1836/1836/4078 1837/1837/4078
f 1838/1838/4079 1755/1755/4080 1839/1839/4081
f 1839/1839/4082 1755/1755/3847 1757/1757/3848
f 1839/1839/4083 1757/1757/4084 1840/1840/4085
f 1840/1840/4086 1757/1757/3852 1759/1759/3854
f 1840/1840/4087 1759/1759/4088 1841/1841/4089
f 1841/1841/4090 1759/1759/3858 1761/1761/3860
f 1841/1841/4091 1761/1761/4092 1842/1842/4093
f 1842/1842/4094 1761/1761/3864 1763/1763/3866
f 1842/1842/4095 1763/1763/4096 1843/1843/4097
f 1843/1843/4098 1763/1763/3870 1765/1765/3872
f 1843/1843/4099 1765/1765/4100 1844/1844/4101
f 1844/1844/4102 1765/1765/3876 1767/1767/3878
f 1844/1844/4103 1767/1767/4104 1845/1845/4105
f 1845/1845/4106 1767/1767/3882 1769/1769/3884
f 1845/1845/4107 1769/1769/4108 1846/1846/4109
f 1846/1846/4110 1769/1769/3888 1771/1771/3890
f 1846/1846/4111 1771/1771/4112 1847/1847/4113
f 1847/1847/4114 1771/1771/3894 1773/1773/3896
f 1847/1847/4115 1773/1773/4116 1848/1848/4117
f 1848/1848/4118 1773/1773/3900 1775/1775/3902
f 1848/1848/4119 1775/1775/4120 1849/1849/4121
f 1849/1849/4122 1775/1775/3906 1777/1777/3908
f 1849/1849/4123 1777/1777/4124 1850/1850/4125
f 1850/1850/4126 1777/1777/3912 1779/1779/3914
f 1850/1850/4127 1779/1779/4127 1851/1851/4127
f 1851/1851/4128 1779/1779/4128 1781/1781/4128
f 1851/1851/4129 1781/1781/4129 1852/1852/4129
f 23/23/28 24/24/28 22/22/26
f 22/22/4130 24/24/4131 1853/1853/4132
f 22/22/4133 1853/1853/4134 1854/1854/4135
f 1854/1854/4136 1853/1853/4137 1855/1855/4138
f 1854/1854/4139 1855/1855/4140 1856/1856/4141
f 1856/1856/4142 1855/1855/4143 1857/1857/4144
f 1856/1856/4145 1857/1857/4146 1858/1858/4147
f 1858/1858/4148 1857/1857/4149 1859/1859/4150
f 1858/1858/4151 1859/1859/4152 1860/1860/4153
f 1860/1860/4154 1859/1859/4155 1861/1861/4156
f 1860/1860/4157 1861/1861/4158 1862/1862/4159
f 1862/1862/4160 1861/1861/4161 1863/1863/4162
f 1862/1862/4163 1863/1863/4164 1864/1864/4165
f 1864/1864/4166 1863/1863/4167 1865/1865/4168
f 1864/1864/4169 1865/1865/4170 1866/1866/4171
f 1866/1866/4172 1865/1865/4173 1867/1867/4174
f 1866/1866/4175 1867/1867/4176 1868/1868/4177
f 1868/1868/4178 1867/1867/4179 1869/1869/4180
f 1868/1868/4181 1869/1869/4182 1870/1870/4183
f 1870/1870/4184 1869/1869/4185 1871/1871/4186
f 1870/1870/4187 1871/1871/4188 1872/1872/4189
f 1872/1872/4190 1871/1871/4191 1873/1873/4192
f 1872/1872/4193 1873/1873/4194 1874/1874/4195
f 1874/1874/4196 1873/1873/4197 1875/1875/4198
f 1874/1874/4199 1875/1875/4199 1876/1876/4199
f 1876/1876/4200 1875/1875/4200 1877/1877/4200
f 1876/1876/4201 1877/1877/4201 1878/1878/4201
f 1878/1878/4202 1877/1877/4202 1879/1879/4202
f 1878/1878/4203 1879/1879/4203 1880/1880/4203
f 25/25/31 1838/1838/4204 24/24/29
f 24/24/4081 1838/1838/4079 1839/1839/4081
f 24/24/4131 1839/1839/4131 1853/1853/4132
f 1853/1853/4205 1839/1839/4083 1840/1840/4085
f 1853/1853/4137 1840/1840/4206 1855/1855/4138
f 1855/1855/4207 1840/1840/4087 1841/1841/4089
f 1855/1855/4143 1841/1841/4208 1857/1857/4144
f 1857/1857/4209 1841/1841/4091 1842/1842/4093
f 1857/1857/4149 1842/1842/4210 1859/1859/4150
f 1859/1859/4211 1842/1842/4095 1843/1843/4097
f 1859/1859/4155 1843/1843/4212 1861/1861/4156
f 1861/1861/4213 1843/1843/4099 1844/1844/4101
f 1861/1861/4161 1844/1844/4214 1863/1863/4162
f 1863/1863/4215 1844/1844/4103 1845/1845/4105
f 1863/1863/4167 1845/1845/4216 1865/1865/4168
f 1865/1865/4217 1845/1845/4107 1846/1846/4109
f 1865/1865/4173 1846/1846/4218 1867/1867/4174
f 1867/1867/4219 1846/1846/4111 1847/1847/4113
f 1867/1867/4179 1847/1847/4220 1869/1869/4180
f 1869/1869/4221 1847/1847/4115 1848/1848/4117
f 1869/1869/4185 1848/1848/4222 1871/1871/4186
f 1871/1871/4223 1848/1848/4119 1849/1849/4121
f 1871/1871/4191 1849/1849/4224 1873/1873/4192
f 1873/1873/4225 1849/1849/4123 1850/1850/4125
f 1873/1873/4197 1850/1850/4226 1875/1875/4198
f 1875/1875/4227 1850/1850/4227 1851/1851/4227
f 1875/1875/4228 1851/1851/4228 1877/1877/4228
f 1877/1877/4229 1851/1851/4229 1852/1852/4229
f 1877/1877/4230 1852/1852/4230 1879/1879/4230
f 21/21/25 22/22/4231 20/20/24
f 20/20/4232 22/22/4133 1854/1854/4135
f 20/20/4014 1854/1854/4233 1810/1810/4015
f 1810/1810/4234 1854/1854/4139 1856/1856/4141
f 1810/1810/4019 1856/1856/4235 1812/1812/4020
f 1812/1812/4236 1856/1856/4145 1858/1858/4147
f 1812/1812/4024 1858/1858/4237 1814/1814/4025
f 1814/1814/4238 1858/1858/4151 1860/1860/4153
f 1814/1814/4030 1860/1860/4239 1816/1816/4031
f 1816/1816/4240 1860/1860/4157 1862/1862/4159
f 1816/1816/4036 1862/1862/4241 1818/1818/4037
f 1818/1818/4242 1862/1862/4163 1864/1864/4165
f 1818/1818/4042 1864/1864/4243 1820/1820/4043
f 1820/1820/4244 1864/1864/4169 1866/1866/4171
f 1820/1820/4048 1866/1866/4245 1822/1822/4049
f 1822/1822/4246 1866/1866/4175 1868/1868/4177
f 1822/1822/4054 1868/1868/4247 1824/1824/4055
f 1824/1824/4248 1868/1868/4181 1870/1870/4183
f 1824/1824/4060 1870/1870/4249 1826/1826/4061
f 1826/1826/4250 1870/1870/4187 1872/1872/4189
f 1826/1826/4066 1872/1872/4251 1828/1828/4067
f 1828/1828/4252 1872/1872/4193 1874/1874/4195
f 1828/1828/4253 1874/1874/4253 1830/1830/4253
f 1830/1830/4254 1874/1874/4254 1876/1876/4254
f 1830/1830/4255 1876/1876/4255 1832/1832/4255
f 1832/1832/4256 1876/1876/4256 1878/1878/4256
f 1832/1832/4257 1878/1878/4257 1834/1834/4257
f 1834/1834/4258 1878/1878/4258 1880/1880/4258
f 1834/1834/4259 1880/1880/4259 1836/1836/4259
f 17/17/20 18/18/4260 16/16/18
f 16/16/4261 18/18/4016 1811/1811/4017
f 16/16/3919 1811/1811/4262 1782/1782/3920
f 1782/1782/4263 1811/1811/4021 1813/1813/4022
f 1782/1782/3925 1813/1813/4264 1784/1784/3926
f 1784/1784/4265 1813/1813/4026 1815/1815/4028
f 1784/1784/3931 1815/1815/4266 1786/1786/3932
f 1786/1786/4267 1815/1815/4032 1817/1817/4034
f 1786/1786/3937 1817/1817/4268 1788/1788/3938
f 1788/1788/4269 1817/1817/4038 1819/1819/4040
f 1788/1788/3943 1819/1819/4270 1790/1790/3944
f 1790/1790/4271 1819/1819/4044 1821/1821/4046
f 1790/1790/3949 1821/1821/4272 1792/1792/3950
f 1792/1792/4273 1821/1821/4050 1823/1823/4052
f 1792/1792/3955 1823/1823/4274 1794/1794/3956
f 1794/1794/4275 1823/1823/4056 1825/1825/4058
f 1794/1794/3961 1825/1825/4276 1796/1796/3962
f 1796/1796/4277 1825/1825/4062 1827/1827/4064
f 1796/1796/3967 1827/1827/4278 1798/1798/3968
f 1798/1798/4279 1827/1827/4068 1829/1829/4070
f 1798/1798/4280 1829/1829/4280 1800/1800/4280
f 1800/1800/4281 1829/1829/4281 1831/1831/4281
f 1800/1800/4282 1831/1831/4282 1802/1802/4282
f 1802/1802/4283 1831/1831/4283 1833/1833/4283
f 1802/1802/4284 1833/1833/4284 1804/1804/4284
f 1804/1804/4285 1833/1833/4285 1835/1835/4285
f 1804/1804/4286 1835/1835/4286 1806/1806/4286
f 1806/1806/4287 1835/1835/4287 1837/1837/4287
f 1806/1806/4288 1837/1837/4288 1808/1808/4288
f 9/9/9 10/10/4289 7/7/7
f 7/7/4290 10/10/3769 1732/1732/3771
f 7/7/3707 1732/1732/4291 1715/1715/3708
f 1715/1715/4292 1732/1732/3775 1734/1734/3777
f 1715/1715/3713 1734/1734/4293 1717/1717/3714
f 1717/1717/4294 1734/1734/3781 1736/1736/3783
f 1717/1717/3719 1736/1736/4295 1719/1719/3720
f 1719/1719/4296 1736/1736/3787 1738/1738/3789
f 1719/1719/3725 1738/1738/4297 1721/1721/3726
f 1721/1721/4298 1738/1738/3793 1740/1740/3795
f 1721/1721/3731 1740/1740/4299 1723/1723/3732
f 1723/1723/4300 1740/1740/3799 1742/1742/3801
f 1723/1723/3737 1742/1742/4301 1725/1725/3738
f 1725/1725/4302 1742/1742/3805 1744/1744/3807
f 1725/1725/4303 1744/1744/4303 1726/1726/4303
f 1726/1726/4304 1744/1744/3811 1746/1746/3813
f 1726/1726/3750 1746/1746/4305 1730/1730/3748
f 1730/1730/4306 1746/1746/4306 1748/1748/4306
f 1730/1730/4307 1748/1748/4307 1729/1729/4307
f 1729/1729/4308 1748/1748/4308 1750/1750/4308
f 1729/1729/4309 1750/1750/4309 1728/1728/4309
f 1728/1728/4310 1750/1750/4310 1752/1752/4310
f 1728/1728/4311 1752/1752/4311 1727/1727/4311
f 1727/1727/4312 1752/1752/4312 982/982/4312
f 1727/1727/4313 982/982/1757 994/994/4314
f 994/994/4314 982/982/1757 981/981/1756
f 994/994/4315 981/981/4315 999/999/4315
f 999/999/4316 981/981/4317 1170/1170/4318
f 999/999/4319 1170/1170/4319 998/998/4319
f 998/998/4320 1170/1170/4320 1172/1172/4320
f 998/998/4321 1172/1172/4321 997/997/4321
f 997/997/4322 1172/1172/4322 1174/1174/4322
f 997/997/4323 1174/1174/4324 996/996/4325
f 996/996/4325 1174/1174/4324 1176/1176/4326
f 996/996/4327 1176/1176/4327 995/995/4327
f 995/995/4328 1176/1176/4328 1178/1178/4328
f 995/995/4329 1178/1178/4329 1121/1121/4329
f 1121/1121/4330 1178/1178/4330 1180/1180/4330
f 1121/1121/4331 1180/1180/4331 1131/1131/4331
f 1131/1131/4332 1180/1180/4332 1182/1182/4332
f 1131/1131/4333 1182/1182/4333 1132/1132/4333
f 1132/1132/4334 1182/1182/4334 1184/1184/4334
f 1132/1132/4335 1184/1184/4335 1133/1133/4335
f 1133/1133/4336 1184/1184/4336 1186/1186/4336
f 1133/1133/4337 1186/1186/4337 1134/1134/4337
f 1134/1134/4338 1186/1186/4338 1188/1188/4338
f 1134/1134/4339 1188/1188/4339 1128/1128/4339
f 1128/1128/4340 1188/1188/4340 1190/1190/4340
f 1128/1128/4341 1190/1190/4341 1130/1130/4341
f 1130/1130/4342 1190/1190/4342 1192/1192/4342
f 1130/1130/4343 1192/1192/4343 1166/1166/4343
f 1166/1166/4344 1192/1192/4345 1194/1194/4346
f 1166/1166/4344 1194/1194/4346 1167/1167/4347
f 1167/1167/4348 1194/1194/2145 1196/1196/2147
f 1167/1167/4348 1196/1196/2147 1168/1168/4349
f 1168/1168/4350 1196/1196/4350 1197/1197/4350
f 1168/1168/2113 1197/1197/4351 1169/1169/2114
f 1169/1169/4352 1197/1197/4352 1881/1881/4352
f 1169/1169/4353 1881/1881/4353 1235/1235/4353
f 284/284/256 119/119/105 283/283/255
f 283/283/255 119/119/105 121/121/107
f 283/283/255 121/121/107 281/281/4354
f 281/281/4355 121/121/4356 1882/1882/4357
f 281/281/4358 1882/1882/4359 279/279/4360
f 279/279/4360 1882/1882/4359 1883/1883/4361
f 279/279/3544 1883/1883/4362 1662/1662/3545
f 1662/1662/3545 1883/1883/4362 1884/1884/4363
f 1662/1662/4364 1884/1884/4365 1663/1663/4366
f 1663/1663/4366 1884/1884/4365 1885/1885/4367
f 1663/1663/4368 1885/1885/4369 1664/1664/4370
f 1664/1664/4370 1885/1885/4369 1886/1886/4371
f 1664/1664/4372 1886/1886/4373 1665/1665/4374
f 1665/1665/4374 1886/1886/4373 1887/1887/4375
f 1665/1665/4376 1887/1887/4377 1666/1666/4378
f 1666/1666/4378 1887/1887/4377 1888/1888/4379
f 1666/1666/4380 1888/1888/4381 1667/1667/4382
f 1667/1667/4382 1888/1888/4381 1889/1889/4383
f 1667/1667/4384 1889/1889/4385 1668/1668/4386
f 1668/1668/4386 1889/1889/4385 1890/1890/4387
f 1668/1668/4388 1890/1890/4389 1669/1669/4390
f 1669/1669/4390 1890/1890/4389 1891/1891/4391
f 1669/1669/4392 1891/1891/4393 1670/1670/4394
f 1670/1670/4394 1891/1891/4393 1892/1892/4395
f 1670/1670/4396 1892/1892/4397 1671/1671/4398
f 1671/1671/4398 1892/1892/4397 1893/1893/4399
f 1671/1671/4400 1893/1893/4401 1672/1672/4402
f 1672/1672/4402 1893/1893/4401 1894/1894/4403
f 1672/1672/4404 1894/1894/4405 1673/1673/4406
f 1673/1673/4406 1894/1894/4405 1895/1895/4407
f 1673/1673/4408 1895/1895/4409 1674/1674/4410
f 1674/1674/4410 1895/1895/4409 1896/1896/4411
f 1674/1674/4412 1896/1896/4413 1675/1675/4414
f 122/122/108 275/275/4415 120/120/106
f 120/120/106 275/275/4415 274/274/4416
f 120/120/106 274/274/4416 121/121/107
f 121/121/4356 274/274/4417 1897/1897/4418
f 121/121/4356 1897/1897/4418 1882/1882/4357
f 1882/1882/4357 1897/1897/4418 1898/1898/4419
f 1882/1882/4359 1898/1898/4420 1883/1883/4361
f 1883/1883/4361 1898/1898/4420 1899/1899/4421
f 1883/1883/4422 1899/1899/4423 1884/1884/4424
f 1884/1884/4424 1899/1899/4423 1900/1900/4425
f 1884/1884/4426 1900/1900/4427 1885/1885/4428
f 1885/1885/4428 1900/1900/4427 1901/1901/4429
f 1885/1885/4430 1901/1901/4431 1886/1886/4432
f 1886/1886/4432 1901/1901/4431 1902/1902/4433
f 1886/1886/4434 1902/1902/4435 1887/1887/4436
f 1887/1887/4436 1902/1902/4435 1903/1903/4437
f 1887/1887/4438 1903/1903/4439 1888/1888/4440
f 1888/1888/4440 1903/1903/4439 1904/1904/4441
f 1888/1888/4442 1904/1904/4443 1889/1889/4444
f 1889/1889/4444 1904/1904/4443 1905/1905/4445
f 1889/1889/4446 1905/1905/4447 1890/1890/4448
f 1890/1890/4448 1905/1905/4447 1906/1906/4449
f 1890/1890/4450 1906/1906/4451 1891/1891/4452
f 1891/1891/4452 1906/1906/4451 1907/1907/4453
f 1891/1891/4454 1907/1907/4455 1892/1892/4456
f 1892/1892/4456 1907/1907/4455 1908/1908/4457
f 1892/1892/4458 1908/1908/4459 1893/1893/4460
f 1893/1893/4460 1908/1908/4459 1909/1909/4461
f 1893/1893/4462 1909/1909/4463 1894/1894/4464
f 1894/1894/4464 1909/1909/4463 1910/1910/4465
f 1894/1894/4466 1910/1910/4467 1895/1895/4468
f 1895/1895/4468 1910/1910/4467 1911/1911/4469
f 1895/1895/4470 1911/1911/4471 1896/1896/4472
f 278/278/248 269/269/4473 276/276/246
f 276/276/246 269/269/4473 268/268/4474
f 276/276/246 268/268/4474 274/274/244
f 274/274/4417 268/268/236 1912/1912/4475
f 274/274/4417 1912/1912/4475 1897/1897/4418
f 1897/1897/4418 1912/1912/4475 1913/1913/4476
f 1897/1897/4418 1913/1913/4476 1898/1898/4419
f 1898/1898/4419 1913/1913/4476 1914/1914/4477
f 1898/1898/4478 1914/1914/4479 1899/1899/4480
f 1899/1899/4480 1914/1914/4479 1915/1915/4481
f 1899/1899/4482 1915/1915/4483 1900/1900/4484
f 1900/1900/4484 1915/1915/4483 1916/1916/4485
f 1900/1900/4486 1916/1916/4487 1901/1901/4488
f 1901/1901/4488 1916/1916/4487 1917/1917/4489
f 1901/1901/4490 1917/1917/4491 1902/1902/4492
f 1902/1902/4492 1917/1917/4491 1918/1918/4493
f 1902/1902/4494 1918/1918/4495 1903/1903/4496
f 1903/1903/4496 1918/1918/4495 1919/1919/4497
f 1903/1903/4498 1919/1919/4499 1904/1904/4500
f 1904/1904/4500 1919/1919/4499 1920/1920/4501
f 1904/1904/4502 1920/1920/4503 1905/1905/4504
f 1905/1905/4504 1920/1920/4503 1921/1921/4505
f 1905/1905/4506 1921/1921/4507 1906/1906/4508
f 1906/1906/4508 1921/1921/4507 1922/1922/4509
f 1906/1906/4510 1922/1922/4511 1907/1907/4512
f 1907/1907/4512 1922/1922/4511 1923/1923/4513
f 1907/1907/4514 1923/1923/4515 1908/1908/4516
f 1908/1908/4516 1923/1923/4515 1924/1924/4517
f 1908/1908/4518 1924/1924/4519 1909/1909/4520
f 1909/1909/4520 1924/1924/4519 1925/1925/4521
f 1909/1909/4522 1925/1925/4523 1910/1910/4524
f 1910/1910/4524 1925/1925/4523 1926/1926/4525
f 1910/1910/4526 1926/1926/4527 1911/1911/4528
f 273/273/243 265/265/4529 272/272/241
f 272/272/240 265/265/233 267/267/235
f 272/272/240 267/267/235 270/270/238
f 270/270/238 267/267/4530 1927/1927/4531
f 270/270/238 1927/1927/4531 268/268/236
f 268/268/236 1927/1927/4531 1928/1928/4532
f 268/268/236 1928/1928/4532 1912/1912/4475
f 1912/1912/4475 1928/1928/4532 1929/1929/4533
f 1912/1912/4475 1929/1929/4533 1913/1913/4476
f 1913/1913/4534 1929/1929/4534 1930/1930/4534
f 1913/1913/4535 1930/1930/4536 1914/1914/4537
f 1914/1914/4537 1930/1930/4536 1931/1931/4538
f 1914/1914/4539 1931/1931/4539 1915/1915/4539
f 1915/1915/4540 1931/1931/4541 1932/1932/4542
f 1915/1915/4543 1932/1932/4543 1916/1916/4543
f 1916/1916/4544 1932/1932/4545 1933/1933/4546
f 1916/1916/4547 1933/1933/4547 1917/1917/4547
f 1917/1917/4548 1933/1933/4549 1934/1934/4550
f 1917/1917/4551 1934/1934/4551 1918/1918/4551
f 1918/1918/4552 1934/1934/4553 1935/1935/4554
f 1918/1918/4555 1935/1935/4555 1919/1919/4555
f 1919/1919/4556 1935/1935/4557 1936/1936/4558
f 1919/1919/4559 1936/1936/4559 1920/1920/4559
f 1920/1920/4560 1936/1936/4560 1937/1937/4560
f 1920/1920/4561 1937/1937/4561 1921/1921/4561
f 1921/1921/4562 1937/1937/4562 1938/1938/4562
f 1921/1921/4563 1938/1938/4563 1922/1922/4563
f 1922/1922/4564 1938/1938/4564 1939/1939/4564
f 1922/1922/4565 1939/1939/4565 1923/1923/4565
f 1923/1923/4566 1939/1939/4566 1940/1940/4566
f 1923/1923/4567 1940/1940/4567 1924/1924/4567
f 1924/1924/4568 1940/1940/4568 1941/1941/4568
f 1924/1924/4569 1941/1941/4570 1925/1925/4571
f 1925/1925/4571 1941/1941/4570 1942/1942/4572
f 1925/1925/4573 1942/1942/4574 1926/1926/4575
f 1943/1943/4576 1944/1944/4576 1945/1945/4576
f 1945/1945/4577 1944/1944/4577 1946/1946/4577
f 1945/1945/4578 1946/1946/4578 1947/1947/4578
f 1947/1947/4579 1946/1946/4579 1948/1948/4579
f 1947/1947/4580 1948/1948/4580 1949/1949/4580
f 1949/1949/4581 1948/1948/4581 1950/1950/4581
f 1949/1949/4582 1950/1950/4582 1951/1951/4582
f 1951/1951/4583 1950/1950/4583 1952/1952/4583
f 1951/1951/4584 1952/1952/4584 1953/1953/4584
f 1953/1953/4585 1952/1952/4585 1954/1954/4585
f 1953/1953/4586 1954/1954/4586 1955/1955/4586
f 1955/1955/4587 1954/1954/4587 1230/1230/4587
f 1955/1955/4588 1230/1230/4588 1956/1956/4588
f 1956/1956/4589 1230/1230/2198 1229/1229/2197
f 1312/1312/4590 1198/1198/4590 1310/1310/4590
f 1310/1310/4591 1198/1198/4592 1200/1200/4593
f 1310/1310/4591 1200/1200/4593 1313/1313/4594
f 1313/1313/4595 1200/1200/2155 1202/1202/2157
f 1313/1313/2402 1202/1202/4596 1265/1265/2403
f 1265/1265/4597 1202/1202/4598 1204/1204/4599
f 1265/1265/4597 1204/1204/4599 1266/1266/4600
f 1266/1266/4601 1204/1204/4601 1206/1206/4601
f 1266/1266/4602 1206/1206/4602 1322/1322/4602
f 1322/1322/4603 1206/1206/4603 1208/1208/4603
f 1322/1322/4604 1208/1208/4604 1290/1290/4604
f 1290/1290/4605 1208/1208/4605 1210/1210/4605
f 1290/1290/4606 1210/1210/4606 1291/1291/4606
f 1291/1291/4607 1210/1210/4607 1212/1212/4607
f 1291/1291/4608 1212/1212/4608 1145/1145/4608
f 1145/1145/4609 1212/1212/4609 1214/1214/4609
f 1145/1145/4610 1214/1214/4610 1143/1143/4610
f 1143/1143/4611 1214/1214/4611 1216/1216/4611
f 1143/1143/4612 1216/1216/4612 1141/1141/4612
f 1141/1141/4613 1216/1216/4613 1218/1218/4613
f 1141/1141/4614 1218/1218/4614 1139/1139/4614
f 1139/1139/4615 1218/1218/4615 1220/1220/4615
f 1139/1139/4616 1220/1220/4616 1137/1137/4616
f 1137/1137/4617 1220/1220/4617 1222/1222/4617
f 1137/1137/4618 1222/1222/4618 1064/1064/4618
f 1064/1064/4619 1222/1222/4619 1224/1224/4619
f 1064/1064/4620 1224/1224/4620 1062/1062/4620
f 1062/1062/4621 1224/1224/4621 1226/1226/4621
f 1062/1062/4622 1226/1226/4623 1060/1060/4624
f 1060/1060/4624 1226/1226/4623 1047/1047/4625
f 1060/1060/4626 1047/1047/1860 1050/1050/4627
f 1050/1050/4627 1047/1047/1860 1049/1049/1862
f 1050/1050/4628 1049/1049/4628 63/63/4628
f 63/63/4629 1049/1049/2196 1230/1230/2198
f 63/63/63 1230/1230/4630 64/64/64
f 64/64/4631 1230/1230/4631 1954/1954/4631
f 64/64/4632 1954/1954/4632 66/66/4632
f 66/66/4633 1954/1954/4633 1952/1952/4633
f 66/66/4634 1952/1952/4634 67/67/4634
f 67/67/4635 1952/1952/4635 1950/1950/4635
f 67/67/4636 1950/1950/4636 69/69/4636
f 69/69/4637 1950/1950/4637 1948/1948/4637
f 69/69/4638 1948/1948/4638 71/71/4638
f 71/71/4639 1948/1948/4639 1946/1946/4639
f 71/71/4640 1946/1946/4640 73/73/4640
f 73/73/4641 1946/1946/4641 1944/1944/4641
f 266/266/234 1957/1957/4642 267/267/235
f 267/267/4643 1957/1957/4644 1958/1958/4645
f 267/267/4530 1958/1958/4646 1927/1927/4531
f 1927/1927/4531 1958/1958/4646 1959/1959/4647
f 1927/1927/4531 1959/1959/4647 1928/1928/4532
f 1928/1928/4532 1959/1959/4647 1960/1960/4648
f 1928/1928/4532 1960/1960/4648 1929/1929/4533
f 1929/1929/4649 1960/1960/4650 1961/1961/4651
f 1929/1929/4649 1961/1961/4651 1930/1930/4652
f 1930/1930/4653 1961/1961/4654 1962/1962/4655
f 1930/1930/4653 1962/1962/4655 1931/1931/4656
f 1931/1931/4657 1962/1962/4658 1963/1963/4659
f 1931/1931/4541 1963/1963/4660 1932/1932/4542
f 1932/1932/4661 1963/1963/4662 1964/1964/4663
f 1932/1932/4545 1964/1964/4664 1933/1933/4546
f 1933/1933/4665 1964/1964/4666 1965/1965/4667
f 1933/1933/4549 1965/1965/4668 1934/1934/4550
f 1934/1934/4669 1965/1965/4670 1966/1966/4671
f 1934/1934/4553 1966/1966/4672 1935/1935/4554
f 1935/1935/4673 1966/1966/4674 1967/1967/4675
f 1935/1935/4557 1967/1967/4676 1936/1936/4558
f 1936/1936/4677 1967/1967/4677 1968/1968/4677
f 1936/1936/4678 1968/1968/4678 1937/1937/4678
f 1937/1937/4679 1968/1968/4679 1969/1969/4679
f 1937/1937/4680 1969/1969/4680 1938/1938/4680
f 1938/1938/4681 1969/1969/4681 1970/1970/4681
f 1938/1938/4682 1970/1970/4682 1939/1939/4682
f 1939/1939/4683 1970/1970/4683 1971/1971/4683
f 1939/1939/4684 1971/1971/4684 1940/1940/4684
f 1940/1940/4685 1971/1971/4685 1972/1972/4685
f 1940/1940/4686 1972/1972/4686 1941/1941/4686
f 1941/1941/4687 1972/1972/4687 1973/1973/4687
f 1941/1941/4688 1973/1973/4688 1942/1942/4688
f 1974/1974/4689 1975/1975/4690 1976/1976/4691
f 1976/1976/4691 1975/1975/4690 1977/1977/4692
f 1976/1976/4693 1977/1977/4694 1978/1978/4695
f 1978/1978/4695 1977/1977/4694 1979/1979/4696
f 1978/1978/4697 1979/1979/4698 1980/1980/4699
f 1980/1980/4699 1979/1979/4698 1981/1981/4700
f 1980/1980/4701 1981/1981/4702 1982/1982/4703
f 1982/1982/4703 1981/1981/4702 1983/1983/4704
f 1982/1982/4705 1983/1983/4706 1984/1984/4707
f 1984/1984/4708 1983/1983/4709 1985/1985/4710
f 1984/1984/4711 1985/1985/4712 1986/1986/4713
f 1986/1986/4714 1985/1985/4715 1987/1987/4716
f 1986/1986/4717 1987/1987/4718 1988/1988/4719
f 1988/1988/4720 1987/1987/4721 1989/1989/4722
f 1988/1988/4723 1989/1989/4724 1990/1990/4725
f 1990/1990/4726 1989/1989/4726 1991/1991/4726
f 1990/1990/4727 1991/1991/4728 1992/1992/4729
f 1992/1992/4730 1991/1991/4730 1993/1993/4730
f 1992/1992/4731 1993/1993/4731 1994/1994/4731
f 1994/1994/4732 1993/1993/4732 1995/1995/4732
f 1994/1994/4733 1995/1995/4733 1996/1996/4733
f 1996/1996/4734 1995/1995/4734 1997/1997/4734
f 1996/1996/4735 1997/1997/4735 1998/1998/4735
f 1998/1998/4736 1997/1997/4736 1999/1999/4736
f 1998/1998/4737 1999/1999/4737 2000/2000/4737
f 2000/2000/4738 1999/1999/4738 2001/2001/4738
f 2000/2000/4739 2001/2001/4739 2002/2002/4739
f 2002/2002/4740 2001/2001/4740 2003/2003/4740
f 2002/2002/4741 2003/2003/4741 2004/2004/4741
f 1957/1957/4644 1974/1974/4742 1958/1958/4645
f 1958/1958/4646 1974/1974/4743 1976/1976/4744
f 1958/1958/4646 1976/1976/4744 1959/1959/4647
f 1959/1959/4745 1976/1976/4746 1978/1978/4747
f 1959/1959/4745 1978/1978/4747 1960/1960/4748
f 1960/1960/4749 1978/1978/4750 1980/1980/4751
f 1960/1960/4749 1980/1980/4751 1961/1961/4752
f 1961/1961/4753 1980/1980/4754 1982/1982/4755
f 1961/1961/4753 1982/1982/4755 1962/1962/4756
f 1962/1962/4757 1982/1982/4705 1984/1984/4707
f 1962/1962/4658 1984/1984/4758 1963/1963/4659
f 1963/1963/4759 1984/1984/4711 1986/1986/4713
f 1963/1963/4662 1986/1986/4760 1964/1964/4663
f 1964/1964/4761 1986/1986/4717 1988/1988/4719
f 1964/1964/4666 1988/1988/4762 1965/1965/4667
f 1965/1965/4763 1988/1988/4723 1990/1990/4725
f 1965/1965/4670 1990/1990/4764 1966/1966/4671
f 1966/1966/4765 1990/1990/4727 1992/1992/4729
f 1966/1966/4674 1992/1992/4766 1967/1967/4675
f 1967/1967/4767 1992/1992/4767 1994/1994/4767
f 1967/1967/4768 1994/1994/4768 1968/1968/4768
f 1968/1968/4769 1994/1994/4769 1996/1996/4769
f 1968/1968/4770 1996/1996/4770 1969/1969/4770
f 1969/1969/4771 1996/1996/4771 1998/1998/4771
f 1969/1969/4772 1998/1998/4772 1970/1970/4772
f 1970/1970/4773 1998/1998/4773 2000/2000/4773
f 1970/1970/4774 2000/2000/4774 1971/1971/4774
f 1971/1971/4775 2000/2000/4775 2002/2002/4775
f 1971/1971/4776 2002/2002/4776 1972/1972/4776
f 1972/1972/4777 2002/2002/4777 2004/2004/4777
f 1972/1972/4778 2004/2004/4778 1973/1973/4778
f 1780/1780/4779 1943/1943/4779 1781/1781/4779
f 1781/1781/4780 1943/1943/4780 1945/1945/4780
f 1781/1781/4781 1945/1945/4781 1852/1852/4781
f 1852/1852/4782 1945/1945/4782 1947/1947/4782
f 1852/1852/4783 1947/1947/4783 1879/1879/4783
f 1879/1879/4784 1947/1947/4784 1949/1949/4784
f 1879/1879/4785 1949/1949/4785 1880/1880/4785
f 1880/1880/4786 1949/1949/4786 1951/1951/4786
f 1880/1880/4787 1951/1951/4787 1836/1836/4787
f 1836/1836/4788 1951/1951/4788 1953/1953/4788
f 1836/1836/4789 1953/1953/4789 1837/1837/4789
f 1837/1837/4790 1953/1953/4790 1955/1955/4790
f 1837/1837/4791 1955/1955/4791 1808/1808/4791
f 1808/1808/4792 1955/1955/4792 1956/1956/4792
f 1808/1808/4793 1956/1956/4793 1809/1809/4793
f 1809/1809/4794 1956/1956/4794 1229/1229/4794
f 1809/1809/4011 1229/1229/4795 983/983/4012
f 983/983/4796 1229/1229/4796 1228/1228/4796
f 983/983/1758 1228/1228/4797 981/981/1756
f 981/981/4798 1228/1228/4798 1227/1227/4798
f 981/981/4317 1227/1227/4799 1170/1170/4318
f 1170/1170/4318 1227/1227/4799 1225/1225/4800
f 1170/1170/4801 1225/1225/4802 1171/1171/4803
f 1171/1171/4803 1225/1225/4802 1223/1223/4804
f 1171/1171/4805 1223/1223/4806 1173/1173/4807
f 1173/1173/4807 1223/1223/4806 1221/1221/4808
f 1173/1173/4809 1221/1221/4809 1175/1175/4809
f 1175/1175/4810 1221/1221/4810 1219/1219/4810
f 1175/1175/4811 1219/1219/4811 1177/1177/4811
f 1177/1177/4812 1219/1219/4812 1217/1217/4812
f 1177/1177/4813 1217/1217/4813 1179/1179/4813
f 1179/1179/4814 1217/1217/4814 1215/1215/4814
f 1179/1179/4815 1215/1215/4815 1181/1181/4815
f 1181/1181/4816 1215/1215/4816 1213/1213/4816
f 1181/1181/4817 1213/1213/4817 1183/1183/4817
f 1183/1183/4818 1213/1213/4818 1211/1211/4818
f 1183/1183/4819 1211/1211/4819 1185/1185/4819
f 1185/1185/4820 1211/1211/4820 1209/1209/4820
f 1185/1185/4821 1209/1209/4821 1187/1187/4821
f 1187/1187/4822 1209/1209/4822 1207/1207/4822
f 1187/1187/4823 1207/1207/4823 1189/1189/4823
f 1189/1189/4824 1207/1207/4824 1205/1205/4824
f 1189/1189/4825 1205/1205/4825 1191/1191/4825
f 1191/1191/4826 1205/1205/4826 1203/1203/4826
f 1191/1191/4827 1203/1203/4827 1193/1193/4827
f 1193/1193/4828 1203/1203/4829 1201/1201/4830
f 1193/1193/4828 1201/1201/4830 1195/1195/4831
f 1195/1195/4832 1201/1201/2154 1199/1199/2153
f 1195/1195/2149 1199/1199/4833 1197/1197/2150
f 1197/1197/4834 1199/1199/4835 1198/1198/4836
f 1197/1197/4834 1198/1198/4836 1881/1881/4837
f 1881/1881/4838 1198/1198/4838 1312/1312/4838
f 1881/1881/4839 1312/1312/4839 1235/1235/4839
f 1235/1235/4840 1312/1312/4840 43/43/4840
f 1235/1235/2212 43/43/4841 26/26/2213
f 2005/2005/4842 1071/1071/4843 2006/2006/4844
f 2006/2006/4845 1071/1071/4846 2007/2007/4847
f 2006/2006/4845 2007/2007/4847 2008/2008/4848
f 2008/2008/4849 2007/2007/4850 2009/2009/4851
f 2008/2008/4849 2009/2009/4851 2010/2010/4852
f 2010/2010/4853 2009/2009/4854 2011/2011/4855
f 2010/2010/4853 2011/2011/4855 2012/2012/4856
f 2012/2012/4857 2011/2011/4858 261/261/4859
f 2012/2012/4857 261/261/4859 2013/2013/4860
f 2013/2013/229 261/261/229 260/260/228
f 2013/2013/4861 260/260/4861 2014/2014/4861
f 1071/1071/1931 1073/1073/1933 2007/2007/4862
f 2007/2007/4863 1073/1073/4864 2015/2015/4865
f 2007/2007/4863 2015/2015/4865 2009/2009/4866
f 2009/2009/4867 2015/2015/4868 2016/2016/4869
f 2009/2009/4867 2016/2016/4869 2011/2011/4870
f 2011/2011/4871 2016/2016/4872 2017/2017/4873
f 2011/2011/4871 2017/2017/4873 261/261/4874
f 261/261/4874 2017/2017/4873 262/262/4875
f 261/261/4874 262/262/4875 259/259/4876
f 259/259/4876 262/262/4875 264/264/4877
f 259/259/4878 264/264/4878 257/257/4878
f 3/3/4879 2018/2018/4880 2019/2019/4881
f 2019/2019/4881 2018/2018/4880 2020/2020/4882
f 124/124/4883 128/128/4883 125/125/4883
f 125/125/4884 128/128/4885 127/127/4886
f 125/125/4884 127/127/4886 1082/1082/4887
f 1082/1082/4888 127/127/4888 126/126/4888
f 1082/1082/4889 126/126/4889 1081/1081/4889
f 1081/1081/4890 126/126/4890 2021/2021/4890
f 1081/1081/1950 2021/2021/4891 53/53/1948
f 53/53/4892 2021/2021/4892 2022/2022/4892
f 53/53/55 2022/2022/4893 54/54/56
f 54/54/56 2022/2022/4893 2023/2023/4894
f 54/54/4895 2023/2023/4895 253/253/4895
f 3/3/3 2019/2019/4896 1/1/1
f 1/1/4897 2019/2019/4898 2024/2024/4899
f 1/1/2662 2024/2024/4900 1418/1418/2663
f 1418/1418/4901 2024/2024/4901 2025/2025/4901
f 1418/1418/4902 2025/2025/4902 1419/1419/4902
f 1419/1419/4903 2025/2025/4903 2026/2026/4903
f 1419/1419/4904 2026/2026/4904 1420/1420/4904
f 1420/1420/4905 2026/2026/4905 2027/2027/4905
f 1420/1420/4906 2027/2027/4906 1421/1421/4906
f 1421/1421/4907 2027/2027/4907 2028/2028/4907
f 1421/1421/4908 2028/2028/4908 1422/1422/4908
f 1422/1422/4909 2028/2028/4909 245/245/4909
f 1422/1422/4910 245/245/4910 1423/1423/4910
f 1423/1423/4911 245/245/4911 244/244/4911
f 1423/1423/4912 244/244/4912 1424/1424/4912
f 1424/1424/4913 244/244/4913 45/45/4913
f 1424/1424/4914 45/45/4914 1425/1425/4914
f 1425/1425/4915 45/45/4915 47/47/4915
f 1425/1425/4916 47/47/4916 1426/1426/4916
f 1426/1426/4917 47/47/4917 1114/1114/4917
f 1426/1426/4918 1114/1114/4918 39/39/4918
f 39/39/4919 1114/1114/4919 132/132/4919
f 39/39/4920 132/132/4920 235/235/4920
f 49/49/4921 2005/2005/4922 50/50/4923
f 50/50/4924 2005/2005/4925 2006/2006/4926
f 50/50/4924 2006/2006/4926 52/52/4927
f 52/52/4928 2006/2006/4929 2008/2008/4930
f 52/52/4928 2008/2008/4930 1095/1095/4931
f 1095/1095/4932 2008/2008/4933 2010/2010/4934
f 1095/1095/4932 2010/2010/4934 2/2/4935
f 2/2/4936 2010/2010/4937 2012/2012/4938
f 2/2/4936 2012/2012/4938 3/3/4939
f 3/3/4940 2012/2012/4941 2013/2013/4942
f 3/3/4940 2013/2013/4942 2018/2018/4943
f 2018/2018/4943 2013/2013/4942 2014/2014/4944
f 2018/2018/4880 2014/2014/4945 2020/2020/4882
f 2020/2020/4946 2014/2014/4946 123/123/4946
f 2020/2020/4882 123/123/4947 2019/2019/4881
f 2019/2019/4948 123/123/109 125/125/111
f 2019/2019/4898 125/125/4949 2024/2024/4899
f 2024/2024/4950 125/125/4950 1082/1082/4950
f 2024/2024/4951 1082/1082/4951 2025/2025/4951
f 2025/2025/4952 1082/1082/4952 1083/1083/4952
f 2025/2025/4953 1083/1083/4953 2026/2026/4953
f 2026/2026/4954 1083/1083/4954 1084/1084/4954
f 2026/2026/4955 1084/1084/4955 2027/2027/4955
f 2027/2027/4956 1084/1084/4956 1085/1085/4956
f 2027/2027/4957 1085/1085/4957 2028/2028/4957
f 2028/2028/4958 1085/1085/4958 131/131/4958
f 2028/2028/4959 131/131/4959 245/245/4959
f 245/245/4960 131/131/4960 130/130/4960
f 245/245/4961 130/130/4961 243/243/4961
f 243/243/4962 130/130/4962 2029/2029/4962
f 243/243/4963 2029/2029/4963 241/241/4963
f 1975/1975/4964 936/936/4964 1977/1977/4964
f 1977/1977/4965 936/936/4966 938/938/4967
f 1977/1977/4965 938/938/4967 1979/1979/4968
f 1979/1979/4969 938/938/4970 940/940/4971
f 1979/1979/4969 940/940/4971 1981/1981/4972
f 1981/1981/4973 940/940/4974 942/942/4975
f 1981/1981/4973 942/942/4975 1983/1983/4976
f 1983/1983/4977 942/942/4977 944/944/4977
f 1983/1983/4709 944/944/4978 1985/1985/4710
f 1985/1985/4979 944/944/4979 946/946/4979
f 1985/1985/4715 946/946/4980 1987/1987/4716
f 1987/1987/4981 946/946/4981 948/948/4981
f 1987/1987/4721 948/948/4982 1989/1989/4722
f 1989/1989/4983 948/948/4983 950/950/4983
f 1989/1989/4984 950/950/4984 1991/1991/4984
f 1991/1991/4985 950/950/4985 952/952/4985
f 1991/1991/4986 952/952/4986 1993/1993/4986
f 1993/1993/4987 952/952/4987 951/951/4987
f 1993/1993/4988 951/951/4988 1995/1995/4988
f 1995/1995/4989 951/951/4989 1025/1025/4989
f 1995/1995/4990 1025/1025/4990 1997/1997/4990
f 1997/1997/4991 1025/1025/4991 1024/1024/4991
f 1997/1997/4992 1024/1024/4992 1999/1999/4992
f 1999/1999/4993 1024/1024/4993 1009/1009/4993
f 1999/1999/4994 1009/1009/4994 2001/2001/4994
f 2001/2001/4995 1009/1009/4995 1008/1008/4995
f 2001/2001/4996 1008/1008/4996 2003/2003/4996
f 344/344/4997 2030/2030/4998 346/346/4997
f 346/346/4997 2030/2030/4998 2031/2031/4998
f 346/346/4999 2031/2031/5000 348/348/4999
f 348/348/4999 2031/2031/5000 2032/2032/5001
f 348/348/5002 2032/2032/5003 350/350/5002
f 350/350/5002 2032/2032/5003 2033/2033/5003
f 350/350/5004 2033/2033/5005 351/351/5006
f 351/351/5006 2033/2033/5005 2034/2034/5007
f 351/351/5008 2034/2034/5009 353/353/5010
f 353/353/5010 2034/2034/5009 2035/2035/5011
f 353/353/5012 2035/2035/5013 356/356/5014
f 356/356/5014 2035/2035/5013 2036/2036/5015
f 356/356/5016 2036/2036/5017 358/358/5018
f 358/358/5018 2036/2036/5017 2037/2037/5019
f 358/358/346 2037/2037/5020 360/360/347
f 360/360/347 2037/2037/5020 2038/2038/5021
f 360/360/5022 2038/2038/5022 361/361/5022
f 361/361/5023 2038/2038/5023 2039/2039/5023
f 361/361/5024 2039/2039/5024 2040/2040/5024
f 2040/2040/5025 2039/2039/5025 2041/2041/5025
f 2040/2040/5026 2041/2041/5026 2042/2042/5026
f 2042/2042/5027 2041/2041/5027 2043/2043/5027
f 2042/2042/5028 2043/2043/5028 2044/2044/5028
f 2044/2044/5029 2043/2043/5029 362/362/5029
f 2044/2044/5030 362/362/5030 2045/2045/5030
f 2045/2045/5031 362/362/5031 116/116/5031
f 2030/2030/5032 2046/2046/5033 2031/2031/5032
f 2031/2031/5032 2046/2046/5033 2047/2047/5034
f 2031/2031/5035 2047/2047/5036 2032/2032/5037
f 2032/2032/5037 2047/2047/5036 2048/2048/5038
f 2032/2032/5039 2048/2048/5039 2033/2033/5040
f 2033/2033/5040 2048/2048/5039 2049/2049/5041
f 2033/2033/5042 2049/2049/5043 2034/2034/5044
f 2034/2034/5044 2049/2049/5043 2050/2050/5045
f 2034/2034/5046 2050/2050/5047 2035/2035/5048
f 2035/2035/5048 2050/2050/5047 2051/2051/5049
f 2035/2035/5050 2051/2051/5051 2036/2036/5052
f 2036/2036/5052 2051/2051/5051 2052/2052/5053
f 2036/2036/5054 2052/2052/5055 2037/2037/5056
f 2037/2037/5056 2052/2052/5055 2053/2053/5057
f 2037/2037/5058 2053/2053/5059 2038/2038/5060
f 2038/2038/5060 2053/2053/5059 2054/2054/5061
f 2038/2038/5062 2054/2054/5063 2039/2039/5064
f 2039/2039/5064 2054/2054/5063 2055/2055/5065
f 2039/2039/5066 2055/2055/5067 2041/2041/5068
f 2041/2041/5068 2055/2055/5067 2056/2056/5069
f 2041/2041/5070 2056/2056/5071 2043/2043/5072
f 2043/2043/5072 2056/2056/5071 2057/2057/5073
f 2043/2043/5074 2057/2057/5075 362/362/5076
f 362/362/5076 2057/2057/5075 2058/2058/5077
f 362/362/5078 2058/2058/5079 117/117/5080
f 117/117/5080 2058/2058/5079 2059/2059/5081
f 117/117/5082 2059/2059/5082 118/118/5082
f 118/118/5083 2059/2059/5083 2060/2060/5083
f 118/118/5084 2060/2060/5084 2061/2061/5084
f 2061/2061/5085 2060/2060/5085 2062/2062/5085
f 2061/2061/5086 2062/2062/5086 2063/2063/5086
f 2063/2063/5087 2062/2062/5087 2064/2064/5087
f 2063/2063/5088 2064/2064/5088 2065/2065/5088
f 2065/2065/5089 2064/2064/5089 2066/2066/5089
f 2046/2046/5090 2067/2067/5091 2047/2047/5092
f 2047/2047/5092 2067/2067/5091 2068/2068/5093
f 2047/2047/5094 2068/2068/5095 2048/2048/5096
f 2048/2048/5096 2068/2068/5095 2069/2069/5097
f 2048/2048/5098 2069/2069/5099 2049/2049/5100
f 2049/2049/5100 2069/2069/5099 2070/2070/5101
f 2049/2049/5102 2070/2070/5103 2050/2050/5104
f 2050/2050/5104 2070/2070/5103 2071/2071/5105
f 2050/2050/5106 2071/2071/5107 2051/2051/5108
f 2051/2051/5108 2071/2071/5107 2072/2072/5109
f 2051/2051/5110 2072/2072/5111 2052/2052/5112
f 2052/2052/5112 2072/2072/5111 2073/2073/5113
f 2052/2052/5114 2073/2073/5115 2053/2053/5116
f 2053/2053/5116 2073/2073/5115 2074/2074/5117
f 2053/2053/5118 2074/2074/5119 2054/2054/5120
f 2054/2054/5120 2074/2074/5119 2075/2075/5121
f 2054/2054/5122 2075/2075/5123 2055/2055/5124
f 2055/2055/5124 2075/2075/5123 2076/2076/5125
f 2055/2055/5126 2076/2076/5127 2056/2056/5128
f 2056/2056/5128 2076/2076/5127 2077/2077/5129
f 2056/2056/5130 2077/2077/5131 2057/2057/5132
f 2057/2057/5132 2077/2077/5131 2078/2078/5133
f 2057/2057/5134 2078/2078/5135 2058/2058/5136
f 2058/2058/5136 2078/2078/5135 2079/2079/5137
f 2058/2058/5138 2079/2079/5139 2059/2059/5140
f 2059/2059/5140 2079/2079/5139 2080/2080/5141
f 2059/2059/5142 2080/2080/5143 2060/2060/5144
f 2060/2060/5144 2080/2080/5143 2081/2081/5145
f 2060/2060/5146 2081/2081/5147 2062/2062/5148
f 2062/2062/5148 2081/2081/5147 2082/2082/5149
f 2062/2062/5150 2082/2082/5151 2064/2064/5152
f 2064/2064/5152 2082/2082/5151 2083/2083/5153
f 2064/2064/5154 2083/2083/5154 2066/2066/5154
f 2066/2066/5155 2083/2083/5155 2084/2084/5155
f 2066/2066/5156 2084/2084/5156 2085/2085/5156
f 2085/2085/5157 2084/2084/5157 2086/2086/5157
f 2085/2085/5158 2086/2086/5158 2087/2087/5158
f 2087/2087/5159 2086/2086/5160 2088/2088/5161
f 2087/2087/5162 2088/2088/5162 2089/2089/5162
f 2089/2089/5163 2088/2088/5163 2090/2090/5163
f 2067/2067/5164 2091/2091/5165 2068/2068/5166
f 2068/2068/5166 2091/2091/5165 2092/2092/5167
f 2068/2068/5168 2092/2092/5169 2069/2069/5170
f 2069/2069/5170 2092/2092/5169 2093/2093/5171
f 2069/2069/5172 2093/2093/5173 2070/2070/5174
f 2070/2070/5174 2093/2093/5173 2094/2094/5175
f 2070/2070/5176 2094/2094/5177 2071/2071/5178
f 2071/2071/5178 2094/2094/5177 2095/2095/5179
f 2071/2071/5180 2095/2095/5181 2072/2072/5182
f 2072/2072/5182 2095/2095/5181 2096/2096/5183
f 2072/2072/5184 2096/2096/5185 2073/2073/5186
f 2073/2073/5186 2096/2096/5185 2097/2097/5187
f 2073/2073/5188 2097/2097/5189 2074/2074/5190
f 2074/2074/5190 2097/2097/5189 2098/2098/5191
f 2074/2074/5192 2098/2098/5193 2075/2075/5194
f 2075/2075/5194 2098/2098/5193 2099/2099/5195
f 2075/2075/5196 2099/2099/5197 2076/2076/5198
f 2076/2076/5198 2099/2099/5197 2100/2100/5199
f 2076/2076/5200 2100/2100/5201 2077/2077/5202
f 2077/2077/5202 2100/2100/5201 2101/2101/5203
f 2077/2077/5204 2101/2101/5205 2078/2078/5206
f 2078/2078/5206 2101/2101/5205 2102/2102/5207
f 2078/2078/5208 2102/2102/5209 2079/2079/5210
f 2079/2079/5210 2102/2102/5209 2103/2103/5211
f 2079/2079/5212 2103/2103/5213 2080/2080/5214
f 2080/2080/5214 2103/2103/5213 2104/2104/5215
f 2080/2080/5216 2104/2104/5217 2081/2081/5218
f 2081/2081/5218 2104/2104/5217 2105/2105/5219
f 2081/2081/5220 2105/2105/5221 2082/2082/5222
f 2082/2082/5222 2105/2105/5221 2106/2106/5223
f 2082/2082/5224 2106/2106/5225 2083/2083/5226
f 2083/2083/5226 2106/2106/5225 2107/2107/5227
f 2083/2083/5228 2107/2107/5229 2084/2084/5230
f 2084/2084/5230 2107/2107/5229 2108/2108/5231
f 2084/2084/5232 2108/2108/5233 2086/2086/5234
f 2086/2086/5234 2108/2108/5233 2109/2109/5235
f 2086/2086/5160 2109/2109/5236 2088/2088/5161
f 2088/2088/5161 2109/2109/5236 2110/2110/5237
f 2088/2088/5238 2110/2110/5239 2090/2090/5240
f 2090/2090/5240 2110/2110/5239 2111/2111/5241
f 2090/2090/5242 2111/2111/5242 2112/2112/5242
f 2112/2112/5243 2111/2111/5244 175/175/5245
f 2112/2112/5246 175/175/5246 2113/2113/5246
f 2113/2113/5247 175/175/5247 177/177/5247
f 2091/2091/5248 2114/2114/5249 2092/2092/5250
f 2092/2092/5250 2114/2114/5249 2115/2115/5251
f 2092/2092/5252 2115/2115/5253 2093/2093/5254
f 2093/2093/5254 2115/2115/5253 2116/2116/5255
f 2093/2093/5256 2116/2116/5257 2094/2094/5258
f 2094/2094/5258 2116/2116/5257 2117/2117/5259
f 2094/2094/5260 2117/2117/5261 2095/2095/5262
f 2095/2095/5262 2117/2117/5261 2118/2118/5263
f 2095/2095/5264 2118/2118/5265 2096/2096/5266
f 2096/2096/5266 2118/2118/5265 2119/2119/5267
f 2096/2096/5268 2119/2119/5269 2097/2097/5270
f 2097/2097/5270 2119/2119/5269 2120/2120/5271
f 2097/2097/5272 2120/2120/5273 2098/2098/5274
f 2098/2098/5274 2120/2120/5273 2121/2121/5275
f 2098/2098/5276 2121/2121/5277 2099/2099/5278
f 2099/2099/5278 2121/2121/5277 2122/2122/5279
f 2099/2099/5280 2122/2122/5281 2100/2100/5282
f 2100/2100/5282 2122/2122/5281 2123/2123/5283
f 2100/2100/5284 2123/2123/5285 2101/2101/5286
f 2101/2101/5286 2123/2123/5285 2124/2124/5287
f 2101/2101/5288 2124/2124/5289 2102/2102/5290
f 2102/2102/5290 2124/2124/5289 2125/2125/5291
f 2102/2102/5292 2125/2125/5293 2103/2103/5294
f 2103/2103/5294 2125/2125/5293 2126/2126/5295
f 2103/2103/5296 2126/2126/5297 2104/2104/5298
f 2104/2104/5298 2126/2126/5297 2127/2127/5299
f 2104/2104/5300 2127/2127/5301 2105/2105/5302
f 2105/2105/5302 2127/2127/5301 2128/2128/5303
f 2105/2105/5304 2128/2128/5305 2106/2106/5306
f 2106/2106/5306 2128/2128/5305 2129/2129/5307
f 2106/2106/5308 2129/2129/5309 2107/2107/5310
f 2107/2107/5310 2129/2129/5309 2130/2130/5311
f 2107/2107/5312 2130/2130/5313 2108/2108/5314
f 2108/2108/5314 2130/2130/5313 2131/2131/5315
f 2108/2108/5316 2131/2131/5317 2109/2109/5318
f 2109/2109/5318 2131/2131/5317 2132/2132/5319
f 2109/2109/5320 2132/2132/5321 2110/2110/5322
f 2110/2110/5322 2132/2132/5321 2133/2133/5323
f 2110/2110/5324 2133/2133/5325 2111/2111/5326
f 2111/2111/5326 2133/2133/5325 2134/2134/5327
f 2111/2111/5244 2134/2134/5328 175/175/5245
f 175/175/5245 2134/2134/5328 2135/2135/5329
f 175/175/136 2135/2135/5330 176/176/137
f 176/176/137 2135/2135/5330 182/182/5331
f 176/176/5332 182/182/5332 2136/2136/5332
f 2136/2136/5333 182/182/143 181/181/142
f 2114/2114/5334 2137/2137/5335 2115/2115/5336
f 2115/2115/5336 2137/2137/5335 2138/2138/5337
f 2115/2115/5338 2138/2138/5339 2116/2116/5340
f 2116/2116/5340 2138/2138/5339 2139/2139/5341
f 2116/2116/5342 2139/2139/5343 2117/2117/5344
f 2117/2117/5344 2139/2139/5343 2140/2140/5345
f 2117/2117/5346 2140/2140/5347 2118/2118/5348
f 2118/2118/5348 2140/2140/5347 2141/2141/5349
f 2118/2118/5350 2141/2141/5351 2119/2119/5352
f 2119/2119/5352 2141/2141/5351 2142/2142/5353
f 2119/2119/5354 2142/2142/5355 2120/2120/5356
f 2120/2120/5356 2142/2142/5355 2143/2143/5357
f 2120/2120/5358 2143/2143/5359 2121/2121/5360
f 2121/2121/5360 2143/2143/5359 2144/2144/5361
f 2121/2121/5362 2144/2144/5363 2122/2122/5364
f 2122/2122/5364 2144/2144/5363 2145/2145/5365
f 2122/2122/5366 2145/2145/5367 2123/2123/5368
f 2123/2123/5368 2145/2145/5367 2146/2146/5369
f 2123/2123/5370 2146/2146/5371 2124/2124/5372
f 2124/2124/5372 2146/2146/5371 2147/2147/5373
f 2124/2124/5374 2147/2147/5375 2125/2125/5376
f 2125/2125/5376 2147/2147/5375 2148/2148/5377
f 2125/2125/5378 2148/2148/5379 2126/2126/5380
f 2126/2126/5380 2148/2148/5379 2149/2149/5381
f 2126/2126/5382 2149/2149/5383 2127/2127/5384
f 2127/2127/5384 2149/2149/5383 2150/2150/5385
f 2127/2127/5386 2150/2150/5387 2128/2128/5388
f 2128/2128/5388 2150/2150/5387 2151/2151/5389
f 2128/2128/5390 2151/2151/5391 2129/2129/5392
f 2129/2129/5392 2151/2151/5391 2152/2152/5393
f 2129/2129/5394 2152/2152/5395 2130/2130/5396
f 2130/2130/5396 2152/2152/5395 2153/2153/5397
f 2130/2130/5398 2153/2153/5399 2131/2131/5400
f 2131/2131/5400 2153/2153/5399 2154/2154/5401
f 2131/2131/5402 2154/2154/5403 2132/2132/5404
f 2132/2132/5404 2154/2154/5403 2155/2155/5405
f 2132/2132/5406 2155/2155/5407 2133/2133/5408
f 2133/2133/5408 2155/2155/5407 2156/2156/5409
f 2133/2133/5410 2156/2156/5411 2134/2134/5412
f 2134/2134/5412 2156/2156/5411 2157/2157/5413
f 2134/2134/5414 2157/2157/5415 2135/2135/5416
f 2135/2135/5416 2157/2157/5415 2158/2158/5417
f 2135/2135/5418 2158/2158/5419 182/182/5420
f 182/182/5420 2158/2158/5419 2159/2159/5421
f 182/182/143 2159/2159/5422 180/180/141
f 180/180/141 2159/2159/5422 2160/2160/5423
f 180/180/5424 2160/2160/5425 178/178/5426
f 178/178/5426 2160/2160/5425 2161/2161/5427
f 178/178/5428 2161/2161/5428 2162/2162/5428
f 2162/2162/5429 2161/2161/5430 2163/2163/5431
f 2137/2137/5432 2164/2164/5433 2138/2138/5434
f 2138/2138/5434 2164/2164/5433 2165/2165/5435
f 2138/2138/5436 2165/2165/5437 2139/2139/5438
f 2139/2139/5438 2165/2165/5437 2166/2166/5439
f 2139/2139/5440 2166/2166/5441 2140/2140/5442
f 2140/2140/5442 2166/2166/5441 2167/2167/5443
f 2140/2140/5444 2167/2167/5445 2141/2141/5446
f 2141/2141/5446 2167/2167/5445 2168/2168/5447
f 2141/2141/5448 2168/2168/5449 2142/2142/5450
f 2142/2142/5450 2168/2168/5449 2169/2169/5451
f 2142/2142/5452 2169/2169/5453 2143/2143/5454
f 2143/2143/5454 2169/2169/5453 2170/2170/5455
f 2143/2143/5456 2170/2170/5457 2144/2144/5458
f 2144/2144/5458 2170/2170/5457 2171/2171/5459
f 2144/2144/5460 2171/2171/5461 2145/2145/5462
f 2145/2145/5462 2171/2171/5461 2172/2172/5463
f 2145/2145/5464 2172/2172/5465 2146/2146/5466
f 2146/2146/5466 2172/2172/5465 2173/2173/5467
f 2146/2146/5468 2173/2173/5469 2147/2147/5470
f 2147/2147/5470 2173/2173/5469 2174/2174/5471
f 2147/2147/5472 2174/2174/5473 2148/2148/5474
f 2148/2148/5474 2174/2174/5473 2175/2175/5475
f 2148/2148/5476 2175/2175/5477 2149/2149/5478
f 2149/2149/5478 2175/2175/5477 2176/2176/5479
f 2149/2149/5480 2176/2176/5481 2150/2150/5482
f 2150/2150/5482 2176/2176/5481 2177/2177/5483
f 2150/2150/5484 2177/2177/5485 2151/2151/5486
f 2151/2151/5486 2177/2177/5485 2178/2178/5487
f 2151/2151/5488 2178/2178/5489 2152/2152/5490
f 2152/2152/5490 2178/2178/5489 2179/2179/5491
f 2152/2152/5492 2179/2179/5493 2153/2153/5494
f 2153/2153/5494 2179/2179/5493 2180/2180/5495
f 2153/2153/5496 2180/2180/5496 2154/2154/5496
f 2154/2154/5497 2180/2180/5497 2181/2181/5497
f 2154/2154/5498 2181/2181/5498 2155/2155/5498
f 2155/2155/5499 2181/2181/5499 2182/2182/5499
f 2155/2155/5500 2182/2182/5500 2156/2156/5500
f 2156/2156/5501 2182/2182/5501 2183/2183/5501
f 2156/2156/5502 2183/2183/5502 2157/2157/5502
f 2157/2157/5503 2183/2183/5503 2184/2184/5503
f 2157/2157/5504 2184/2184/5504 2158/2158/5504
f 2158/2158/5505 2184/2184/5505 2185/2185/5505
f 2158/2158/5506 2185/2185/5506 2159/2159/5506
f 2159/2159/5507 2185/2185/5507 2186/2186/5507
f 2159/2159/5508 2186/2186/5508 2160/2160/5508
f 2160/2160/5509 2186/2186/5509 2187/2187/5509
f 2160/2160/5425 2187/2187/5510 2161/2161/5427
f 2161/2161/5427 2187/2187/5510 2188/2188/5511
f 2161/2161/5430 2188/2188/5512 2163/2163/5431
f 2163/2163/5431 2188/2188/5512 2189/2189/5513
f 2163/2163/5514 2189/2189/5515 2190/2190/5516
f 2190/2190/5516 2189/2189/5515 2191/2191/5517
f 2190/2190/5518 2191/2191/5519 2192/2192/5520
f 2193/2193/5521 2194/2194/5522 2195/2195/5523
f 2195/2195/5524 2194/2194/5525 2196/2196/5526
f 2195/2195/5524 2196/2196/5526 2197/2197/5527
f 2197/2197/5528 2196/2196/5528 2198/2198/5528
f 2197/2197/5529 2198/2198/5529 2199/2199/5529
f 2199/2199/5530 2198/2198/5531 2200/2200/5532
f 2199/2199/5530 2200/2200/5532 2201/2201/5533
f 2201/2201/5534 2200/2200/5535 2202/2202/5536
f 2201/2201/5534 2202/2202/5536 2203/2203/5537
f 2203/2203/5538 2202/2202/5539 2204/2204/5540
f 2203/2203/5538 2204/2204/5540 2205/2205/5541
f 2205/2205/5542 2204/2204/5542 2206/2206/5542
f 2205/2205/5543 2206/2206/5544 2207/2207/5545
f 2207/2207/5546 2206/2206/5546 170/170/5546
f 2207/2207/5547 170/170/5548 173/173/5549
f 173/173/5550 170/170/5550 169/169/5550
f 173/173/5551 169/169/5551 171/171/5551
f 2194/2194/5552 385/385/5552 2196/2196/5552
f 2196/2196/5553 385/385/5553 386/386/5553
f 2196/2196/5554 386/386/5554 2198/2198/5554
f 2198/2198/5555 386/386/5555 387/387/5555
f 2198/2198/5556 387/387/5556 2200/2200/5556
f 2200/2200/5557 387/387/5557 388/388/5557
f 2200/2200/5558 388/388/5558 2202/2202/5558
f 2202/2202/5559 388/388/5559 389/389/5559
f 2202/2202/5560 389/389/5560 2204/2204/5560
f 2204/2204/5561 389/389/5562 166/166/5563
f 2204/2204/5561 166/166/5563 2206/2206/5564
f 2206/2206/5565 166/166/5566 165/165/5567
f 2206/2206/5565 165/165/5567 170/170/5568
f 170/170/5568 165/165/5567 167/167/5569
f 170/170/5568 167/167/5569 168/168/5570
f 192/192/155 2208/2208/5571 191/191/153
f 191/191/153 2208/2208/5571 2209/2209/5572
f 191/191/152 2209/2209/5573 2210/2210/5574
f 2210/2210/5575 2209/2209/5576 2211/2211/5577
f 2210/2210/5575 2211/2211/5577 2212/2212/5578
f 2212/2212/5579 2211/2211/5580 2213/2213/5581
f 2212/2212/5579 2213/2213/5581 2214/2214/5582
f 2214/2214/5583 2213/2213/5584 2215/2215/5585
f 2214/2214/5583 2215/2215/5585 2216/2216/5586
f 2216/2216/5587 2215/2215/5588 2217/2217/5589
f 2216/2216/5587 2217/2217/5589 2218/2218/5590
f 2218/2218/5591 2217/2217/5592 2219/2219/5593
f 2218/2218/5591 2219/2219/5593 2220/2220/5594
f 2220/2220/5595 2219/2219/5596 2221/2221/5597
f 2220/2220/5595 2221/2221/5597 2222/2222/5598
f 2222/2222/5599 2221/2221/5600 2223/2223/5601
f 2222/2222/5599 2223/2223/5601 2224/2224/5602
f 2224/2224/5603 2223/2223/5604 420/420/5605
f 2224/2224/5603 420/420/5605 2225/2225/5606
f 2225/2225/5607 420/420/5608 419/419/5609
f 2225/2225/5607 419/419/5609 2226/2226/5610
f 418/418/5611 2227/2227/5611 2228/2228/5611
f 2228/2228/5612 2227/2227/5613 2229/2229/5614
f 2228/2228/5612 2229/2229/5614 2230/2230/5615
f 2230/2230/5616 2229/2229/5617 2231/2231/5618
f 2230/2230/5616 2231/2231/5618 2232/2232/5619
f 2232/2232/5620 2231/2231/5621 2233/2233/5622
f 2232/2232/5620 2233/2233/5622 2234/2234/5623
f 2234/2234/5624 2233/2233/5625 2235/2235/5626
f 2234/2234/5624 2235/2235/5626 2236/2236/5627
f 2236/2236/5628 2235/2235/5629 2237/2237/5630
f 2236/2236/5628 2237/2237/5630 2238/2238/5631
f 2238/2238/5632 2237/2237/5633 2239/2239/5634
f 2238/2238/5632 2239/2239/5634 2240/2240/5635
f 2240/2240/5636 2239/2239/5637 2241/2241/5638
f 2240/2240/5636 2241/2241/5638 2242/2242/5639
f 2242/2242/5640 2241/2241/5641 2243/2243/5642
f 2242/2242/5640 2243/2243/5642 2244/2244/5643
f 2244/2244/5644 2243/2243/5645 2245/2245/5646
f 2244/2244/5644 2245/2245/5646 2246/2246/5647
f 2246/2246/5648 2245/2245/5649 2247/2247/5650
f 2246/2246/5648 2247/2247/5650 186/186/147
f 186/186/147 2247/2247/5650 2248/2248/5651
f 186/186/147 2248/2248/5651 187/187/148
f 418/418/472 420/420/474 2227/2227/5652
f 2227/2227/5653 420/420/5654 2223/2223/5655
f 2227/2227/5653 2223/2223/5655 2229/2229/5656
f 2229/2229/5657 2223/2223/5658 2221/2221/5659
f 2229/2229/5657 2221/2221/5659 2231/2231/5660
f 2231/2231/5661 2221/2221/5662 2219/2219/5663
f 2231/2231/5661 2219/2219/5663 2233/2233/5664
f 2233/2233/5665 2219/2219/5666 2217/2217/5667
f 2233/2233/5665 2217/2217/5667 2235/2235/5668
f 2235/2235/5669 2217/2217/5670 2215/2215/5671
f 2235/2235/5669 2215/2215/5671 2237/2237/5672
f 2237/2237/5673 2215/2215/5674 2213/2213/5675
f 2237/2237/5673 2213/2213/5675 2239/2239/5676
f 2239/2239/5677 2213/2213/5678 2211/2211/5679
f 2239/2239/5677 2211/2211/5679 2241/2241/5680
f 2241/2241/5681 2211/2211/5682 2209/2209/5683
f 2241/2241/5681 2209/2209/5683 2243/2243/5684
f 2243/2243/5685 2209/2209/5686 2208/2208/5687
f 2243/2243/5685 2208/2208/5687 2245/2245/5688
f 2245/2245/5688 2208/2208/5687 192/192/5689
f 2245/2245/5688 192/192/5689 2247/2247/5690
f 2247/2247/5690 192/192/5689 2249/2249/5691
f 2247/2247/5690 2249/2249/5691 2248/2248/5692
f 2226/2226/5693 2193/2193/5694 2225/2225/5695
f 2225/2225/5696 2193/2193/5697 2195/2195/5698
f 2225/2225/5696 2195/2195/5698 2224/2224/5699
f 2224/2224/5700 2195/2195/5701 2197/2197/5702
f 2224/2224/5700 2197/2197/5702 2222/2222/5703
f 2222/2222/5704 2197/2197/5705 2199/2199/5706
f 2222/2222/5704 2199/2199/5706 2220/2220/5707
f 2220/2220/5708 2199/2199/5709 2201/2201/5710
f 2220/2220/5708 2201/2201/5710 2218/2218/5711
f 2218/2218/5712 2201/2201/5713 2203/2203/5714
f 2218/2218/5712 2203/2203/5714 2216/2216/5715
f 2216/2216/5716 2203/2203/5717 2205/2205/5718
f 2216/2216/5716 2205/2205/5718 2214/2214/5719
f 2214/2214/5720 2205/2205/5543 2207/2207/5545
f 2214/2214/5720 2207/2207/5545 2212/2212/5721
f 2212/2212/5722 2207/2207/5547 173/173/5549
f 2212/2212/5723 173/173/5723 2210/2210/5723
f 2210/2210/5574 173/173/134 172/172/133
f 2210/2210/5574 172/172/133 191/191/152
f 191/191/152 172/172/133 174/174/135
f 191/191/152 174/174/135 189/189/150
f 2164/2164/5724 2250/2250/5725 2165/2165/5726
f 2165/2165/5726 2250/2250/5725 2251/2251/5727
f 2165/2165/5728 2251/2251/5729 2166/2166/5730
f 2166/2166/5730 2251/2251/5729 2252/2252/5731
f 2166/2166/5732 2252/2252/5733 2167/2167/5734
f 2167/2167/5734 2252/2252/5733 2253/2253/5735
f 2167/2167/5736 2253/2253/5737 2168/2168/5738
f 2168/2168/5738 2253/2253/5737 2254/2254/5739
f 2168/2168/5740 2254/2254/5741 2169/2169/5742
f 2169/2169/5742 2254/2254/5741 2255/2255/5743
f 2169/2169/5744 2255/2255/5745 2170/2170/5746
f 2170/2170/5746 2255/2255/5745 2256/2256/5747
f 2170/2170/5748 2256/2256/5749 2171/2171/5750
f 2171/2171/5750 2256/2256/5749 2257/2257/5751
f 2171/2171/5752 2257/2257/5753 2172/2172/5754
f 2172/2172/5754 2257/2257/5753 2258/2258/5755
f 2172/2172/5756 2258/2258/5757 2173/2173/5758
f 2173/2173/5758 2258/2258/5757 2259/2259/5759
f 2173/2173/5760 2259/2259/5761 2174/2174/5762
f 2174/2174/5762 2259/2259/5761 2260/2260/5763
f 2174/2174/5764 2260/2260/5765 2175/2175/5766
f 2175/2175/5766 2260/2260/5765 2261/2261/5767
f 2175/2175/5768 2261/2261/5769 2176/2176/5770
f 2176/2176/5770 2261/2261/5769 2262/2262/5771
f 2176/2176/5772 2262/2262/5773 2177/2177/5774
f 2177/2177/5774 2262/2262/5773 2263/2263/5775
f 2177/2177/5776 2263/2263/5777 2178/2178/5778
f 2178/2178/5778 2263/2263/5777 2264/2264/5779
f 2178/2178/5780 2264/2264/5780 2179/2179/5780
f 2179/2179/5781 2264/2264/5781 2265/2265/5781
f 2179/2179/5782 2265/2265/5782 2180/2180/5782
f 2180/2180/5783 2265/2265/5783 2266/2266/5783
f 2180/2180/5784 2266/2266/5784 2181/2181/5784
f 2181/2181/5785 2266/2266/5785 2267/2267/5785
f 2181/2181/5786 2267/2267/5786 2182/2182/5786
f 2182/2182/5787 2267/2267/5787 2268/2268/5787
f 2182/2182/5788 2268/2268/5788 2183/2183/5788
f 2183/2183/5789 2268/2268/5789 2269/2269/5789
f 2183/2183/5790 2269/2269/5790 2184/2184/5790
f 2184/2184/5791 2269/2269/5791 2270/2270/5791
f 2184/2184/5792 2270/2270/5792 2185/2185/5792
f 2185/2185/5793 2270/2270/5793 2271/2271/5793
f 2185/2185/5794 2271/2271/5794 2186/2186/5794
f 2186/2186/5795 2271/2271/5795 2272/2272/5795
f 2186/2186/5796 2272/2272/5796 2187/2187/5796
f 2187/2187/5797 2272/2272/5797 2273/2273/5797
f 2187/2187/5798 2273/2273/5798 2188/2188/5798
f 2188/2188/5799 2273/2273/5799 2274/2274/5799
f 2188/2188/5800 2274/2274/5800 2189/2189/5800
f 2189/2189/5801 2274/2274/5801 2275/2275/5801
f 2189/2189/5515 2275/2275/5802 2191/2191/5517
f 2191/2191/5517 2275/2275/5802 2276/2276/5803
f 2191/2191/5519 2276/2276/5804 2192/2192/5520
f 2192/2192/5520 2276/2276/5804 2277/2277/5805
f 2192/2192/5806 2277/2277/5807 2278/2278/5808
f 2278/2278/5808 2277/2277/5807 2279/2279/5809
f 2250/2250/5810 2280/2280/5811 2251/2251/5812
f 2251/2251/5812 2280/2280/5811 2281/2281/5813
f 2251/2251/5814 2281/2281/5815 2252/2252/5816
f 2252/2252/5816 2281/2281/5815 2282/2282/5817
f 2252/2252/5818 2282/2282/5819 2253/2253/5820
f 2253/2253/5820 2282/2282/5819 2283/2283/5821
f 2253/2253/5822 2283/2283/5823 2254/2254/5824
f 2254/2254/5824 2283/2283/5823 2284/2284/5825
f 2254/2254/5826 2284/2284/5827 2255/2255/5828
f 2255/2255/5828 2284/2284/5827 2285/2285/5829
f 2255/2255/5830 2285/2285/5831 2256/2256/5832
f 2256/2256/5832 2285/2285/5831 2286/2286/5833
f 2256/2256/5834 2286/2286/5835 2257/2257/5836
f 2257/2257/5836 2286/2286/5835 2287/2287/5837
f 2257/2257/5838 2287/2287/5839 2258/2258/5840
f 2258/2258/5840 2287/2287/5839 2288/2288/5841
f 2258/2258/5842 2288/2288/5843 2259/2259/5844
f 2259/2259/5844 2288/2288/5843 2289/2289/5845
f 2259/2259/5846 2289/2289/5847 2260/2260/5848
f 2260/2260/5848 2289/2289/5847 2290/2290/5849
f 2260/2260/5850 2290/2290/5851 2261/2261/5852
f 2261/2261/5852 2290/2290/5851 2291/2291/5853
f 2261/2261/5854 2291/2291/5855 2262/2262/5856
f 2262/2262/5856 2291/2291/5855 2292/2292/5857
f 2262/2262/5858 2292/2292/5859 2263/2263/5860
f 2263/2263/5860 2292/2292/5859 2293/2293/5861
f 2263/2263/5862 2293/2293/5862 2264/2264/5862
f 2264/2264/5863 2293/2293/5863 2294/2294/5863
f 2264/2264/5864 2294/2294/5864 2265/2265/5864
f 2265/2265/5865 2294/2294/5865 2295/2295/5865
f 2265/2265/5866 2295/2295/5866 2266/2266/5866
f 2266/2266/5867 2295/2295/5867 2296/2296/5867
f 2266/2266/5868 2296/2296/5868 2267/2267/5868
f 2267/2267/5869 2296/2296/5869 2297/2297/5869
f 2267/2267/5870 2297/2297/5870 2268/2268/5870
f 2268/2268/5871 2297/2297/5871 2298/2298/5871
f 2268/2268/5872 2298/2298/5872 2269/2269/5872
f 2269/2269/5873 2298/2298/5873 2299/2299/5873
f 2269/2269/5874 2299/2299/5874 2270/2270/5874
f 2270/2270/5875 2299/2299/5875 2300/2300/5875
f 2270/2270/5876 2300/2300/5876 2271/2271/5876
f 2271/2271/5877 2300/2300/5877 2301/2301/5877
f 2271/2271/5878 2301/2301/5878 2272/2272/5878
f 2272/2272/5879 2301/2301/5879 2302/2302/5879
f 2272/2272/5880 2302/2302/5880 2273/2273/5880
f 2273/2273/5881 2302/2302/5881 2303/2303/5881
f 2273/2273/5882 2303/2303/5882 2274/2274/5882
f 2274/2274/5883 2303/2303/5883 2304/2304/5883
f 2274/2274/5884 2304/2304/5884 2275/2275/5884
f 2275/2275/5885 2304/2304/5885 2305/2305/5885
f 2275/2275/5886 2305/2305/5886 2276/2276/5886
f 2276/2276/5887 2305/2305/5887 2306/2306/5887
f 2276/2276/5804 2306/2306/5888 2277/2277/5805
f 2277/2277/5805 2306/2306/5888 2307/2307/5889
f 2277/2277/5807 2307/2307/5890 2279/2279/5809
f 2279/2279/5809 2307/2307/5890 2308/2308/5891
f 2279/2279/5892 2308/2308/5893 2309/2309/5894
f 2309/2309/5894 2308/2308/5893 2310/2310/5895
f 2280/2280/5896 2311/2311/5897 2281/2281/5898
f 2281/2281/5898 2311/2311/5897 2312/2312/5899
f 2281/2281/5900 2312/2312/5901 2282/2282/5902
f 2282/2282/5902 2312/2312/5901 2313/2313/5903
f 2282/2282/5904 2313/2313/5905 2283/2283/5906
f 2283/2283/5906 2313/2313/5905 2314/2314/5907
f 2283/2283/5908 2314/2314/5909 2284/2284/5910
f 2284/2284/5910 2314/2314/5909 2315/2315/5911
f 2284/2284/5912 2315/2315/5913 2285/2285/5914
f 2285/2285/5914 2315/2315/5913 2316/2316/5915
f 2285/2285/5916 2316/2316/5917 2286/2286/5918
f 2286/2286/5918 2316/2316/5917 2317/2317/5919
f 2286/2286/5920 2317/2317/5921 2287/2287/5922
f 2287/2287/5922 2317/2317/5921 2318/2318/5923
f 2287/2287/5924 2318/2318/5925 2288/2288/5926
f 2288/2288/5926 2318/2318/5925 2319/2319/5927
f 2288/2288/5928 2319/2319/5929 2289/2289/5930
f 2289/2289/5930 2319/2319/5929 2320/2320/5931
f 2289/2289/5932 2320/2320/5933 2290/2290/5934
f 2290/2290/5934 2320/2320/5933 2321/2321/5935
f 2290/2290/5936 2321/2321/5937 2291/2291/5938
f 2291/2291/5938 2321/2321/5937 2322/2322/5939
f 2291/2291/5940 2322/2322/5940 2292/2292/5940
f 2292/2292/5941 2322/2322/5941 2323/2323/5941
f 2292/2292/5942 2323/2323/5942 2293/2293/5942
f 2293/2293/5943 2323/2323/5943 2324/2324/5943
f 2293/2293/5944 2324/2324/5944 2294/2294/5944
f 2294/2294/5945 2324/2324/5945 2325/2325/5945
f 2294/2294/5946 2325/2325/5946 2295/2295/5946
f 2295/2295/5947 2325/2325/5947 2326/2326/5947
f 2295/2295/5948 2326/2326/5948 2296/2296/5948
f 2296/2296/5949 2326/2326/5949 2327/2327/5949
f 2296/2296/5950 2327/2327/5950 2297/2297/5950
f 2297/2297/5951 2327/2327/5951 2328/2328/5951
f 2297/2297/5952 2328/2328/5952 2298/2298/5952
f 2298/2298/5953 2328/2328/5953 2329/2329/5953
f 2298/2298/5954 2329/2329/5954 2299/2299/5954
f 2299/2299/5955 2329/2329/5955 2330/2330/5955
f 2299/2299/5956 2330/2330/5956 2300/2300/5956
f 2300/2300/5957 2330/2330/5957 2331/2331/5957
f 2300/2300/5958 2331/2331/5958 2301/2301/5958
f 2301/2301/5959 2331/2331/5959 2332/2332/5959
f 2301/2301/5960 2332/2332/5960 2302/2302/5960
f 2302/2302/5961 2332/2332/5961 2333/2333/5961
f 2302/2302/5962 2333/2333/5962 2303/2303/5962
f 2303/2303/5963 2333/2333/5963 2334/2334/5963
f 2303/2303/5964 2334/2334/5964 2304/2304/5964
f 2304/2304/5965 2334/2334/5965 2335/2335/5965
f 2304/2304/5966 2335/2335/5966 2305/2305/5966
f 2305/2305/5967 2335/2335/5967 2336/2336/5967
f 2305/2305/5968 2336/2336/5968 2306/2306/5968
f 2306/2306/5969 2336/2336/5969 2337/2337/5969
f 2306/2306/5888 2337/2337/5970 2307/2307/5889
f 2307/2307/5889 2337/2337/5970 2338/2338/5971
f 2307/2307/5890 2338/2338/5972 2308/2308/5891
f 2308/2308/5891 2338/2338/5972 2339/2339/5973
f 2308/2308/5893 2339/2339/5974 2310/2310/5895
f 2310/2310/5895 2339/2339/5974 2340/2340/5975
f 2310/2310/5976 2340/2340/5976 2341/2341/5976
f 2341/2341/5977 2340/2340/5978 2342/2342/5979
f 2341/2341/5980 2342/2342/5981 2343/2343/5982
f 2343/2343/5982 2342/2342/5981 185/185/5983
f 2344/2344/5984 2345/2345/5984 2346/2346/5984
f 2346/2346/5985 2345/2345/5985 2347/2347/5985
f 2346/2346/5986 2347/2347/5986 2348/2348/5986
f 2348/2348/5987 2347/2347/5987 2349/2349/5987
f 2348/2348/5988 2349/2349/5988 2350/2350/5988
f 2350/2350/5989 2349/2349/5989 2351/2351/5989
f 2350/2350/5990 2351/2351/5990 2352/2352/5990
f 2352/2352/5991 2351/2351/5991 2353/2353/5991
f 2352/2352/5992 2353/2353/5992 2354/2354/5992
f 2354/2354/5993 2353/2353/5993 2355/2355/5993
f 2354/2354/5994 2355/2355/5994 2356/2356/5994
f 2356/2356/5995 2355/2355/5995 2357/2357/5995
f 2356/2356/5996 2357/2357/5996 2358/2358/5996
f 2358/2358/5997 2357/2357/5997 2359/2359/5997
f 2358/2358/5998 2359/2359/5998 2360/2360/5998
f 2360/2360/5999 2359/2359/5999 2361/2361/5999
f 2360/2360/6000 2361/2361/6000 2362/2362/6000
f 2362/2362/6001 2361/2361/6001 2363/2363/6001
f 2362/2362/6002 2363/2363/6002 2364/2364/6002
f 2364/2364/6003 2363/2363/6003 2365/2365/6003
f 2364/2364/6004 2365/2365/6004 2366/2366/6004
f 2366/2366/6005 2365/2365/6005 2367/2367/6005
f 2366/2366/6006 2367/2367/6007 2368/2368/6008
f 2368/2368/6008 2367/2367/6007 2369/2369/6009
f 2368/2368/6010 2369/2369/6011 2370/2370/6012
f 2370/2370/6012 2369/2369/6011 2371/2371/6013
f 2370/2370/6014 2371/2371/6015 2372/2372/6016
f 2372/2372/6016 2371/2371/6015 2373/2373/6017
f 2372/2372/6018 2373/2373/6019 2374/2374/6020
f 2374/2374/6020 2373/2373/6019 2375/2375/6021
f 2345/2345/6022 2376/2376/6022 2347/2347/6022
f 2347/2347/6023 2376/2376/6023 2377/2377/6023
f 2347/2347/6024 2377/2377/6024 2349/2349/6024
f 2349/2349/6025 2377/2377/6025 2378/2378/6025
f 2349/2349/6026 2378/2378/6026 2351/2351/6026
f 2351/2351/6027 2378/2378/6027 2379/2379/6027
f 2351/2351/6028 2379/2379/6028 2353/2353/6028
f 2353/2353/6029 2379/2379/6029 2380/2380/6029
f 2353/2353/6030 2380/2380/6030 2355/2355/6030
f 2355/2355/6031 2380/2380/6031 2381/2381/6031
f 2355/2355/6032 2381/2381/6032 2357/2357/6032
f 2357/2357/6033 2381/2381/6033 2382/2382/6033
f 2357/2357/6034 2382/2382/6034 2359/2359/6034
f 2359/2359/6035 2382/2382/6035 2383/2383/6035
f 2359/2359/6036 2383/2383/6036 2361/2361/6036
f 2361/2361/6037 2383/2383/6037 2384/2384/6037
f 2361/2361/6038 2384/2384/6038 2363/2363/6038
f 2363/2363/6039 2384/2384/6039 2385/2385/6039
f 2363/2363/6040 2385/2385/6040 2365/2365/6040
f 2365/2365/6041 2385/2385/6041 2386/2386/6041
f 2365/2365/6042 2386/2386/6042 2367/2367/6042
f 2367/2367/6043 2386/2386/6043 2387/2387/6043
f 2367/2367/6044 2387/2387/6044 2369/2369/6044
f 2369/2369/6045 2387/2387/6045 2388/2388/6045
f 2369/2369/6046 2388/2388/6047 2371/2371/6048
f 2371/2371/6048 2388/2388/6047 2389/2389/6049
f 2371/2371/6050 2389/2389/6051 2373/2373/6052
f 2373/2373/6052 2389/2389/6051 2390/2390/6053
f 2373/2373/6019 2390/2390/6054 2375/2375/6021
f 2375/2375/6021 2390/2390/6054 2391/2391/6055
f 2376/2376/6056 2392/2392/6056 2377/2377/6056
f 2377/2377/6057 2392/2392/6057 2393/2393/6057
f 2377/2377/6058 2393/2393/6058 2378/2378/6058
f 2378/2378/6059 2393/2393/6059 2394/2394/6059
f 2378/2378/6060 2394/2394/6060 2379/2379/6060
f 2379/2379/6061 2394/2394/6061 2395/2395/6061
f 2379/2379/6062 2395/2395/6062 2380/2380/6062
f 2380/2380/6063 2395/2395/6063 2396/2396/6063
f 2380/2380/6064 2396/2396/6064 2381/2381/6064
f 2381/2381/6065 2396/2396/6065 2397/2397/6065
f 2381/2381/6066 2397/2397/6066 2382/2382/6066
f 2382/2382/6067 2397/2397/6067 2398/2398/6067
f 2382/2382/6068 2398/2398/6068 2383/2383/6068
f 2383/2383/6069 2398/2398/6069 2399/2399/6069
f 2383/2383/6070 2399/2399/6070 2384/2384/6070
f 2384/2384/6071 2399/2399/6071 2400/2400/6071
f 2384/2384/6072 2400/2400/6072 2385/2385/6072
f 2385/2385/6073 2400/2400/6073 2401/2401/6073
f 2385/2385/6074 2401/2401/6074 2386/2386/6074
f 2386/2386/6075 2401/2401/6075 2402/2402/6075
f 2386/2386/6076 2402/2402/6076 2387/2387/6076
f 2387/2387/6077 2402/2402/6077 2403/2403/6077
f 2387/2387/6078 2403/2403/6078 2388/2388/6078
f 2388/2388/6079 2403/2403/6079 2404/2404/6079
f 2388/2388/6080 2404/2404/6081 2389/2389/6082
f 2389/2389/6082 2404/2404/6081 2405/2405/6083
f 2389/2389/6084 2405/2405/6085 2390/2390/6086
f 2390/2390/6086 2405/2405/6085 2406/2406/6087
f 2390/2390/6088 2406/2406/6089 2391/2391/6090
f 2391/2391/6090 2406/2406/6089 2407/2407/6091
f 2392/2392/6092 542/542/6092 2393/2393/6092
f 2393/2393/6093 542/542/6093 544/544/6093
f 2393/2393/6094 544/544/6094 2394/2394/6094
f 2394/2394/6095 544/544/6095 546/546/6095
f 2394/2394/6096 546/546/6096 2395/2395/6096
f 2395/2395/6097 546/546/6097 548/548/6097
f 2395/2395/6098 548/548/6098 2396/2396/6098
f 2396/2396/6099 548/548/6099 550/550/6099
f 2396/2396/6100 550/550/6100 2397/2397/6100
f 2397/2397/6101 550/550/6101 552/552/6101
f 2397/2397/6102 552/552/6102 2398/2398/6102
f 2398/2398/6103 552/552/6103 554/554/6103
f 2398/2398/6104 554/554/6104 2399/2399/6104
f 2399/2399/6105 554/554/6105 556/556/6105
f 2399/2399/6106 556/556/6106 2400/2400/6106
f 2400/2400/6107 556/556/6107 558/558/6107
f 2400/2400/6108 558/558/6108 2401/2401/6108
f 2401/2401/6109 558/558/6109 560/560/6109
f 2401/2401/6110 560/560/6110 2402/2402/6110
f 2402/2402/6111 560/560/6111 562/562/6111
f 2402/2402/6112 562/562/6112 2403/2403/6112
f 2403/2403/6113 562/562/6113 564/564/6113
f 2403/2403/6114 564/564/6114 2404/2404/6114
f 2404/2404/6115 564/564/6115 566/566/6115
f 2404/2404/6116 566/566/6117 2405/2405/6118
f 2405/2405/6118 566/566/6117 568/568/6119
f 2405/2405/6120 568/568/6121 2406/2406/6122
f 2406/2406/6122 568/568/6121 570/570/6123
f 2406/2406/6124 570/570/6125 2407/2407/6126
f 2407/2407/6126 570/570/6125 572/572/6127
f 2408/2408/6128 2409/2409/6128 2410/2410/6128
f 690/690/6129 2411/2411/6129 692/692/6129
f 692/692/6130 2411/2411/6130 2412/2412/6130
f 692/692/6131 2412/2412/6131 2413/2413/6131
f 2413/2413/6132 2412/2412/6132 2414/2414/6132
f 2413/2413/6133 2414/2414/6133 2415/2415/6133
f 2415/2415/6134 2414/2414/6134 2416/2416/6134
f 2415/2415/6135 2416/2416/6135 2417/2417/6135
f 2417/2417/6136 2416/2416/6136 2418/2418/6136
f 2417/2417/6137 2418/2418/6137 2419/2419/6137
f 2419/2419/6138 2418/2418/6138 2420/2420/6138
f 2419/2419/6139 2420/2420/6139 2421/2421/6139
f 2421/2421/6140 2420/2420/6140 2422/2422/6140
f 2421/2421/6141 2422/2422/6141 2423/2423/6141
f 2423/2423/6142 2422/2422/6142 2424/2424/6142
f 2423/2423/6143 2424/2424/6143 2425/2425/6143
f 2425/2425/6144 2424/2424/6144 2426/2426/6144
f 2425/2425/6145 2426/2426/6145 2427/2427/6145
f 2427/2427/6146 2426/2426/6146 2428/2428/6146
f 2427/2427/6147 2428/2428/6147 2429/2429/6147
f 689/689/6148 2430/2430/6149 690/690/6150
f 690/690/6150 2430/2430/6149 2431/2431/6151
f 690/690/6150 2431/2431/6151 2411/2411/6152
f 2411/2411/6153 2431/2431/6153 2432/2432/6153
f 2411/2411/6154 2432/2432/6154 2412/2412/6154
f 2412/2412/6155 2432/2432/6155 2433/2433/6155
f 2412/2412/6156 2433/2433/6156 2414/2414/6156
f 2414/2414/6157 2433/2433/6157 2434/2434/6157
f 2414/2414/6158 2434/2434/6158 2416/2416/6158
f 2416/2416/6159 2434/2434/6159 2435/2435/6159
f 2416/2416/6160 2435/2435/6160 2418/2418/6160
f 2418/2418/6161 2435/2435/6161 2436/2436/6161
f 2418/2418/6162 2436/2436/6162 2420/2420/6162
f 2420/2420/6163 2436/2436/6163 2437/2437/6163
f 2420/2420/6164 2437/2437/6164 2422/2422/6164
f 2422/2422/6165 2437/2437/6165 2438/2438/6165
f 2422/2422/6166 2438/2438/6166 2424/2424/6166
f 2424/2424/6167 2438/2438/6167 2410/2410/6167
f 2424/2424/6168 2410/2410/6168 2426/2426/6168
f 2426/2426/6169 2410/2410/6169 2409/2409/6169
f 2426/2426/6170 2409/2409/6170 2428/2428/6170
f 2439/2439/6171 693/693/6171 2440/2440/6171
f 2440/2440/6172 693/693/1069 2441/2441/6173
f 2440/2440/6174 2441/2441/6174 2442/2442/6174
f 2442/2442/6175 2441/2441/6175 2443/2443/6175
f 2442/2442/6176 2443/2443/6176 2444/2444/6176
f 2444/2444/6177 2443/2443/6177 2445/2445/6177
f 2444/2444/6178 2445/2445/6178 2446/2446/6178
f 2446/2446/6179 2445/2445/6179 2447/2447/6179
f 2446/2446/6180 2447/2447/6180 2448/2448/6180
f 2448/2448/6181 2447/2447/6181 2449/2449/6181
f 2448/2448/6182 2449/2449/6182 2450/2450/6182
f 2450/2450/6183 2449/2449/6183 2451/2451/6183
f 2450/2450/6184 2451/2451/6184 2452/2452/6184
f 2452/2452/6185 2451/2451/6185 2453/2453/6185
f 2452/2452/6186 2453/2453/6186 2454/2454/6186
f 2454/2454/6187 2453/2453/6187 2455/2455/6187
f 2454/2454/6188 2455/2455/6188 2456/2456/6188
f 2456/2456/6189 2455/2455/6189 2457/2457/6189
f 2456/2456/6190 2457/2457/6190 2458/2458/6190
f 2458/2458/6191 2457/2457/6191 2459/2459/6191
f 2458/2458/6192 2459/2459/6192 2460/2460/6192
f 2461/2461/6193 2462/2462/6193 2463/2463/6193
f 2463/2463/6194 2462/2462/6194 2464/2464/6194
f 2463/2463/6195 2464/2464/6195 2465/2465/6195
f 2465/2465/6196 2464/2464/6196 2466/2466/6196
f 2465/2465/6197 2466/2466/6197 2467/2467/6197
f 2467/2467/6198 2466/2466/6198 2468/2468/6198
f 2467/2467/6199 2468/2468/6199 2469/2469/6199
f 2469/2469/6200 2468/2468/6200 2470/2470/6200
f 2469/2469/6201 2470/2470/6201 2471/2471/6201
f 2471/2471/6202 2470/2470/6202 2472/2472/6202
f 2471/2471/6203 2472/2472/6203 2473/2473/6203
f 2473/2473/6204 2472/2472/6204 2474/2474/6204
f 2473/2473/6205 2474/2474/6205 2475/2475/6205
f 2475/2475/6206 2474/2474/6206 2476/2476/6206
f 2475/2475/6207 2476/2476/6207 2477/2477/6207
f 2477/2477/6208 2476/2476/6209 2478/2478/6210
f 2477/2477/6208 2478/2478/6210 2479/2479/6211
f 2479/2479/6212 2478/2478/6213 2480/2480/6214
f 2479/2479/6212 2480/2480/6214 2481/2481/6215
f 2439/2439/6216 2440/2440/6217 2461/2461/6218
f 2461/2461/6218 2440/2440/6217 2442/2442/6219
f 2461/2461/6218 2442/2442/6219 2462/2462/6220
f 2462/2462/6221 2442/2442/6221 2444/2444/6221
f 2462/2462/6222 2444/2444/6222 2464/2464/6222
f 2464/2464/6223 2444/2444/6223 2446/2446/6223
f 2464/2464/6224 2446/2446/6224 2466/2466/6224
f 2466/2466/6225 2446/2446/6225 2448/2448/6225
f 2466/2466/6226 2448/2448/6226 2468/2468/6226
f 2468/2468/6227 2448/2448/6227 2450/2450/6227
f 2468/2468/6228 2450/2450/6228 2470/2470/6228
f 2470/2470/6229 2450/2450/6229 2452/2452/6229
f 2470/2470/6230 2452/2452/6230 2472/2472/6230
f 2472/2472/6231 2452/2452/6231 2454/2454/6231
f 2472/2472/6232 2454/2454/6232 2474/2474/6232
f 2474/2474/6233 2454/2454/6233 2456/2456/6233
f 2474/2474/6234 2456/2456/6234 2476/2476/6234
f 2476/2476/6235 2456/2456/6235 2458/2458/6235
f 2476/2476/6236 2458/2458/6236 2478/2478/6236
f 2478/2478/6237 2458/2458/6238 2460/2460/6239
f 2478/2478/6237 2460/2460/6239 2480/2480/6240
f 693/693/1069 692/692/1068 2441/2441/6173
f 2441/2441/6241 692/692/6241 2413/2413/6241
f 2441/2441/6242 2413/2413/6242 2443/2443/6242
f 2443/2443/6243 2413/2413/6243 2415/2415/6243
f 2443/2443/6244 2415/2415/6244 2445/2445/6244
f 2445/2445/6245 2415/2415/6245 2417/2417/6245
f 2445/2445/6246 2417/2417/6246 2447/2447/6246
f 2447/2447/6247 2417/2417/6247 2419/2419/6247
f 2447/2447/6248 2419/2419/6248 2449/2449/6248
f 2449/2449/6249 2419/2419/6249 2421/2421/6249
f 2449/2449/6250 2421/2421/6250 2451/2451/6250
f 2451/2451/6251 2421/2421/6251 2423/2423/6251
f 2451/2451/6252 2423/2423/6252 2453/2453/6252
f 2453/2453/6253 2423/2423/6253 2425/2425/6253
f 2453/2453/6254 2425/2425/6254 2455/2455/6254
f 2455/2455/6255 2425/2425/6255 2427/2427/6255
f 2455/2455/6256 2427/2427/6256 2457/2457/6256
f 2457/2457/6257 2427/2427/6257 2429/2429/6257
f 2457/2457/6258 2429/2429/6258 2459/2459/6258
f 2482/2482/6259 2483/2483/6259 2484/2484/6259
f 2484/2484/6260 2483/2483/6261 2485/2485/6262
f 2484/2484/6260 2485/2485/6262 2486/2486/6263
f 2486/2486/6264 2485/2485/6265 2487/2487/6266
f 2486/2486/6264 2487/2487/6266 2488/2488/6267
f 2488/2488/6268 2487/2487/6269 2489/2489/6270
f 2488/2488/6268 2489/2489/6270 2490/2490/6271
f 2490/2490/6272 2489/2489/6273 2491/2491/6274
f 2490/2490/6272 2491/2491/6274 2492/2492/6275
f 2493/2493/6276 2494/2494/6276 2495/2495/6276
f 2495/2495/6277 2494/2494/6278 2496/2496/6279
f 2495/2495/6277 2496/2496/6279 2497/2497/6280
f 2497/2497/6281 2496/2496/6282 2498/2498/6283
f 2497/2497/6281 2498/2498/6283 2499/2499/6284
f 2499/2499/6285 2498/2498/6286 2500/2500/6287
f 2499/2499/6285 2500/2500/6287 2501/2501/6288
f 2501/2501/6289 2500/2500/6290 2502/2502/6291
f 2501/2501/6289 2502/2502/6291 2503/2503/6292
f 2503/2503/6293 2502/2502/6294 2504/2504/6295
f 2503/2503/6293 2504/2504/6295 2505/2505/6296
f 2505/2505/6297 2504/2504/6298 2506/2506/6299
f 2505/2505/6297 2506/2506/6299 2507/2507/6300
f 696/696/6301 2508/2508/6301 694/694/6301
f 694/694/6302 2508/2508/6302 2509/2509/6302
f 694/694/6303 2509/2509/6303 2510/2510/6303
f 2510/2510/6304 2509/2509/6304 2511/2511/6304
f 2510/2510/6305 2511/2511/6305 2493/2493/6305
f 2493/2493/6306 2511/2511/6306 2512/2512/6306
f 2493/2493/6307 2512/2512/6307 2494/2494/6307
f 2494/2494/6308 2512/2512/6308 2482/2482/6308
f 2494/2494/6309 2482/2482/6309 2496/2496/6309
f 2496/2496/6310 2482/2482/6311 2484/2484/6312
f 2496/2496/6310 2484/2484/6312 2498/2498/6313
f 2498/2498/6314 2484/2484/6315 2486/2486/6316
f 2498/2498/6314 2486/2486/6316 2500/2500/6317
f 2500/2500/6318 2486/2486/6319 2488/2488/6320
f 2500/2500/6318 2488/2488/6320 2502/2502/6321
f 2502/2502/6322 2488/2488/6323 2490/2490/6324
f 2502/2502/6322 2490/2490/6324 2504/2504/6325
f 2504/2504/6326 2490/2490/6327 2492/2492/6328
f 2504/2504/6326 2492/2492/6328 2506/2506/6329
f 2513/2513/6330 2514/2514/6330 2515/2515/6330
f 2515/2515/6331 2514/2514/6332 2516/2516/6333
f 2515/2515/6331 2516/2516/6333 2517/2517/6334
f 2517/2517/6335 2516/2516/6336 2518/2518/6337
f 2517/2517/6335 2518/2518/6337 2519/2519/6338
f 2519/2519/6339 2518/2518/6340 2520/2520/6341
f 2519/2519/6339 2520/2520/6341 2521/2521/6342
f 2521/2521/6343 2520/2520/6344 2522/2522/6345
f 2521/2521/6343 2522/2522/6345 2523/2523/6346
f 2523/2523/6347 2522/2522/6348 2524/2524/6349
f 2523/2523/6347 2524/2524/6349 2525/2525/6350
f 2525/2525/6351 2524/2524/6352 2526/2526/6353
f 2525/2525/6351 2526/2526/6353 2527/2527/6354
f 2527/2527/6355 2526/2526/6356 2528/2528/6357
f 2527/2527/6355 2528/2528/6357 2529/2529/6358
f 2530/2530/6359 2531/2531/6359 2532/2532/6359
f 2532/2532/6360 2531/2531/6361 2533/2533/6362
f 2532/2532/6360 2533/2533/6362 2534/2534/6363
f 2534/2534/6364 2533/2533/6365 2535/2535/6366
f 2534/2534/6364 2535/2535/6366 2536/2536/6367
f 2536/2536/6368 2535/2535/6369 2537/2537/6370
f 2536/2536/6368 2537/2537/6370 2538/2538/6371
f 2538/2538/6372 2537/2537/6373 2539/2539/6374
f 2538/2538/6372 2539/2539/6374 2540/2540/6375
f 2540/2540/6376 2539/2539/6377 2541/2541/6378
f 2540/2540/6376 2541/2541/6378 2542/2542/6379
f 2542/2542/6380 2541/2541/6381 2543/2543/6382
f 2542/2542/6380 2543/2543/6382 2544/2544/6383
f 2544/2544/6384 2543/2543/6385 2545/2545/6386
f 2544/2544/6384 2545/2545/6386 2546/2546/6387
f 2546/2546/6388 2545/2545/6389 2547/2547/6390
f 2546/2546/6388 2547/2547/6390 2548/2548/6391
f 2548/2548/6392 2547/2547/6393 2549/2549/6394
f 2548/2548/6392 2549/2549/6394 2550/2550/6395
f 915/915/6396 881/881/6396 916/916/6396
f 916/916/6397 881/881/6397 882/882/6397
f 916/916/6398 882/882/6398 917/917/6398
f 917/917/6399 882/882/6399 883/883/6399
f 917/917/6400 883/883/6400 918/918/6400
f 918/918/6401 883/883/6401 884/884/6401
f 918/918/6402 884/884/6403 919/919/6404
f 919/919/6404 884/884/6403 885/885/6405
f 919/919/6406 885/885/6406 920/920/6406
f 920/920/6407 885/885/6407 875/875/6407
f 920/920/6408 875/875/6408 2551/2551/6408
f 2551/2551/6409 875/875/6409 874/874/6409
f 2551/2551/6410 874/874/6410 2552/2552/6410
f 2552/2552/6411 874/874/6411 2553/2553/6411
f 2552/2552/6412 2553/2553/6412 2554/2554/6412
f 2554/2554/6413 2553/2553/6413 2555/2555/6413
f 2554/2554/6414 2555/2555/6414 2556/2556/6414
f 2556/2556/6415 2555/2555/6415 2557/2557/6415
f 2556/2556/6416 2557/2557/6416 2530/2530/6416
f 2530/2530/6417 2557/2557/6417 2558/2558/6417
f 2530/2530/6418 2558/2558/6418 2531/2531/6418
f 2531/2531/6419 2558/2558/6420 2513/2513/6421
f 2531/2531/6419 2513/2513/6421 2533/2533/6422
f 2533/2533/6423 2513/2513/6424 2515/2515/6425
f 2533/2533/6423 2515/2515/6425 2535/2535/6426
f 2535/2535/6427 2515/2515/6428 2517/2517/6429
f 2535/2535/6427 2517/2517/6429 2537/2537/6430
f 2537/2537/6431 2517/2517/6432 2519/2519/6433
f 2537/2537/6431 2519/2519/6433 2539/2539/6434
f 2539/2539/6435 2519/2519/6436 2521/2521/6437
f 2539/2539/6435 2521/2521/6437 2541/2541/6438
f 2541/2541/6439 2521/2521/6440 2523/2523/6441
f 2541/2541/6439 2523/2523/6441 2543/2543/6442
f 2543/2543/6443 2523/2523/6444 2525/2525/6445
f 2543/2543/6443 2525/2525/6445 2545/2545/6446
f 2545/2545/6447 2525/2525/6448 2527/2527/6449
f 2545/2545/6447 2527/2527/6449 2547/2547/6450
f 2547/2547/6451 2527/2527/6452 2529/2529/6453
f 2547/2547/6451 2529/2529/6453 2549/2549/6454
f 87/87/6455 86/86/6455 897/897/6455
f 897/897/6456 86/86/6456 872/872/6456
f 897/897/6457 872/872/6457 896/896/6457
f 896/896/6458 872/872/6458 871/871/6458
f 896/896/6459 871/871/6459 915/915/6459
f 915/915/6460 871/871/6460 870/870/6460
f 915/915/6461 870/870/6461 881/881/6461
f 881/881/6462 870/870/6462 869/869/6462
f 881/881/6463 869/869/6463 876/876/6463
f 876/876/6464 869/869/6464 868/868/6464
f 876/876/6465 868/868/6465 877/877/6465
f 877/877/6466 868/868/6466 867/867/6466
f 877/877/6467 867/867/6467 873/873/6467
f 873/873/6468 867/867/6468 866/866/6468
f 873/873/6469 866/866/6469 874/874/6469
f 874/874/6470 866/866/6470 710/710/6470
f 874/874/6471 710/710/6471 2553/2553/6471
f 2553/2553/6472 710/710/6472 702/702/6472
f 2553/2553/6473 702/702/6473 2555/2555/6473
f 2555/2555/6474 702/702/6474 695/695/6474
f 2555/2555/6475 695/695/6475 2557/2557/6475
f 2557/2557/6476 695/695/6476 694/694/6476
f 2557/2557/6477 694/694/6477 2558/2558/6477
f 2558/2558/6478 694/694/6478 2510/2510/6478
f 2558/2558/6479 2510/2510/6479 2513/2513/6479
f 2513/2513/6480 2510/2510/6480 2493/2493/6480
f 2513/2513/6481 2493/2493/6481 2514/2514/6481
f 2514/2514/6482 2493/2493/6483 2495/2495/6484
f 2514/2514/6482 2495/2495/6484 2516/2516/6485
f 2516/2516/6486 2495/2495/6487 2497/2497/6488
f 2516/2516/6486 2497/2497/6488 2518/2518/6489
f 2518/2518/6490 2497/2497/6491 2499/2499/6492
f 2518/2518/6490 2499/2499/6492 2520/2520/6493
f 2520/2520/6494 2499/2499/6495 2501/2501/6496
f 2520/2520/6494 2501/2501/6496 2522/2522/6497
f 2522/2522/6498 2501/2501/6499 2503/2503/6500
f 2522/2522/6498 2503/2503/6500 2524/2524/6501
f 2524/2524/6502 2503/2503/6503 2505/2505/6504
f 2524/2524/6502 2505/2505/6504 2526/2526/6505
f 2526/2526/6506 2505/2505/6507 2507/2507/6508
f 2526/2526/6506 2507/2507/6508 2528/2528/6509
f 2408/2408/6510 2410/2410/6510 2559/2559/6510
f 2559/2559/6511 2410/2410/6511 2438/2438/6511
f 2559/2559/6512 2438/2438/6512 2560/2560/6512
f 2560/2560/6513 2438/2438/6513 2437/2437/6513
f 2560/2560/6514 2437/2437/6514 2561/2561/6514
f 2561/2561/6515 2437/2437/6515 2436/2436/6515
f 2561/2561/6516 2436/2436/6516 2562/2562/6516
f 2562/2562/6517 2436/2436/6517 2435/2435/6517
f 2562/2562/6518 2435/2435/6518 2563/2563/6518
f 2563/2563/6519 2435/2435/6519 2434/2434/6519
f 2563/2563/6520 2434/2434/6520 2564/2564/6520
f 2564/2564/6521 2434/2434/6521 2433/2433/6521
f 2564/2564/6522 2433/2433/6522 2565/2565/6522
f 2565/2565/6523 2433/2433/6523 2432/2432/6523
f 2565/2565/6524 2432/2432/6524 2566/2566/6524
f 2566/2566/6525 2432/2432/6525 2431/2431/6525
f 2566/2566/6526 2431/2431/6526 2567/2567/6526
f 2567/2567/6527 2431/2431/6527 2430/2430/6527
f 2567/2567/6528 2430/2430/6529 687/687/6530
f 687/687/6531 2430/2430/6531 689/689/6531
f 687/687/1061 689/689/6532 688/688/1062
f 688/688/6533 689/689/1063 691/691/1065
f 688/688/1098 691/691/6534 705/705/1099
f 705/705/6535 691/691/6535 693/693/6535
f 705/705/1104 693/693/6536 699/699/1105
f 699/699/1105 693/693/6536 2439/2439/6537
f 699/699/6538 2439/2439/6539 698/698/6540
f 698/698/6540 2439/2439/6539 2461/2461/6541
f 698/698/6542 2461/2461/6542 696/696/6542
f 696/696/6542 2461/2461/6542 2463/2463/6542
f 696/696/6543 2463/2463/6543 2508/2508/6543
f 2508/2508/6544 2463/2463/6544 2465/2465/6544
f 2508/2508/6545 2465/2465/6545 2509/2509/6545
f 2509/2509/6546 2465/2465/6546 2467/2467/6546
f 2509/2509/6547 2467/2467/6547 2511/2511/6547
f 2511/2511/6548 2467/2467/6548 2469/2469/6548
f 2511/2511/6549 2469/2469/6549 2512/2512/6549
f 2512/2512/6550 2469/2469/6550 2471/2471/6550
f 2512/2512/6551 2471/2471/6551 2482/2482/6551
f 2482/2482/6552 2471/2471/6552 2473/2473/6552
f 2482/2482/6553 2473/2473/6553 2483/2483/6553
f 2483/2483/6554 2473/2473/6554 2475/2475/6554
f 2483/2483/6555 2475/2475/6555 2485/2485/6555
f 2485/2485/6556 2475/2475/6557 2477/2477/6558
f 2485/2485/6556 2477/2477/6558 2487/2487/6559
f 2487/2487/6560 2477/2477/6561 2479/2479/6562
f 2487/2487/6560 2479/2479/6562 2489/2489/6563
f 2489/2489/6564 2479/2479/6565 2481/2481/6566
f 2489/2489/6564 2481/2481/6566 2491/2491/6567
f 466/466/6568 467/467/6568 768/768/6568
f 768/768/6569 467/467/6569 495/495/6569
f 768/768/6570 495/495/6570 737/737/6570
f 737/737/6571 495/495/6571 103/103/6571
f 737/737/6572 103/103/6572 736/736/6572
f 736/736/6573 103/103/6573 105/105/6573
f 736/736/6574 105/105/6574 735/735/6574
f 735/735/6575 105/105/6575 505/505/6575
f 735/735/6576 505/505/6576 865/865/6576
f 865/865/6577 505/505/6577 514/514/6577
f 865/865/6578 514/514/6578 840/840/6578
f 840/840/6579 514/514/6579 670/670/6579
f 840/840/1370 670/670/6580 817/817/1371
f 817/817/6581 670/670/987 669/669/986
f 817/817/1312 669/669/6582 805/805/1313
f 805/805/6583 669/669/983 668/668/982
f 805/805/1289 668/668/6584 784/784/1290
f 784/784/6585 668/668/979 667/667/978
f 784/784/6586 667/667/6586 785/785/6586
f 785/785/6587 667/667/6587 666/666/6587
f 785/785/6588 666/666/6588 662/662/6588
f 662/662/6589 666/666/6589 665/665/6589
f 662/662/6590 665/665/6590 663/663/6590
f 663/663/6591 665/665/6591 652/652/6591
f 663/663/6592 652/652/6592 647/647/6592
f 647/647/6593 652/652/6593 623/623/6593
f 647/647/6594 623/623/6594 648/648/6594
f 648/648/6595 623/623/6595 622/622/6595
f 648/648/6596 622/622/6596 650/650/6596
f 650/650/6597 622/622/6597 678/678/6597
f 650/650/6598 678/678/6598 92/92/6598
f 92/92/6599 678/678/6599 677/677/6599
f 92/92/6600 677/677/6600 91/91/6600
f 91/91/6601 677/677/6601 676/676/6601
f 91/91/6602 676/676/6602 681/681/6602
f 681/681/6603 676/676/6603 675/675/6603
f 681/681/6604 675/675/6604 682/682/6604
f 682/682/6605 675/675/6605 674/674/6605
f 682/682/6606 674/674/6606 684/684/6606
f 684/684/6607 674/674/6607 673/673/6607
f 684/684/6608 673/673/6608 686/686/6608
f 686/686/6609 673/673/6609 672/672/6609
f 686/686/6610 672/672/6610 687/687/6610
f 687/687/6611 672/672/6611 671/671/6611
f 687/687/6530 671/671/6612 2567/2567/6528
f 2567/2567/6613 671/671/6613 603/603/6613
f 2567/2567/6614 603/603/6614 2566/2566/6614
f 2566/2566/6615 603/603/6615 589/589/6615
f 2566/2566/6616 589/589/6616 2565/2565/6616
f 2565/2565/6617 589/589/6617 574/574/6617
f 2565/2565/6618 574/574/6618 2564/2564/6618
f 2564/2564/6619 574/574/6619 543/543/6619
f 2564/2564/6620 543/543/6620 2563/2563/6620
f 2563/2563/6621 543/543/6621 542/542/6621
f 2563/2563/6622 542/542/6622 2562/2562/6622
f 2562/2562/6623 542/542/6623 2392/2392/6623
f 2562/2562/6624 2392/2392/6624 2561/2561/6624
f 2561/2561/6625 2392/2392/6625 2376/2376/6625
f 2561/2561/6626 2376/2376/6626 2560/2560/6626
f 2560/2560/6627 2376/2376/6627 2345/2345/6627
f 2560/2560/6628 2345/2345/6628 2559/2559/6628
f 2559/2559/6629 2345/2345/6629 2344/2344/6629
f 2559/2559/6630 2344/2344/6630 2408/2408/6630
f 2311/2311/6631 2550/2550/6632 2312/2312/6633
f 2312/2312/6633 2550/2550/6632 2549/2549/6634
f 2312/2312/6635 2549/2549/6636 2313/2313/6637
f 2313/2313/6637 2549/2549/6636 2529/2529/6638
f 2313/2313/6639 2529/2529/6640 2314/2314/6641
f 2314/2314/6641 2529/2529/6640 2528/2528/6642
f 2314/2314/6643 2528/2528/6644 2315/2315/6645
f 2315/2315/6645 2528/2528/6644 2507/2507/6646
f 2315/2315/6647 2507/2507/6648 2316/2316/6649
f 2316/2316/6649 2507/2507/6648 2506/2506/6650
f 2316/2316/6651 2506/2506/6652 2317/2317/6653
f 2317/2317/6653 2506/2506/6652 2492/2492/6654
f 2317/2317/6655 2492/2492/6656 2318/2318/6657
f 2318/2318/6657 2492/2492/6656 2491/2491/6658
f 2318/2318/6659 2491/2491/6660 2319/2319/6661
f 2319/2319/6661 2491/2491/6660 2481/2481/6662
f 2319/2319/6663 2481/2481/6664 2320/2320/6665
f 2320/2320/6665 2481/2481/6664 2480/2480/6666
f 2320/2320/6667 2480/2480/6668 2321/2321/6669
f 2321/2321/6669 2480/2480/6668 2460/2460/6670
f 2321/2321/6671 2460/2460/6671 2322/2322/6671
f 2322/2322/6672 2460/2460/6672 2459/2459/6672
f 2322/2322/6673 2459/2459/6673 2323/2323/6673
f 2323/2323/6674 2459/2459/6674 2429/2429/6674
f 2323/2323/6675 2429/2429/6675 2324/2324/6675
f 2324/2324/6676 2429/2429/6676 2428/2428/6676
f 2324/2324/6677 2428/2428/6677 2325/2325/6677
f 2325/2325/6678 2428/2428/6678 2409/2409/6678
f 2325/2325/6679 2409/2409/6679 2326/2326/6679
f 2326/2326/6680 2409/2409/6680 2408/2408/6680
f 2326/2326/6681 2408/2408/6681 2327/2327/6681
f 2327/2327/6682 2408/2408/6682 2344/2344/6682
f 2327/2327/6683 2344/2344/6683 2328/2328/6683
f 2328/2328/6684 2344/2344/6684 2346/2346/6684
f 2328/2328/6685 2346/2346/6685 2329/2329/6685
f 2329/2329/6686 2346/2346/6686 2348/2348/6686
f 2329/2329/6687 2348/2348/6687 2330/2330/6687
f 2330/2330/6688 2348/2348/6688 2350/2350/6688
f 2330/2330/6689 2350/2350/6689 2331/2331/6689
f 2331/2331/6690 2350/2350/6690 2352/2352/6690
f 2331/2331/6691 2352/2352/6691 2332/2332/6691
f 2332/2332/6692 2352/2352/6692 2354/2354/6692
f 2332/2332/6693 2354/2354/6693 2333/2333/6693
f 2333/2333/6694 2354/2354/6694 2356/2356/6694
f 2333/2333/6695 2356/2356/6695 2334/2334/6695
f 2334/2334/6696 2356/2356/6696 2358/2358/6696
f 2334/2334/6697 2358/2358/6697 2335/2335/6697
f 2335/2335/6698 2358/2358/6698 2360/2360/6698
f 2335/2335/6699 2360/2360/6699 2336/2336/6699
f 2336/2336/6700 2360/2360/6700 2362/2362/6700
f 2336/2336/6701 2362/2362/6701 2337/2337/6701
f 2337/2337/6702 2362/2362/6702 2364/2364/6702
f 2337/2337/6703 2364/2364/6703 2338/2338/6703
f 2338/2338/6704 2364/2364/6704 2366/2366/6704
f 2338/2338/5972 2366/2366/6705 2339/2339/5973
f 2339/2339/5973 2366/2366/6705 2368/2368/6706
f 2339/2339/5974 2368/2368/6010 2340/2340/5975
f 2340/2340/5975 2368/2368/6010 2370/2370/6012
f 2340/2340/5978 2370/2370/6014 2342/2342/5979
f 2342/2342/5979 2370/2370/6014 2372/2372/6016
f 2342/2342/5981 2372/2372/6018 185/185/5983
f 185/185/5983 2372/2372/6018 2374/2374/6020
f 185/185/146 2374/2374/6707 183/183/144
f 183/183/144 2374/2374/6707 2375/2375/6708
f 183/183/144 2375/2375/6708 186/186/6709
f 186/186/6709 2375/2375/6708 2391/2391/6710
f 186/186/6709 2391/2391/6710 2246/2246/6711
f 2246/2246/6712 2391/2391/6713 2407/2407/6714
f 2246/2246/6712 2407/2407/6714 2244/2244/6715
f 2244/2244/6716 2407/2407/6717 572/572/6718
f 2244/2244/6716 572/572/6718 2242/2242/6719
f 2242/2242/6720 572/572/6721 573/573/6722
f 2242/2242/6720 573/573/6722 2240/2240/6723
f 2240/2240/6724 573/573/6725 99/99/6726
f 2240/2240/6724 99/99/6726 2238/2238/6727
f 2238/2238/6728 99/99/6729 98/98/6730
f 2238/2238/6728 98/98/6730 2236/2236/6731
f 2236/2236/6732 98/98/6733 539/539/6734
f 2236/2236/6732 539/539/6734 2234/2234/6735
f 2234/2234/6736 539/539/6737 615/615/6738
f 2234/2234/6736 615/615/6738 2232/2232/6739
f 2232/2232/6740 615/615/6741 616/616/6742
f 2232/2232/6740 616/616/6742 2230/2230/6743
f 2230/2230/6744 616/616/6745 617/617/6746
f 2230/2230/6744 617/617/6746 2228/2228/6747
f 2228/2228/6748 617/617/6749 626/626/6750
f 2228/2228/6748 626/626/6750 418/418/6751
f 418/418/6752 626/626/886 109/109/888
f 418/418/6753 109/109/6753 419/419/6753
f 419/419/6754 109/109/6755 108/108/6756
f 419/419/6754 108/108/6756 2226/2226/6757
f 2226/2226/6758 108/108/476 409/409/475
f 2226/2226/5693 409/409/6759 2193/2193/5694
f 2193/2193/6760 409/409/448 390/390/447
f 2193/2193/5521 390/390/6761 2194/2194/5522
f 2194/2194/6762 390/390/6762 110/110/6762
f 2194/2194/6763 110/110/6764 385/385/6765
f 385/385/6765 110/110/6764 112/112/6766
f 385/385/6767 112/112/6767 371/371/6767
f 371/371/6768 112/112/6768 370/370/6768
f 371/371/6769 370/370/6769 363/363/6769
f 363/363/6770 370/370/6770 366/366/6770
f 363/363/6771 366/366/6771 115/115/6771
f 115/115/6772 366/366/6772 203/203/6772
f 115/115/6773 203/203/6774 113/113/6775
f 113/113/6775 203/203/6774 204/204/6776
f 113/113/6777 204/204/6777 200/200/6777
f 1072/1072/1939 1071/1071/6778 1074/1074/1937
f 1074/1074/6779 1071/1071/4843 2005/2005/4842
f 1074/1074/2523 2005/2005/6780 1354/1354/2524
f 1354/1354/6781 2005/2005/4922 49/49/4921
f 1354/1354/2529 49/49/6782 1356/1356/2530
f 1356/1356/6783 49/49/2496 1338/1338/2498
f 1356/1356/2535 1338/1338/6784 1358/1358/2536
f 1358/1358/6785 1338/1338/2500 1339/1339/2502
f 1358/1358/2541 1339/1339/6786 1360/1360/2542
f 1360/1360/6787 1339/1339/6787 1340/1340/6787
f 1360/1360/6788 1340/1340/6788 1362/1362/6788
f 1362/1362/6789 1340/1340/6789 1341/1341/6789
f 1362/1362/6790 1341/1341/6790 1364/1364/6790
f 1364/1364/6791 1341/1341/6791 1343/1343/6791
f 1364/1364/6792 1343/1343/6792 1366/1366/6792
f 1366/1366/6793 1343/1343/6793 1345/1345/6793
f 1366/1366/6794 1345/1345/6794 1368/1368/6794
f 1368/1368/6795 1345/1345/6795 1347/1347/6795
f 1368/1368/6796 1347/1347/6796 1370/1370/6796
f 1370/1370/6797 1347/1347/6797 1349/1349/6797
f 1370/1370/6798 1349/1349/6798 1372/1372/6798
f 1372/1372/6799 1349/1349/6799 1351/1351/6799
f 1372/1372/6800 1351/1351/6800 1373/1373/6800
f 1373/1373/6801 1351/1351/2518 1353/1353/2520
f 1373/1373/6802 1353/1353/6802 1555/1555/6802
f 1555/1555/6803 1353/1353/6803 1417/1417/6803
f 1555/1555/6804 1417/1417/6804 1557/1557/6804
f 1557/1557/6805 1417/1417/6805 1415/1415/6805
f 1557/1557/6806 1415/1415/6806 1559/1559/6806
f 1559/1559/6807 1415/1415/6807 1413/1413/6807
f 1559/1559/6808 1413/1413/6808 1561/1561/6808
f 1561/1561/6809 1413/1413/6809 1411/1411/6809
f 1561/1561/6810 1411/1411/6810 1563/1563/6810
f 1563/1563/6811 1411/1411/6811 1409/1409/6811
f 1563/1563/6812 1409/1409/6812 1565/1565/6812
f 1565/1565/6813 1409/1409/6813 1408/1408/6813
f 1565/1565/6814 1408/1408/6814 1566/1566/6814
f 1566/1566/6815 1408/1408/6815 1576/1576/6815
f 1566/1566/6816 1576/1576/6816 1573/1573/6816
f 1573/1573/6817 1576/1576/6817 1575/1575/6817
f 1573/1573/3231 1575/1575/6818 28/28/3232
f 28/28/6819 1575/1575/3180 1597/1597/3179
f 28/28/34 1597/1597/6820 26/26/32
f 1436/1436/3286 2568/2568/6821 1600/1600/3284
f 1600/1600/6822 2568/2568/6823 2569/2569/6824
f 1600/1600/6822 2569/2569/6824 1599/1599/6825
f 1599/1599/6826 2569/2569/6827 2570/2570/6828
f 1599/1599/6826 2570/2570/6828 1598/1598/6829
f 1598/1598/6830 2570/2570/6831 2571/2571/6832
f 1598/1598/6830 2571/2571/6832 1597/1597/6833
f 1597/1597/6834 2571/2571/6835 26/26/6835
f 222/222/6836 219/219/6836 220/220/6836
f 220/220/6837 219/219/6837 427/427/6837
f 220/220/6838 427/427/6838 1436/1436/6838
f 1436/1436/6839 427/427/6839 429/429/6839
f 1436/1436/6840 429/429/6840 2568/2568/6840
f 2568/2568/6841 429/429/6842 440/440/6843
f 2568/2568/6841 440/440/6843 2569/2569/6844
f 2569/2569/6845 440/440/6846 444/444/6847
f 2569/2569/6845 444/444/6847 2570/2570/6848
f 2570/2570/6849 444/444/526 442/442/525
f 2570/2570/6850 442/442/6850 2571/2571/6850
f 2571/2571/6835 442/442/6851 26/26/6835
f 150/150/6852 215/215/6852 151/151/6852
f 151/151/6853 215/215/6853 214/214/6853
f 151/151/6854 214/214/6854 1236/1236/6854
f 1236/1236/6855 214/214/6855 460/460/6855
f 1236/1236/6856 460/460/6856 1237/1237/6856
f 1237/1237/6857 460/460/6857 458/458/6857
f 1237/1237/6858 458/458/6858 1238/1238/6858
f 1238/1238/6859 458/458/6859 456/456/6859
f 1238/1238/6860 456/456/6860 1239/1239/6860
f 1239/1239/6861 456/456/6861 454/454/6861
f 1239/1239/6862 454/454/6862 1240/1240/6862
f 1240/1240/6863 454/454/6863 452/452/6863
f 1240/1240/6864 452/452/6864 1241/1241/6864
f 1241/1241/6865 452/452/6865 450/450/6865
f 1241/1241/6866 450/450/6866 1242/1242/6866
f 1242/1242/6867 450/450/6867 449/449/6867
f 1242/1242/6868 449/449/6868 1243/1243/6868
f 1243/1243/6869 449/449/6869 466/466/6869
f 1243/1243/6870 466/466/6870 1244/1244/6870
f 1244/1244/6871 466/466/6871 769/769/6871
f 1244/1244/6872 769/769/6872 1245/1245/6872
f 1245/1245/6873 769/769/6873 770/770/6873
f 1245/1245/6874 770/770/6874 1246/1246/6874
f 1246/1246/6875 770/770/6875 771/771/6875
f 1246/1246/6876 771/771/6876 1247/1247/6876
f 1247/1247/6877 771/771/6877 772/772/6877
f 1247/1247/6878 772/772/6878 1248/1248/6878
f 1248/1248/6879 772/772/6880 773/773/6881
f 1248/1248/6879 773/773/6881 1249/1249/6882
f 1249/1249/6883 773/773/6884 774/774/6885
f 1249/1249/6883 774/774/6885 1250/1250/6886
f 1250/1250/6887 774/774/6888 775/775/6889
f 1250/1250/6887 775/775/6889 1251/1251/6890
f 1251/1251/6891 775/775/6891 776/776/6892
f 1251/1251/6891 776/776/6892 1252/1252/6893
f 1252/1252/6894 776/776/6895 777/777/6896
f 1252/1252/6894 777/777/6896 1253/1253/6897
f 1253/1253/6898 777/777/6899 778/778/6900
f 1253/1253/6898 778/778/6900 1254/1254/6901
f 1254/1254/6902 778/778/6903 779/779/6904
f 1254/1254/6902 779/779/6904 1255/1255/6905
f 1255/1255/6906 779/779/6907 780/780/6908
f 1255/1255/6906 780/780/6908 1256/1256/6909
f 1256/1256/6910 780/780/6911 88/88/6912
f 1256/1256/6910 88/88/6912 1257/1257/6913
f 1257/1257/6914 88/88/6915 87/87/6916
f 1257/1257/6914 87/87/6916 1258/1258/6917
f 1258/1258/6918 87/87/6919 898/898/6920
f 1258/1258/6918 898/898/6920 1259/1259/6921
f 1259/1259/6922 898/898/6923 899/899/6924
f 1259/1259/6922 899/899/6924 1260/1260/6925
f 1260/1260/6926 899/899/6927 900/900/6928
f 1260/1260/6926 900/900/6928 1261/1261/6929
f 1261/1261/6930 900/900/6931 901/901/6932
f 1261/1261/6930 901/901/6932 1262/1262/6933
f 1262/1262/6934 901/901/6934 902/902/6934
f 1262/1262/6935 902/902/6935 1263/1263/6935
f 1263/1263/6936 902/902/1549 887/887/1551
f 1263/1263/6937 887/887/6938 1231/1231/6939
f 1231/1231/6939 887/887/6938 886/886/6940
f 1231/1231/2199 886/886/6941 1159/1159/2200
f 1159/1159/6942 886/886/6943 920/920/6944
f 1159/1159/6942 920/920/6944 1160/1160/6945
f 1160/1160/6946 920/920/6947 2551/2551/6948
f 1160/1160/6946 2551/2551/6948 1161/1161/6949
f 1161/1161/6950 2551/2551/6951 2552/2552/6952
f 1161/1161/6950 2552/2552/6952 1162/1162/6953
f 1162/1162/6954 2552/2552/6955 2554/2554/6956
f 1162/1162/6954 2554/2554/6956 1163/1163/6957
f 1163/1163/6958 2554/2554/6959 2556/2556/6960
f 1163/1163/6958 2556/2556/6960 1164/1164/6961
f 1164/1164/6962 2556/2556/6963 2530/2530/6964
f 1164/1164/6962 2530/2530/6964 1165/1165/6965
f 1165/1165/6966 2530/2530/6966 2532/2532/6966
f 1165/1165/6967 2532/2532/6967 1692/1692/6967
f 1692/1692/6968 2532/2532/6969 2534/2534/6970
f 1692/1692/6968 2534/2534/6970 1690/1690/6971
f 1690/1690/6972 2534/2534/6973 2536/2536/6974
f 1690/1690/6972 2536/2536/6974 1688/1688/6975
f 1688/1688/6976 2536/2536/6977 2538/2538/6978
f 1688/1688/6976 2538/2538/6978 1686/1686/6979
f 1686/1686/6980 2538/2538/6981 2540/2540/6982
f 1686/1686/6980 2540/2540/6982 1684/1684/6983
f 1684/1684/6984 2540/2540/6985 2542/2542/6986
f 1684/1684/6984 2542/2542/6986 1682/1682/6987
f 1682/1682/6988 2542/2542/6989 2544/2544/6990
f 1682/1682/6988 2544/2544/6990 1680/1680/6991
f 1680/1680/6992 2544/2544/6993 2546/2546/6994
f 1680/1680/6992 2546/2546/6994 1678/1678/6995
f 1678/1678/6996 2546/2546/6997 2548/2548/6998
f 1678/1678/6996 2548/2548/6998 1676/1676/6999
f 1676/1676/7000 2548/2548/7001 2550/2550/7002
f 1676/1676/7000 2550/2550/7002 1712/1712/7003
f 1712/1712/7004 2550/2550/7005 2311/2311/7006
f 1712/1712/7004 2311/2311/7006 1713/1713/7004
f 1713/1713/7007 2311/2311/7008 2280/2280/7009
f 1713/1713/7007 2280/2280/7009 8/8/7010
f 8/8/7011 2280/2280/7012 2250/2250/7013
f 8/8/7011 2250/2250/7013 9/9/7014
f 9/9/7015 2250/2250/7016 2164/2164/7017
f 9/9/7015 2164/2164/7017 11/11/7018
f 11/11/7019 2164/2164/7020 2137/2137/7021
f 11/11/7019 2137/2137/7021 13/13/7022
f 13/13/7023 2137/2137/7023 2114/2114/7024
f 13/13/7023 2114/2114/7024 15/15/7025
f 15/15/7026 2114/2114/7026 2091/2091/7027
f 15/15/7026 2091/2091/7027 17/17/7028
f 17/17/7029 2091/2091/7030 2067/2067/7031
f 17/17/7029 2067/2067/7031 19/19/7032
f 19/19/7033 2067/2067/7033 2046/2046/7033
f 19/19/7033 2046/2046/7033 21/21/7033
f 21/21/7034 2046/2046/7034 2030/2030/7035
f 21/21/7034 2030/2030/7035 23/23/7036
f 23/23/7037 2030/2030/7037 344/344/7038
f 23/23/7037 344/344/7038 25/25/7038
f 25/25/7039 344/344/7039 343/343/7039
f 25/25/7040 343/343/7040 1838/1838/7040
f 1838/1838/7041 343/343/7041 2572/2572/7041
f 1838/1838/7042 2572/2572/7042 1755/1755/7042
f 1755/1755/7043 2572/2572/7043 342/342/7043
f 1755/1755/7044 342/342/7044 1756/1756/7044
f 1756/1756/7045 342/342/7045 341/341/7045
f 1756/1756/3850 341/341/7046 1758/1758/3851
f 1758/1758/3303 341/341/3304 1604/1604/3303
f 1758/1758/3856 1604/1604/7047 1760/1760/3857
f 1760/1760/7048 1604/1604/3337 1612/1612/3337
f 1760/1760/3862 1612/1612/7049 1762/1762/3863
f 1762/1762/7050 1612/1612/3380 1622/1622/3379
f 1762/1762/3868 1622/1622/7051 1764/1764/3869
f 1764/1764/7052 1622/1622/3429 1634/1634/3428
f 1764/1764/3874 1634/1634/7053 1766/1766/3875
f 1766/1766/7054 1634/1634/3484 1647/1647/3483
f 1766/1766/3880 1647/1647/7055 1768/1768/3881
f 1768/1768/7056 1647/1647/3541 1661/1661/3540
f 1768/1768/3886 1661/1661/7057 1770/1770/3887
f 1770/1770/7058 1661/1661/3598 1675/1675/3597
f 1770/1770/3892 1675/1675/7059 1772/1772/3893
f 1772/1772/7060 1675/1675/4414 1896/1896/4413
f 1772/1772/3898 1896/1896/7061 1774/1774/3899
f 1774/1774/7062 1896/1896/4472 1911/1911/4471
f 1774/1774/3904 1911/1911/7063 1776/1776/3905
f 1776/1776/7064 1911/1911/4528 1926/1926/4527
f 1776/1776/3910 1926/1926/7065 1778/1778/3911
f 1778/1778/7066 1926/1926/4575 1942/1942/4574
f 1778/1778/7067 1942/1942/7067 1780/1780/7067
f 1780/1780/7068 1942/1942/7068 1973/1973/7068
f 1780/1780/7069 1973/1973/7069 1943/1943/7069
f 1943/1943/7070 1973/1973/7070 2004/2004/7070
f 1943/1943/7071 2004/2004/7071 1944/1944/7071
f 1944/1944/7072 2004/2004/7072 2003/2003/7072
f 1944/1944/7073 2003/2003/7073 73/73/7073
f 73/73/7074 2003/2003/7074 1008/1008/7074
f 73/73/7075 1008/1008/7075 72/72/7075
f 72/72/7076 1008/1008/7076 1010/1010/7076
f 72/72/7077 1010/1010/7077 1000/1000/7077
f 1000/1000/7078 1010/1010/7078 1012/1012/7078
f 1000/1000/7079 1012/1012/7079 1002/1002/7079
f 1002/1002/7080 1012/1012/7080 1014/1014/7080
f 1002/1002/7081 1014/1014/7081 1004/1004/7081
f 1004/1004/7082 1014/1014/7082 1016/1016/7082
f 1004/1004/7083 1016/1016/7083 1006/1006/7083
f 1006/1006/7084 1016/1016/7084 1018/1018/7084
f 1006/1006/7085 1018/1018/7085 61/61/7085
f 61/61/7086 1018/1018/7086 1020/1020/7086
f 61/61/7087 1020/1020/7087 59/59/7087
f 59/59/7088 1020/1020/7088 1022/1022/7088
f 59/59/7089 1022/1022/7089 1337/1337/7089
f 1337/1337/7090 1022/1022/7091 1023/1023/7092
f 1337/1337/7090 1023/1023/7092 1336/1336/7093
f 1336/1336/7094 1023/1023/7094 1038/1038/7094
f 1336/1336/7095 1038/1038/7095 1374/1374/7095
f 1374/1374/7096 1038/1038/7096 1039/1039/7096
f 1374/1374/7097 1039/1039/7098 1108/1108/7099
f 1108/1108/7099 1039/1039/7098 58/58/7100
f 1108/1108/1992 58/58/7101 1097/1097/1990
f 1097/1097/7102 58/58/7103 57/57/7104
f 1097/1097/7102 57/57/7104 1098/1098/7105
f 1098/1098/7106 57/57/7107 1040/1040/7108
f 1098/1098/7106 1040/1040/7108 1543/1543/7109
f 1543/1543/7110 1040/1040/7111 1044/1044/7112
f 1543/1543/7110 1044/1044/7112 1077/1077/7113
f 1077/1077/7114 1044/1044/7115 962/962/7116
f 1077/1077/7114 962/962/7116 1075/1075/7117
f 1075/1075/7118 962/962/7119 961/961/7120
f 1075/1075/7118 961/961/7120 1072/1072/7121
f 1072/1072/7122 961/961/7123 937/937/7124
f 1072/1072/7122 937/937/7124 1073/1073/7125
f 1073/1073/7126 937/937/7127 936/936/7128
f 1073/1073/7126 936/936/7128 2015/2015/7129
f 2015/2015/7130 936/936/7131 1975/1975/7132
f 2015/2015/7130 1975/1975/7132 2016/2016/7133
f 2016/2016/7134 1975/1975/7135 1974/1974/7136
f 2016/2016/7134 1974/1974/7136 2017/2017/7137
f 2017/2017/7138 1974/1974/7139 1957/1957/7140
f 2017/2017/7138 1957/1957/7140 262/262/7141
f 262/262/7141 1957/1957/7140 266/266/7142
f 262/262/230 266/266/7143 263/263/231
f 263/263/231 266/266/7143 265/265/7144
f 263/263/7145 265/265/7145 264/264/7145
